{
  "type": "FeatureCollection",
  "name": "svt_skjutning",
  "crs": {
    "type": "name",
    "properties": {
      "name": "urn:ogc:def:crs:OGC:1.3:CRS84"
    }
  },
  "features": [
    {
      "type": "Feature",
      "properties": {
        "index": 7,
        "brottsdatum": "2018-01-08",
        "doda": 1,
        "skadade": 0,
        "status": null,
        "region": "Stockholm",
        "polisomrade": "Nord",
        "deso": "0180C6160",
        "regso": "Rinkeby",
        "regsokod": "0180R076",
        "ts": 1515369600000,
        "uid": "da2880d191",
        "month": "01",
        "year": "2018",
        "link": "https://www.svt.se/nyheter/lokalt/stockholm/misstankt-skottlossning",
        "source": "polis",
        "geo": true,
        "tatort": "Stockholm",
        "stadsdel": "Rinkeby ",
        "distrikt": "Spånga",
        "plats": "Rinkeby, Stockholm"
      },
      "geometry": {
        "type": "Point",
        "coordinates": [
          17.930100664935974,
          59.390007689378336
        ]
      }
    },
    {
      "type": "Feature",
      "properties": {
        "index": 8,
        "brottsdatum": "2018-01-09",
        "doda": 1,
        "skadade": 0,
        "status": null,
        "region": "Väst",
        "polisomrade": "Halland",
        "deso": "1380A0020",
        "regso": "Eldsberga-Simlångsdalen-Skedala",
        "regsokod": "1380R006",
        "ts": 1515456000000,
        "uid": "f0f60589b6",
        "month": "01",
        "year": "2018",
        "link": "https://www.svt.se/nyheter/lokalt/halland/atal-vacks-for-misstankta-mordet-i-marback",
        "source": "polis",
        "geo": true,
        "tatort": null,
        "stadsdel": null,
        "distrikt": "Snöstorp",
        "plats": "Snöstorp, Halmstad"
      },
      "geometry": {
        "type": "Point",
        "coordinates": [
          13.047910941355378,
          56.709037582528715
        ]
      }
    },
    {
      "type": "Feature",
      "properties": {
        "index": 10,
        "brottsdatum": "2018-01-12",
        "doda": 1,
        "skadade": 1,
        "status": null,
        "region": "Syd",
        "polisomrade": "PONV",
        "deso": "1283C1210",
        "regso": "Närlunda-Elineberg",
        "regsokod": "1283R017",
        "ts": 1515715200000,
        "uid": "eb8252b5df",
        "month": "01",
        "year": "2018",
        "link": "https://www.svt.se/nyheter/lokalt/helsingborg/tva-skottskadade-personer-hittade-pa-narlunda",
        "source": "polis",
        "geo": true,
        "tatort": "Helsingborg",
        "stadsdel": "Närlunda",
        "distrikt": "Helsingborgs Gustav Adolf",
        "plats": "Närlunda, Helsingborg"
      },
      "geometry": {
        "type": "Point",
        "coordinates": [
          12.717701417890614,
          56.03478035211767
        ]
      }
    },
    {
      "type": "Feature",
      "properties": {
        "index": 14,
        "brottsdatum": "2018-01-14",
        "doda": 1,
        "skadade": 0,
        "status": null,
        "region": "Syd",
        "polisomrade": "POMA",
        "deso": "1280C1590",
        "regso": "RegSO-Ärtholmen-Södertorp-Gröndal",
        "regsokod": "1280R085",
        "ts": 1515888000000,
        "uid": "8d1e81f65e",
        "month": "01",
        "year": "2018",
        "link": "https://www.svt.se/nyheter/lokalt/skane/person-hittad-skjuten-i-malmo",
        "source": "polis",
        "geo": true,
        "tatort": "Malmö",
        "stadsdel": "Gröndal",
        "distrikt": "Eriksfält",
        "plats": "Gröndal, Malmö"
      },
      "geometry": {
        "type": "Point",
        "coordinates": [
          12.999776085599816,
          55.576834446627366
        ]
      }
    },
    {
      "type": "Feature",
      "properties": {
        "index": 15,
        "brottsdatum": "2018-01-15",
        "doda": 1,
        "skadade": 0,
        "status": null,
        "region": "Stockholm",
        "polisomrade": "Nord",
        "deso": "0183C1220",
        "regso": "Rissne",
        "regsokod": "0183R007",
        "ts": 1515974400000,
        "uid": "0e6ce5cca1",
        "month": "01",
        "year": "2018",
        "link": "https://www.svt.se/nyheter/lokalt/stockholm/en-person-skjuten-i-stockholm-1",
        "source": "polis",
        "geo": true,
        "tatort": "Stockholm",
        "stadsdel": "Rissne",
        "distrikt": "Sundbyberg",
        "plats": "Rissne, Sundbyberg"
      },
      "geometry": {
        "type": "Point",
        "coordinates": [
          17.939476155927768,
          59.375922299371965
        ]
      }
    },
    {
      "type": "Feature",
      "properties": {
        "index": 23,
        "brottsdatum": "2018-01-30",
        "doda": 1,
        "skadade": 0,
        "status": null,
        "region": "Väst",
        "polisomrade": "Storgöteborg",
        "deso": "1480C1360",
        "regso": "Högsbo-Flatås östra",
        "regsokod": "1480R052",
        "ts": 1517270400000,
        "uid": "4f0118a6a9",
        "month": "01",
        "year": "2018",
        "link": null,
        "source": "polis",
        "geo": true,
        "tatort": "Göteborg",
        "stadsdel": "Högsbo",
        "distrikt": "Högsbo",
        "plats": "Högsbo, Göteborg"
      },
      "geometry": {
        "type": "Point",
        "coordinates": [
          11.943685451073087,
          57.66567938771993
        ]
      }
    },
    {
      "type": "Feature",
      "properties": {
        "index": 24,
        "brottsdatum": "2018-02-02",
        "doda": 1,
        "skadade": 0,
        "status": null,
        "region": "Syd",
        "polisomrade": "POMA",
        "deso": "1280C1290",
        "regso": "RegSO-Gullviksborg-Hermodsdal syd",
        "regsokod": "1280R024",
        "ts": 1517529600000,
        "uid": "de541bff21",
        "month": "02",
        "year": "2018",
        "link": "https://www.aftonbladet.se/nyheter/a/ngWA8o/man-ihjalskjuten-med-flera-skott-i-malmo--tva-man-gripna",
        "source": "polis",
        "geo": true,
        "tatort": "Malmö",
        "stadsdel": "Hermodsdal",
        "distrikt": "Fosie",
        "plats": "Hermodsdal, Malmö"
      },
      "geometry": {
        "type": "Point",
        "coordinates": [
          13.01938572286082,
          55.56546915673128
        ]
      }
    },
    {
      "type": "Feature",
      "properties": {
        "index": 34,
        "brottsdatum": "2018-02-26",
        "doda": 1,
        "skadade": 0,
        "status": null,
        "region": "Mitt",
        "polisomrade": "Gävleborg",
        "deso": "2181C1070",
        "regso": "Sandviken centrum",
        "regsokod": "2181R003",
        "ts": 1519603200000,
        "uid": "5e55007a92",
        "month": "02",
        "year": "2018",
        "link": "https://www.svt.se/nyheter/lokalt/gavleborg/stor-polisinsats-i-centrala-sandviken-utreder-grovt-brott",
        "source": "polis",
        "geo": true,
        "tatort": "Sandviken",
        "stadsdel": "Nya Bruket",
        "distrikt": "Sandviken",
        "plats": "Nya Bruket, Sandviken"
      },
      "geometry": {
        "type": "Point",
        "coordinates": [
          16.766701206911836,
          60.614957433299814
        ]
      }
    },
    {
      "type": "Feature",
      "properties": {
        "index": 65,
        "brottsdatum": "2018-04-14",
        "doda": 1,
        "skadade": 0,
        "status": null,
        "region": "Syd",
        "polisomrade": "Ponv",
        "deso": "1283C1090",
        "regso": "Högasten-Miatorp östra",
        "regsokod": "1283R011",
        "ts": 1523664000000,
        "uid": "951302b99c",
        "month": "04",
        "year": "2018",
        "link": "https://www.svt.se/nyheter/lokalt/helsingborg/en-skadad-efter-misstankt-skottlossning-i-helsingborg",
        "source": "polis",
        "geo": true,
        "tatort": "Helsingborg",
        "stadsdel": "Miatorp",
        "distrikt": "Raus",
        "plats": "Miatorp, Helsingborg"
      },
      "geometry": {
        "type": "Point",
        "coordinates": [
          12.725013800184493,
          56.019636601780036
        ]
      }
    },
    {
      "type": "Feature",
      "properties": {
        "index": 84,
        "brottsdatum": "2018-05-05",
        "doda": 1,
        "skadade": 0,
        "status": null,
        "region": "Väst",
        "polisomrade": "Storgöteborg",
        "deso": "1480C3240",
        "regso": "Utby",
        "regsokod": "1480R143",
        "ts": 1525478400000,
        "uid": "88353046c6",
        "month": "05",
        "year": "2018",
        "link": "https://www.aftonbladet.se/nyheter/a/bKbMg3/kvinna-skjuten-i-goteborg--dog-av-sina-skador",
        "source": "polis",
        "geo": true,
        "tatort": "Göteborg",
        "stadsdel": "Utby",
        "distrikt": "Nylöse",
        "plats": "Utby, Göteborg"
      },
      "geometry": {
        "type": "Point",
        "coordinates": [
          12.063352934535065,
          57.74131478686283
        ]
      }
    },
    {
      "type": "Feature",
      "properties": {
        "index": 93,
        "brottsdatum": "2018-05-19",
        "doda": 1,
        "skadade": 0,
        "status": null,
        "region": "Syd",
        "polisomrade": "POMA",
        "deso": "1280C1310",
        "regso": "RegSO-Hyllievång norr",
        "regsokod": "1280R032",
        "ts": 1526688000000,
        "uid": "2d03c62ec0",
        "month": "05",
        "year": "2018",
        "link": "https://omni.se/man-skjuten-i-bil-i-malmo-polisen-utreder-mord/a/7lwBxW",
        "source": "polis",
        "geo": true,
        "tatort": "Malmö",
        "stadsdel": "Kroksbäck",
        "distrikt": "Hyllie",
        "plats": "Kroksbäck, Malmö"
      },
      "geometry": {
        "type": "Point",
        "coordinates": [
          12.974117807644378,
          55.57250400244761
        ]
      }
    },
    {
      "type": "Feature",
      "properties": {
        "index": 94,
        "brottsdatum": "2018-05-20",
        "doda": 1,
        "skadade": 0,
        "status": null,
        "region": "Väst",
        "polisomrade": "Storgöteborg",
        "deso": "1480C1600",
        "regso": "Guldheden södra",
        "regsokod": "1480R038",
        "ts": 1526774400000,
        "uid": "5cc8dccfff",
        "month": "05",
        "year": "2018",
        "link": "https://www.svt.se/nyheter/lokalt/vast/misstankt-skottlossning-i-guldheden",
        "source": "polis",
        "geo": true,
        "tatort": "Göteborg",
        "stadsdel": "Guldheden",
        "distrikt": "Annedal",
        "plats": "Guldheden, Göteborg"
      },
      "geometry": {
        "type": "Point",
        "coordinates": [
          11.970943210989164,
          57.6807160704996
        ]
      }
    },
    {
      "type": "Feature",
      "properties": {
        "index": 102,
        "brottsdatum": "2018-05-28",
        "doda": 1,
        "skadade": 0,
        "status": null,
        "region": "Väst",
        "polisomrade": "Halland",
        "deso": "1315A0020",
        "regso": "Drängsered-Kinnared-Brännögård",
        "regsokod": "1315R001",
        "ts": 1527465600000,
        "uid": "8b56d0452c",
        "month": "05",
        "year": "2018",
        "link": "https://www.svt.se/nyheter/lokalt/halland/man-uppges-vara-skjuten-i-hylte-kommun",
        "source": "polis",
        "geo": true,
        "tatort": null,
        "stadsdel": null,
        "distrikt": "Torup",
        "plats": "Torup, Hylte"
      },
      "geometry": {
        "type": "Point",
        "coordinates": [
          13.112888780284136,
          56.94456537432967
        ]
      }
    },
    {
      "type": "Feature",
      "properties": {
        "index": 103,
        "brottsdatum": "2018-05-28",
        "doda": 1,
        "skadade": 0,
        "status": null,
        "region": "Syd",
        "polisomrade": "POMA",
        "deso": "1280C1480",
        "regso": "RegSO-Holma-Kroksbäck",
        "regsokod": "1280R031",
        "ts": 1527465600000,
        "uid": "69a922218d",
        "month": "05",
        "year": "2018",
        "link": "https://www.svt.se/nyheter/lokalt/skane/en-skadad-efter-skottlossning-i-malmo",
        "source": "polis",
        "geo": true,
        "tatort": "Malmö",
        "stadsdel": "Kroksbäck",
        "distrikt": "Hyllie",
        "plats": "Kroksbäck, Malmö"
      },
      "geometry": {
        "type": "Point",
        "coordinates": [
          12.976091729238941,
          55.57464809081019
        ]
      }
    },
    {
      "type": "Feature",
      "properties": {
        "index": 115,
        "brottsdatum": "2018-06-05",
        "doda": 1,
        "skadade": 0,
        "status": null,
        "region": "Stockholm",
        "polisomrade": "City",
        "deso": "0186C1100",
        "regso": "Baggeby-Bodal-Larsberg",
        "regsokod": "0186R001",
        "ts": 1528156800000,
        "uid": "62874db7fa",
        "month": "06",
        "year": "2018",
        "link": "https://www.svt.se/nyheter/lokalt/stockholm/lidingobron-avsparrad-av-polis",
        "source": "polis",
        "geo": true,
        "tatort": "Lidingö",
        "stadsdel": "Baggeby",
        "distrikt": "Lidingö",
        "plats": "Baggeby, Lidingö"
      },
      "geometry": {
        "type": "Point",
        "coordinates": [
          18.131197679587974,
          59.35438333532284
        ]
      }
    },
    {
      "type": "Feature",
      "properties": {
        "index": 116,
        "brottsdatum": "2018-06-05",
        "doda": 1,
        "skadade": 0,
        "status": null,
        "region": "Stockholm",
        "polisomrade": "Nord",
        "deso": "0123C1140",
        "regso": "Barkarbystaden norra",
        "regsokod": "0123R003",
        "ts": 1528156800000,
        "uid": "52824488f1",
        "month": "06",
        "year": "2018",
        "link": "https://www.aftonbladet.se/nyheter/a/wEmBaG/dodsskjutning-utanfor-ica-maxi-i-barkarby-skot-in-i-bil",
        "source": "polis",
        "geo": true,
        "tatort": null,
        "stadsdel": "Barkarby",
        "distrikt": "Barkarby",
        "plats": "Barkarby, Järfälla"
      },
      "geometry": {
        "type": "Point",
        "coordinates": [
          17.864436,
          59.413681
        ]
      }
    },
    {
      "type": "Feature",
      "properties": {
        "index": 121,
        "brottsdatum": "2018-06-08",
        "doda": 1,
        "skadade": 0,
        "status": null,
        "region": "Stockholm",
        "polisomrade": "City",
        "deso": "0180C5140",
        "regso": "Norra Johannes",
        "regsokod": "0180R068",
        "ts": 1528416000000,
        "uid": "0849cc0ed3",
        "month": "06",
        "year": "2018",
        "link": null,
        "source": "polis",
        "geo": true,
        "tatort": "Stockholm",
        "stadsdel": "Vasastaden ",
        "distrikt": "Stockholms Sankt Johannes",
        "plats": "Vasastaden, Stockholm"
      },
      "geometry": {
        "type": "Point",
        "coordinates": [
          18.059982270825024,
          59.34529166564035
        ]
      }
    },
    {
      "type": "Feature",
      "properties": {
        "index": 124,
        "brottsdatum": "2018-06-13",
        "doda": 1,
        "skadade": 0,
        "status": null,
        "region": "Stockholm",
        "polisomrade": "Nord",
        "deso": "0180C5670",
        "regso": "Hässelby Gård",
        "regsokod": "0180R039",
        "ts": 1528848000000,
        "uid": "eb02de9740",
        "month": "06",
        "year": "2018",
        "link": "https://www.svt.se/nyheter/lokalt/stockholm/skottlossning-i-hasselby-2",
        "source": "polis",
        "geo": true,
        "tatort": "Stockholm",
        "stadsdel": "Hässelby Gård ",
        "distrikt": "Hässelby",
        "plats": "Hässelby Gård, Stockholm"
      },
      "geometry": {
        "type": "Point",
        "coordinates": [
          17.84527073725191,
          59.36543269681401
        ]
      }
    },
    {
      "type": "Feature",
      "properties": {
        "index": 125,
        "brottsdatum": "2018-06-18",
        "doda": 3,
        "skadade": 3,
        "status": null,
        "region": "Syd",
        "polisomrade": "POMA",
        "deso": "1280C2720",
        "regso": "RegSO-Rörsjöstaden",
        "regsokod": "1280R061",
        "ts": 1529280000000,
        "uid": "f37f04cafd",
        "month": "06",
        "year": "2018",
        "link": "https://www.svt.se/nyheter/lokalt/skane/skottlossning-i-centrala-malmo-3",
        "source": "polis",
        "geo": true,
        "tatort": "Malmö",
        "stadsdel": "Rörsjöstaden",
        "distrikt": "Malmö Sankt Pauli",
        "plats": "Rörsjöstaden, Malmö"
      },
      "geometry": {
        "type": "Point",
        "coordinates": [
          13.018935498506286,
          55.6059055938365
        ]
      }
    },
    {
      "type": "Feature",
      "properties": {
        "index": 128,
        "brottsdatum": "2018-06-21",
        "doda": 1,
        "skadade": 0,
        "status": null,
        "region": "Syd",
        "polisomrade": "POMA",
        "deso": "1280C1210",
        "regso": "RegSO-Lindängen",
        "regsokod": "1280R045",
        "ts": 1529539200000,
        "uid": "6ef218e311",
        "month": "06",
        "year": "2018",
        "link": "https://www.svt.se/nyheter/lokalt/skane/en-skadad-i-skottlossning-i-malmo",
        "source": "polis",
        "geo": true,
        "tatort": "Malmö",
        "stadsdel": "Lindängen",
        "distrikt": "Fosie",
        "plats": "Lindängen, Malmö"
      },
      "geometry": {
        "type": "Point",
        "coordinates": [
          13.011779858928042,
          55.55905471022445
        ]
      }
    },
    {
      "type": "Feature",
      "properties": {
        "index": 141,
        "brottsdatum": "2018-07-03",
        "doda": 1,
        "skadade": 1,
        "status": null,
        "region": "Syd",
        "polisomrade": "POMA",
        "deso": "1280C1470",
        "regso": "RegSO-Nydala norr",
        "regsokod": "1280R053",
        "ts": 1530576000000,
        "uid": "29a4016a54",
        "month": "07",
        "year": "2018",
        "link": "https://www.svt.se/nyheter/lokalt/skane/ny-skottlosssning-pa-nydala",
        "source": "polis",
        "geo": true,
        "tatort": "Malmö",
        "stadsdel": "Nydala",
        "distrikt": "Fosie",
        "plats": "Nydala, Malmö"
      },
      "geometry": {
        "type": "Point",
        "coordinates": [
          13.017348544227927,
          55.574423728432976
        ]
      }
    },
    {
      "type": "Feature",
      "properties": {
        "index": 144,
        "brottsdatum": "2018-07-03",
        "doda": 2,
        "skadade": 1,
        "status": null,
        "region": "Bergslagen",
        "polisomrade": "Örebro",
        "deso": "1880C1630",
        "regso": "Vivalla",
        "regsokod": "1880R029",
        "ts": 1530576000000,
        "uid": "2f881147bd",
        "month": "07",
        "year": "2018",
        "link": "https://www.svt.se/nyheter/lokalt/orebro/dubbelmordet-i-vivalla-detta-har-hant",
        "source": "polis",
        "geo": true,
        "tatort": "Örebro",
        "stadsdel": "Vivalla",
        "distrikt": "Örebro Mikael",
        "plats": "Vivalla, Örebro"
      },
      "geometry": {
        "type": "Point",
        "coordinates": [
          15.186123924560912,
          59.30024453320994
        ]
      }
    },
    {
      "type": "Feature",
      "properties": {
        "index": 145,
        "brottsdatum": "2018-07-04",
        "doda": 1,
        "skadade": 0,
        "status": null,
        "region": "Väst",
        "polisomrade": "Fyrbodal",
        "deso": "1487C1150",
        "regso": "Hagaparken-Holmängen",
        "regsokod": "1487R007",
        "ts": 1530662400000,
        "uid": "9900c1036d",
        "month": "07",
        "year": "2018",
        "link": null,
        "source": "polis",
        "geo": true,
        "tatort": "Vänersborg",
        "stadsdel": null,
        "distrikt": "Vänersborg",
        "plats": "Vänersborg"
      },
      "geometry": {
        "type": "Point",
        "coordinates": [
          12.34620992759421,
          58.37389886703886
        ]
      }
    },
    {
      "type": "Feature",
      "properties": {
        "index": 147,
        "brottsdatum": "2018-07-05",
        "doda": 1,
        "skadade": 0,
        "status": null,
        "region": "Väst",
        "polisomrade": "Skaraborg",
        "deso": "1473A0010",
        "regso": "Töreboda södra-Moholm",
        "regsokod": "1473R006",
        "ts": 1530748800000,
        "uid": "cc8b310a9e",
        "month": "07",
        "year": "2018",
        "link": null,
        "source": "polis",
        "geo": true,
        "tatort": null,
        "stadsdel": null,
        "distrikt": "Hjälstad",
        "plats": "Hjälstad, Töreboda"
      },
      "geometry": {
        "type": "Point",
        "coordinates": [
          14.031078167049154,
          58.606111300439075
        ]
      }
    },
    {
      "type": "Feature",
      "properties": {
        "index": 158,
        "brottsdatum": "2018-07-16",
        "doda": 1,
        "skadade": 0,
        "status": null,
        "region": "Syd",
        "polisomrade": "POMA",
        "deso": "1280C1880",
        "regso": "RegSO-Örtagården syd-Herrgården syd",
        "regsokod": "1280R088",
        "ts": 1531699200000,
        "uid": "ca09594f40",
        "month": "07",
        "year": "2018",
        "link": null,
        "source": "polis",
        "geo": true,
        "tatort": "Malmö",
        "stadsdel": "Rosengård Centrum",
        "distrikt": "Västra Skrävlinge",
        "plats": "Rosengård Centrum, Malmö"
      },
      "geometry": {
        "type": "Point",
        "coordinates": [
          13.04534084855405,
          55.58472195416592
        ]
      }
    },
    {
      "type": "Feature",
      "properties": {
        "index": 172,
        "brottsdatum": "2018-07-28",
        "doda": 1,
        "skadade": 0,
        "status": null,
        "region": "Bergslagen",
        "polisomrade": "Mora",
        "deso": "2031A0010",
        "regso": "Rättvik södra omland",
        "regsokod": "2031R006",
        "ts": 1532736000000,
        "uid": "1c3501cf7e",
        "month": "07",
        "year": "2018",
        "link": null,
        "source": "polis",
        "geo": true,
        "tatort": "Boda",
        "stadsdel": null,
        "distrikt": "Boda",
        "plats": "Boda, Rättvik"
      },
      "geometry": {
        "type": "Point",
        "coordinates": [
          15.216359317274685,
          61.005326843298974
        ]
      }
    },
    {
      "type": "Feature",
      "properties": {
        "index": 197,
        "brottsdatum": "2018-08-24",
        "doda": 1,
        "skadade": 0,
        "status": null,
        "region": "Öst",
        "polisomrade": "Södermanland",
        "deso": "0484C1430",
        "regso": "Skiftinge-Ärsta-Sal",
        "regsokod": "0484R018",
        "ts": 1535068800000,
        "uid": "ad5c560710",
        "month": "08",
        "year": "2018",
        "link": null,
        "source": "polis",
        "geo": true,
        "tatort": "Eskilstuna",
        "stadsdel": "Sal",
        "distrikt": "Eskilstuna Kloster",
        "plats": "Sal, Eskilstuna"
      },
      "geometry": {
        "type": "Point",
        "coordinates": [
          16.52843321565357,
          59.394700098557024
        ]
      }
    },
    {
      "type": "Feature",
      "properties": {
        "index": 205,
        "brottsdatum": "2018-09-04",
        "doda": 1,
        "skadade": 0,
        "status": null,
        "region": "Syd",
        "polisomrade": "POMA",
        "deso": "1280C1290",
        "regso": "RegSO-Gullviksborg-Hermodsdal syd",
        "regsokod": "1280R024",
        "ts": 1536019200000,
        "uid": "dae3792068",
        "month": "09",
        "year": "2018",
        "link": null,
        "source": "polis",
        "geo": true,
        "tatort": "Malmö",
        "stadsdel": "Hermodsdal",
        "distrikt": "Fosie",
        "plats": "Hermodsdal, Malmö"
      },
      "geometry": {
        "type": "Point",
        "coordinates": [
          13.019416051635847,
          55.565544912682675
        ]
      }
    },
    {
      "type": "Feature",
      "properties": {
        "index": 230,
        "brottsdatum": "2018-09-20",
        "doda": 1,
        "skadade": 0,
        "status": null,
        "region": "Väst",
        "polisomrade": "Storgöteborg",
        "deso": "1480C3050",
        "regso": "Norra Biskopsgården",
        "regsokod": "1480R107",
        "ts": 1537401600000,
        "uid": "2fbdc5603f",
        "month": "09",
        "year": "2018",
        "link": null,
        "source": "polis",
        "geo": true,
        "tatort": "Göteborg",
        "stadsdel": "Norra Biskopsgården",
        "distrikt": "Biskopsgården",
        "plats": "Norra Biskopsgården, Göteborg"
      },
      "geometry": {
        "type": "Point",
        "coordinates": [
          11.8880897806556,
          57.72724024950281
        ]
      }
    },
    {
      "type": "Feature",
      "properties": {
        "index": 231,
        "brottsdatum": "2018-09-21",
        "doda": 1,
        "skadade": 0,
        "status": null,
        "region": "Stockholm",
        "polisomrade": "Syd",
        "deso": "0180C1080",
        "regso": "Farsta",
        "regsokod": "0180R021",
        "ts": 1537488000000,
        "uid": "6562d7d304",
        "month": "09",
        "year": "2018",
        "link": null,
        "source": "polis",
        "geo": true,
        "tatort": "Stockholm",
        "stadsdel": "Farsta ",
        "distrikt": "Farsta",
        "plats": "Farsta, Stockholm"
      },
      "geometry": {
        "type": "Point",
        "coordinates": [
          18.094732898904564,
          59.24382185965061
        ]
      }
    },
    {
      "type": "Feature",
      "properties": {
        "index": 252,
        "brottsdatum": "2018-10-15",
        "doda": 1,
        "skadade": 0,
        "status": null,
        "region": "ÖST",
        "polisomrade": "Södermanland",
        "deso": "0484C1240",
        "regso": "Eskilstuna öster",
        "regsokod": "0484R004",
        "ts": 1539561600000,
        "uid": "c0d038391a",
        "month": "10",
        "year": "2018",
        "link": null,
        "source": "polis",
        "geo": true,
        "tatort": "Eskilstuna",
        "stadsdel": "Öster",
        "distrikt": "Eskilstuna Kloster",
        "plats": "Öster, Eskilstuna"
      },
      "geometry": {
        "type": "Point",
        "coordinates": [
          16.529182414165394,
          59.372237194917886
        ]
      }
    },
    {
      "type": "Feature",
      "properties": {
        "index": 255,
        "brottsdatum": "2018-10-21",
        "doda": 1,
        "skadade": 0,
        "status": null,
        "region": "Stockholm",
        "polisomrade": "Syd",
        "deso": "0126C1580",
        "regso": "Segeltorp",
        "regsokod": "0126R011",
        "ts": 1540080000000,
        "uid": "827b89f0c9",
        "month": "10",
        "year": "2018",
        "link": null,
        "source": "polis",
        "geo": true,
        "tatort": "Stockholm",
        "stadsdel": "Smista-Juringe",
        "distrikt": "Huddinge Sankt Mikael",
        "plats": "Smista-Juringe, Huddinge"
      },
      "geometry": {
        "type": "Point",
        "coordinates": [
          17.941632051898555,
          59.27882627012295
        ]
      }
    },
    {
      "type": "Feature",
      "properties": {
        "index": 265,
        "brottsdatum": "2018-11-02",
        "doda": 1,
        "skadade": 1,
        "status": null,
        "region": "Mitt",
        "polisomrade": "Uppsala",
        "deso": "0380C2090",
        "regso": "Norra Luthagen-Börjetull-Husbyborg",
        "regsokod": "0380R019",
        "ts": 1541116800000,
        "uid": "6fca2a3e04",
        "month": "11",
        "year": "2018",
        "link": null,
        "source": "polis",
        "geo": true,
        "tatort": null,
        "stadsdel": "Librobäck-Husbyborg",
        "distrikt": "Uppsala Helga Trefaldighet",
        "plats": "Librobäck-Husbyborg, Uppsala"
      },
      "geometry": {
        "type": "Point",
        "coordinates": [
          17.572706644063075,
          59.87421229771857
        ]
      }
    },
    {
      "type": "Feature",
      "properties": {
        "index": 277,
        "brottsdatum": "2018-11-08",
        "doda": 1,
        "skadade": 0,
        "status": null,
        "region": "Mitt",
        "polisomrade": "Uppsala",
        "deso": "0380C2080",
        "regso": "Löten",
        "regsokod": "0380R013",
        "ts": 1541635200000,
        "uid": "269fd69237",
        "month": "11",
        "year": "2018",
        "link": null,
        "source": "polis",
        "geo": true,
        "tatort": "Uppsala",
        "stadsdel": "Löten",
        "distrikt": "Gamla Uppsala",
        "plats": "Löten, Uppsala"
      },
      "geometry": {
        "type": "Point",
        "coordinates": [
          17.645857128121158,
          59.87725476733006
        ]
      }
    },
    {
      "type": "Feature",
      "properties": {
        "index": 287,
        "brottsdatum": "2018-11-12",
        "doda": 2,
        "skadade": 0,
        "status": null,
        "region": "Stockholm",
        "polisomrade": "Nord",
        "deso": "0183C1170",
        "regso": "Hallonbergen Västra",
        "regsokod": "0183R004",
        "ts": 1541980800000,
        "uid": "2f9b3fcf37",
        "month": "11",
        "year": "2018",
        "link": "https://www.svt.se/nyheter/lokalt/stockholm/skjutna-i-hallonbergen-har-avlidit",
        "source": "polis",
        "geo": true,
        "tatort": "Stockholm",
        "stadsdel": "Hallonbergen",
        "distrikt": "Sundbyberg",
        "plats": "Hallonbergen, Sundbyberg"
      },
      "geometry": {
        "type": "Point",
        "coordinates": [
          17.957772164977218,
          59.37576955112112
        ]
      }
    },
    {
      "type": "Feature",
      "properties": {
        "index": 288,
        "brottsdatum": "2018-11-14",
        "doda": 1,
        "skadade": 0,
        "status": null,
        "region": "Väst",
        "polisomrade": "Storgöteborg",
        "deso": "1480C3130",
        "regso": "Svartedalen",
        "regsokod": "1480R061",
        "ts": 1542153600000,
        "uid": "989890e0eb",
        "month": "11",
        "year": "2018",
        "link": null,
        "source": "polis",
        "geo": true,
        "tatort": "Göteborg",
        "stadsdel": "Svartedalen",
        "distrikt": "Biskopsgården",
        "plats": "Svartedalen, Göteborg"
      },
      "geometry": {
        "type": "Point",
        "coordinates": [
          11.8948729504688,
          57.72650806501976
        ]
      }
    },
    {
      "type": "Feature",
      "properties": {
        "index": 294,
        "brottsdatum": "2018-11-21",
        "doda": 1,
        "skadade": 0,
        "status": null,
        "region": "ÖST",
        "polisomrade": "Södermanland",
        "deso": "0484C1200",
        "regso": "Västra Nyfors",
        "regsokod": "0484R027",
        "ts": 1542758400000,
        "uid": "1489033447",
        "month": "11",
        "year": "2018",
        "link": null,
        "source": "polis",
        "geo": true,
        "tatort": "Eskilstuna",
        "stadsdel": "Nyfors",
        "distrikt": "Eskilstuna Fors",
        "plats": "Nyfors, Eskilstuna"
      },
      "geometry": {
        "type": "Point",
        "coordinates": [
          16.5027035938946,
          59.367870222914
        ]
      }
    },
    {
      "type": "Feature",
      "properties": {
        "index": 313,
        "brottsdatum": "2018-12-12",
        "doda": 1,
        "skadade": 0,
        "status": null,
        "region": "Syd",
        "polisomrade": "POMA",
        "deso": "1280C2200",
        "regso": "RegSO-Rådmansvången",
        "regsokod": "1280R059",
        "ts": 1544572800000,
        "uid": "2b602c9bc7",
        "month": "12",
        "year": "2018",
        "link": null,
        "source": "polis",
        "geo": true,
        "tatort": "Malmö",
        "stadsdel": "Rådmansvången",
        "distrikt": "Malmö Sankt Johannes",
        "plats": "Rådmansvången, Malmö"
      },
      "geometry": {
        "type": "Point",
        "coordinates": [
          13.005342418581044,
          55.592203951414504
        ]
      }
    },
    {
      "type": "Feature",
      "properties": {
        "index": 316,
        "brottsdatum": "2018-12-16",
        "doda": 1,
        "skadade": 0,
        "status": null,
        "region": "Stockholm",
        "polisomrade": "Syd",
        "deso": "0180C1850",
        "regso": "Gamla Enskede",
        "regsokod": "0180R025",
        "ts": 1544918400000,
        "uid": "776c3f74a7",
        "month": "12",
        "year": "2018",
        "link": null,
        "source": "polis",
        "geo": true,
        "tatort": "Stockholm",
        "stadsdel": "Gamla Enskede ",
        "distrikt": "Enskede",
        "plats": "Gamla Enskede, Stockholm"
      },
      "geometry": {
        "type": "Point",
        "coordinates": [
          18.091550488979415,
          59.28613424358066
        ]
      }
    },
    {
      "type": "Feature",
      "properties": {
        "index": 333,
        "brottsdatum": "2019-01-11",
        "doda": 1,
        "skadade": 1,
        "status": "Ärende redovisat till åklagare",
        "region": "Bergslagen",
        "polisomrade": "Borlänge",
        "deso": "2081C1200",
        "regso": "Repbäcken-Amsberg-Kvarnsveden",
        "regsokod": "2081R009",
        "ts": 1547164800000,
        "uid": "2af58ab573",
        "month": "01",
        "year": "2019",
        "link": null,
        "source": "polis",
        "geo": true,
        "tatort": "Borlänge",
        "stadsdel": "Kvarnsveden",
        "distrikt": "Stora Tuna",
        "plats": "Kvarnsveden, Borlänge"
      },
      "geometry": {
        "type": "Point",
        "coordinates": [
          15.402530100240467,
          60.5182736533021
        ]
      }
    },
    {
      "type": "Feature",
      "properties": {
        "index": 334,
        "brottsdatum": "2019-01-12",
        "doda": 1,
        "skadade": 0,
        "status": "Öppet ärende",
        "region": "Stockholm",
        "polisomrade": "Nord",
        "deso": "0180C6260",
        "regso": "Tensta",
        "regsokod": "0180R102",
        "ts": 1547251200000,
        "uid": "0a0ed4b10b",
        "month": "01",
        "year": "2019",
        "link": null,
        "source": "polis",
        "geo": true,
        "tatort": "Stockholm",
        "stadsdel": "Tensta ",
        "distrikt": "Spånga",
        "plats": "Tensta, Stockholm"
      },
      "geometry": {
        "type": "Point",
        "coordinates": [
          17.90945515268703,
          59.395465696371836
        ]
      }
    },
    {
      "type": "Feature",
      "properties": {
        "index": 337,
        "brottsdatum": "2019-01-23",
        "doda": 1,
        "skadade": 3,
        "status": "Öppet ärende",
        "region": "Nord",
        "polisomrade": "Västerbotten",
        "deso": "2480C1510",
        "regso": "Ersboda nordöstra",
        "regsokod": "2480R005",
        "ts": 1548201600000,
        "uid": "9871526125",
        "month": "01",
        "year": "2019",
        "link": null,
        "source": "polis",
        "geo": true,
        "tatort": "Umeå",
        "stadsdel": "Ersboda",
        "distrikt": "Umeå stadsdistrikt",
        "plats": "Ersboda, Umeå"
      },
      "geometry": {
        "type": "Point",
        "coordinates": [
          20.335162432278587,
          63.86291128541368
        ]
      }
    },
    {
      "type": "Feature",
      "properties": {
        "index": 345,
        "brottsdatum": "2019-01-30",
        "doda": 1,
        "skadade": 0,
        "status": "Öppet ärende",
        "region": "Stockholm",
        "polisomrade": "PO Nord",
        "deso": "0123C1220",
        "regso": "Vibblaby",
        "regsokod": "0123R023",
        "ts": 1548806400000,
        "uid": "c8fa604f38",
        "month": "01",
        "year": "2019",
        "link": null,
        "source": "polis",
        "geo": true,
        "tatort": "Stockholm",
        "stadsdel": "Jakobsberg",
        "distrikt": "Jakobsberg",
        "plats": "Jakobsberg, Järfälla"
      },
      "geometry": {
        "type": "Point",
        "coordinates": [
          17.832188667893142,
          59.41962992233487
        ]
      }
    },
    {
      "type": "Feature",
      "properties": {
        "index": 348,
        "brottsdatum": "2019-02-08",
        "doda": 1,
        "skadade": 0,
        "status": "Öppet ärende",
        "region": "Stockholm",
        "polisomrade": "Syd",
        "deso": "0127C1370",
        "regso": "Hallunda",
        "regsokod": "0127R007",
        "ts": 1549584000000,
        "uid": "1a613745f9",
        "month": "02",
        "year": "2019",
        "link": null,
        "source": "polis",
        "geo": true,
        "tatort": "Stockholm",
        "stadsdel": "Brunna Södra",
        "distrikt": "Botkyrka",
        "plats": "Brunna Södra, Botkyrka"
      },
      "geometry": {
        "type": "Point",
        "coordinates": [
          17.833268471187285,
          59.245614365772525
        ]
      }
    },
    {
      "type": "Feature",
      "properties": {
        "index": 354,
        "brottsdatum": "2019-02-16",
        "doda": 1,
        "skadade": 0,
        "status": "Öppet ärende",
        "region": "Mitt",
        "polisomrade": "Uppsala",
        "deso": "0380C1400",
        "regso": "Slavsta-Fyrislund-Danmarksby",
        "regsokod": "0380R025",
        "ts": 1550275200000,
        "uid": "e5974de5da",
        "month": "02",
        "year": "2019",
        "link": null,
        "source": "polis",
        "geo": true,
        "tatort": "Uppsala",
        "stadsdel": "Fyrislund",
        "distrikt": "Vaksala",
        "plats": "Fyrislund, Uppsala"
      },
      "geometry": {
        "type": "Point",
        "coordinates": [
          17.703352696592688,
          59.85901651729411
        ]
      }
    },
    {
      "type": "Feature",
      "properties": {
        "index": 360,
        "brottsdatum": "2019-02-21",
        "doda": 1,
        "skadade": 0,
        "status": "Ärende redovisat till åklagare",
        "region": "Mitt",
        "polisomrade": "Uppsala",
        "deso": "0330A0010",
        "regso": "Vassunda",
        "regsokod": "0330R008",
        "ts": 1550707200000,
        "uid": "21b5bb9d11",
        "month": "02",
        "year": "2019",
        "link": null,
        "source": "polis",
        "geo": true,
        "tatort": null,
        "stadsdel": null,
        "distrikt": "Knivsta",
        "plats": "Knivsta"
      },
      "geometry": {
        "type": "Point",
        "coordinates": [
          17.80513886944098,
          59.688869173381256
        ]
      }
    },
    {
      "type": "Feature",
      "properties": {
        "index": 361,
        "brottsdatum": "2019-02-21",
        "doda": 2,
        "skadade": 0,
        "status": "Öppet ärende",
        "region": "Stockholm",
        "polisomrade": "PO Nord",
        "deso": "0139B2030",
        "regso": "Centrala Bro",
        "regsokod": "0139R002",
        "ts": 1550707200000,
        "uid": "74118e026e",
        "month": "02",
        "year": "2019",
        "link": "https://www.svt.se/nyheter/lokalt/stockholm/tva-personer-anhallna-for-dubbelmord-i-upplands-bro",
        "source": "polis",
        "geo": true,
        "tatort": "Bro",
        "stadsdel": "Bro",
        "distrikt": "Bro",
        "plats": "Bro, Upplands-Bro"
      },
      "geometry": {
        "type": "Point",
        "coordinates": [
          17.637102592752647,
          59.51805643485192
        ]
      }
    },
    {
      "type": "Feature",
      "properties": {
        "index": 376,
        "brottsdatum": "2019-03-09",
        "doda": 1,
        "skadade": 0,
        "status": "Öppet ärende",
        "region": "Stockholm",
        "polisomrade": "PO Sthlm Syd",
        "deso": "0180C1870",
        "regso": "Solberga",
        "regsokod": "0180R082",
        "ts": 1552089600000,
        "uid": "6ee2def810",
        "month": "03",
        "year": "2019",
        "link": null,
        "source": "polis",
        "geo": true,
        "tatort": "Stockholm",
        "stadsdel": "Solberga ",
        "distrikt": "Brännkyrka",
        "plats": "Solberga, Stockholm"
      },
      "geometry": {
        "type": "Point",
        "coordinates": [
          18.00830153713759,
          59.278200561116684
        ]
      }
    },
    {
      "type": "Feature",
      "properties": {
        "index": 394,
        "brottsdatum": "2019-04-10",
        "doda": 2,
        "skadade": 0,
        "status": "Öppet ärende",
        "region": "Stockholm",
        "polisomrade": "Syd",
        "deso": "0180C2010",
        "regso": "Sätra",
        "regsokod": "0180R092",
        "ts": 1554854400000,
        "uid": "beadf0c496",
        "month": "04",
        "year": "2019",
        "link": "https://www.svt.se/nyheter/lokalt/stockholm/misstankt-mord-i-satra",
        "source": "polis",
        "geo": true,
        "tatort": "Stockholm",
        "stadsdel": "Sätra ",
        "distrikt": "Skärholmen",
        "plats": "Sätra, Stockholm"
      },
      "geometry": {
        "type": "Point",
        "coordinates": [
          17.922760427856243,
          59.28440158628155
        ]
      }
    },
    {
      "type": "Feature",
      "properties": {
        "index": 398,
        "brottsdatum": "2019-04-13",
        "doda": 1,
        "skadade": 0,
        "status": "Öppet ärende",
        "region": "Stockholm",
        "polisomrade": "Syd",
        "deso": "0180C1910",
        "regso": "Sätra",
        "regsokod": "0180R092",
        "ts": 1555113600000,
        "uid": "4357114c6d",
        "month": "04",
        "year": "2019",
        "link": null,
        "source": "polis",
        "geo": true,
        "tatort": "Stockholm",
        "stadsdel": "Sätra ",
        "distrikt": "Skärholmen",
        "plats": "Sätra, Stockholm"
      },
      "geometry": {
        "type": "Point",
        "coordinates": [
          17.91732736029584,
          59.28206919609774
        ]
      }
    },
    {
      "type": "Feature",
      "properties": {
        "index": 412,
        "brottsdatum": "2019-04-21",
        "doda": 2,
        "skadade": 0,
        "status": "Öppet ärende",
        "region": "SYD",
        "polisomrade": "PONV",
        "deso": "1283C1510",
        "regso": "Fredriksdal-Filborna",
        "regsokod": "1283R008",
        "ts": 1555804800000,
        "uid": "6c00598f89",
        "month": "04",
        "year": "2019",
        "link": "https://www.svt.se/nyheter/lokalt/helsingborg/poliser-i-omradet-ska-skapa-trygghet-efter-dodsskjutningen",
        "source": "polis",
        "geo": true,
        "tatort": "Helsingborg",
        "stadsdel": "Fredriksdal",
        "distrikt": "Filborna",
        "plats": "Fredriksdal, Helsingborg"
      },
      "geometry": {
        "type": "Point",
        "coordinates": [
          12.72263451792985,
          56.06003666769439
        ]
      }
    },
    {
      "type": "Feature",
      "properties": {
        "index": 413,
        "brottsdatum": "2019-04-25",
        "doda": 1,
        "skadade": 0,
        "status": "Ärende redovisat till åklagare",
        "region": "Bergslagen",
        "polisomrade": "Kristinehamn",
        "deso": "1781A0020",
        "regso": "Kristinehamn norra omland",
        "regsokod": "1781R005",
        "ts": 1556150400000,
        "uid": "bf96fd7206",
        "month": "04",
        "year": "2019",
        "link": null,
        "source": "polis",
        "geo": true,
        "tatort": null,
        "stadsdel": null,
        "distrikt": "Kristinehamn",
        "plats": "Kristinehamn"
      },
      "geometry": {
        "type": "Point",
        "coordinates": [
          14.162910680214411,
          59.280624884910644
        ]
      }
    },
    {
      "type": "Feature",
      "properties": {
        "index": 442,
        "brottsdatum": "2019-05-26",
        "doda": 1,
        "skadade": 0,
        "status": "Ärende nedlagt efter FU",
        "region": "Väst",
        "polisomrade": "Storgöteborg",
        "deso": "1480C3480",
        "regso": "Skälltorp Bäckebol",
        "regsokod": "1480R126",
        "ts": 1558828800000,
        "uid": "ecec3fbcb8",
        "month": "05",
        "year": "2019",
        "link": null,
        "source": "polis",
        "geo": true,
        "tatort": "Göteborg",
        "stadsdel": "Skälltorp",
        "distrikt": "Bäckebol",
        "plats": "Skälltorp, Göteborg"
      },
      "geometry": {
        "type": "Point",
        "coordinates": [
          11.986750700397076,
          57.75299611611127
        ]
      }
    },
    {
      "type": "Feature",
      "properties": {
        "index": 445,
        "brottsdatum": "2019-05-28",
        "doda": 1,
        "skadade": 0,
        "status": "Öppet ärende",
        "region": "Väst",
        "polisomrade": "Storgöteborg",
        "deso": "1480C3970",
        "regso": "Lövgärdet",
        "regsokod": "1480R098",
        "ts": 1559001600000,
        "uid": "a9d76a2962",
        "month": "05",
        "year": "2019",
        "link": null,
        "source": "polis",
        "geo": true,
        "tatort": "Göteborg",
        "stadsdel": "Lövgärdet",
        "distrikt": "Gunnared",
        "plats": "Lövgärdet, Göteborg"
      },
      "geometry": {
        "type": "Point",
        "coordinates": [
          12.044218024362955,
          57.810972191027425
        ]
      }
    },
    {
      "type": "Feature",
      "properties": {
        "index": 457,
        "brottsdatum": "2019-06-06",
        "doda": 1,
        "skadade": 0,
        "status": "Öppet ärende",
        "region": "Syd",
        "polisomrade": "POMA",
        "deso": "1280C2200",
        "regso": "RegSO-Rådmansvången",
        "regsokod": "1280R059",
        "ts": 1559779200000,
        "uid": "94b56b2545",
        "month": "06",
        "year": "2019",
        "link": null,
        "source": "polis",
        "geo": true,
        "tatort": "Malmö",
        "stadsdel": "Rådmansvången",
        "distrikt": "Malmö Sankt Johannes",
        "plats": "Rådmansvången, Malmö"
      },
      "geometry": {
        "type": "Point",
        "coordinates": [
          13.002125260953376,
          55.593050311566046
        ]
      }
    },
    {
      "type": "Feature",
      "properties": {
        "index": 466,
        "brottsdatum": "2019-06-10",
        "doda": 1,
        "skadade": 0,
        "status": "Öppet ärende",
        "region": "Syd",
        "polisomrade": "POMA",
        "deso": "1280C1820",
        "regso": "RegSO-Bellevuegården väst",
        "regsokod": "1280R006",
        "ts": 1560124800000,
        "uid": "408500d2a2",
        "month": "06",
        "year": "2019",
        "link": null,
        "source": "polis",
        "geo": true,
        "tatort": "Malmö",
        "stadsdel": "Bellevuegården",
        "distrikt": "Hyllie",
        "plats": "Bellevuegården, Malmö"
      },
      "geometry": {
        "type": "Point",
        "coordinates": [
          12.976857384166985,
          55.58190939046789
        ]
      }
    },
    {
      "type": "Feature",
      "properties": {
        "index": 488,
        "brottsdatum": "2019-06-30",
        "doda": 1,
        "skadade": 0,
        "status": "Ärende redovisat till åklagare",
        "region": "Stockholm",
        "polisomrade": "PO Nord",
        "deso": "0180C5180",
        "regso": "Blackeberg",
        "regsokod": "0180R009",
        "ts": 1561852800000,
        "uid": "aea3a60c23",
        "month": "06",
        "year": "2019",
        "link": null,
        "source": "polis",
        "geo": true,
        "tatort": "Stockholm",
        "stadsdel": "Blackeberg ",
        "distrikt": "Bromma",
        "plats": "Blackeberg, Stockholm"
      },
      "geometry": {
        "type": "Point",
        "coordinates": [
          17.875682492602685,
          59.35038834526238
        ]
      }
    },
    {
      "type": "Feature",
      "properties": {
        "index": 492,
        "brottsdatum": "2019-06-30",
        "doda": 1,
        "skadade": 1,
        "status": "Öppet ärende",
        "region": "Stockholm",
        "polisomrade": "PO Nord",
        "deso": "0163C1100",
        "regso": "Bagarby",
        "regsokod": "0163R001",
        "ts": 1561852800000,
        "uid": "e33b7aa961",
        "month": "06",
        "year": "2019",
        "link": null,
        "source": "polis",
        "geo": true,
        "tatort": "Sollentuna",
        "stadsdel": "Bagarby",
        "distrikt": "Sollentuna",
        "plats": "Bagarby, Sollentuna"
      },
      "geometry": {
        "type": "Point",
        "coordinates": [
          17.9437308866956,
          59.42703356319693
        ]
      }
    },
    {
      "type": "Feature",
      "properties": {
        "index": 500,
        "brottsdatum": "2019-07-08",
        "doda": 1,
        "skadade": 0,
        "status": "Ärende redovisat till åklagare",
        "region": "Bergslagen",
        "polisomrade": "Borlänge",
        "deso": "2081C1100",
        "regso": "Kupolen-Norra Backa-Hagalund-Ringen",
        "regsokod": "2081R005",
        "ts": 1562544000000,
        "uid": "b7c9887f42",
        "month": "07",
        "year": "2019",
        "link": null,
        "source": "polis",
        "geo": true,
        "tatort": "Borlänge",
        "stadsdel": null,
        "distrikt": "Stora Tuna",
        "plats": "Borlänge"
      },
      "geometry": {
        "type": "Point",
        "coordinates": [
          15.416662807102618,
          60.48411123174149
        ]
      }
    },
    {
      "type": "Feature",
      "properties": {
        "index": 535,
        "brottsdatum": "2019-08-07",
        "doda": 1,
        "skadade": 0,
        "status": "Öppet ärende",
        "region": "Stockholm",
        "polisomrade": "Po Nord",
        "deso": "0180C6140",
        "regso": "Tensta",
        "regsokod": "0180R102",
        "ts": 1565136000000,
        "uid": "fa5befd6e9",
        "month": "08",
        "year": "2019",
        "link": null,
        "source": "polis",
        "geo": true,
        "tatort": "Stockholm",
        "stadsdel": "Tensta ",
        "distrikt": "Spånga",
        "plats": "Tensta, Stockholm"
      },
      "geometry": {
        "type": "Point",
        "coordinates": [
          17.90715858088207,
          59.389226941508774
        ]
      }
    },
    {
      "type": "Feature",
      "properties": {
        "index": 546,
        "brottsdatum": "2019-08-19",
        "doda": 1,
        "skadade": 0,
        "status": "Öppet ärende",
        "region": "Stockholm",
        "polisomrade": "Po Nord",
        "deso": "0162C1020",
        "regso": "Stocksund",
        "regsokod": "0162R007",
        "ts": 1566172800000,
        "uid": "804830b32a",
        "month": "08",
        "year": "2019",
        "link": null,
        "source": "polis",
        "geo": true,
        "tatort": "Stockholm",
        "stadsdel": "Stockby",
        "distrikt": "Danderyd",
        "plats": "Stockby, Danderyd"
      },
      "geometry": {
        "type": "Point",
        "coordinates": [
          18.056427926225762,
          59.38401613225675
        ]
      }
    },
    {
      "type": "Feature",
      "properties": {
        "index": 554,
        "brottsdatum": "2019-08-26",
        "doda": 1,
        "skadade": 0,
        "status": "Öppet ärende",
        "region": "Syd",
        "polisomrade": "POMA",
        "deso": "1280C2630",
        "regso": "RegSO-Ribersborg",
        "regsokod": "1280R057",
        "ts": 1566777600000,
        "uid": "ac90e9f4af",
        "month": "08",
        "year": "2019",
        "link": null,
        "source": "polis",
        "geo": true,
        "tatort": "Malmö",
        "stadsdel": "Ribersborg",
        "distrikt": "Slottsstaden",
        "plats": "Ribersborg, Malmö"
      },
      "geometry": {
        "type": "Point",
        "coordinates": [
          12.973118364567341,
          55.60156169032041
        ]
      }
    },
    {
      "type": "Feature",
      "properties": {
        "index": 557,
        "brottsdatum": "2019-08-28",
        "doda": 1,
        "skadade": 0,
        "status": "Ärende redovisat till åklagare",
        "region": "Stockholm",
        "polisomrade": "Po Nord",
        "deso": "0180C5510",
        "regso": "Råcksta",
        "regsokod": "0180R077",
        "ts": 1566950400000,
        "uid": "27138b6ccd",
        "month": "08",
        "year": "2019",
        "link": null,
        "source": "polis",
        "geo": true,
        "tatort": "Stockholm",
        "stadsdel": "Råcksta ",
        "distrikt": "Vällingby",
        "plats": "Råcksta, Stockholm"
      },
      "geometry": {
        "type": "Point",
        "coordinates": [
          17.886753283649067,
          59.35643349556635
        ]
      }
    },
    {
      "type": "Feature",
      "properties": {
        "index": 569,
        "brottsdatum": "2019-09-07",
        "doda": 1,
        "skadade": 0,
        "status": "Öppet ärende",
        "region": "Stockholm",
        "polisomrade": "Syd",
        "deso": "0136A0020",
        "regso": "Haninge skärgård-glesbygd",
        "regsokod": "0136R009",
        "ts": 1567814400000,
        "uid": "59dfa5dc54",
        "month": "09",
        "year": "2019",
        "link": null,
        "source": "polis",
        "geo": true,
        "tatort": null,
        "stadsdel": null,
        "distrikt": "Österhaninge",
        "plats": "Österhaninge, Haninge"
      },
      "geometry": {
        "type": "Point",
        "coordinates": [
          18.172167742235047,
          59.133213755006295
        ]
      }
    },
    {
      "type": "Feature",
      "properties": {
        "index": 604,
        "brottsdatum": "2019-10-07",
        "doda": 1,
        "skadade": 0,
        "status": "Ärende redovisat till åklagare",
        "region": "Stockholm",
        "polisomrade": "Syd",
        "deso": "0180C1250",
        "regso": "Hökarängen",
        "regsokod": "0180R044",
        "ts": 1570406400000,
        "uid": "9000eaea56",
        "month": "10",
        "year": "2019",
        "link": null,
        "source": "polis",
        "geo": true,
        "tatort": "Stockholm",
        "stadsdel": "Hökarängen ",
        "distrikt": "Farsta",
        "plats": "Hökarängen, Stockholm"
      },
      "geometry": {
        "type": "Point",
        "coordinates": [
          18.092044648885334,
          59.25287236198664
        ]
      }
    },
    {
      "type": "Feature",
      "properties": {
        "index": 605,
        "brottsdatum": "2019-10-08",
        "doda": 1,
        "skadade": 0,
        "status": "Ärende redovisat till åklagare",
        "region": "Syd",
        "polisomrade": "POKK",
        "deso": "0883C1020",
        "regso": "Södermalm-Karstorp",
        "regsokod": "0883R010",
        "ts": 1570492800000,
        "uid": "c08e75d642",
        "month": "10",
        "year": "2019",
        "link": null,
        "source": "polis",
        "geo": true,
        "tatort": "Västervik",
        "stadsdel": null,
        "distrikt": "Västervik",
        "plats": "Västervik"
      },
      "geometry": {
        "type": "Point",
        "coordinates": [
          16.63943418644491,
          57.7404933450203
        ]
      }
    },
    {
      "type": "Feature",
      "properties": {
        "index": 606,
        "brottsdatum": "2019-10-12",
        "doda": 1,
        "skadade": 0,
        "status": "Ärende redovisat till åklagare",
        "region": "Mitt",
        "polisomrade": "Uppsala",
        "deso": "0330A0020",
        "regso": "Lagga-Långhundra",
        "regsokod": "0330R007",
        "ts": 1570838400000,
        "uid": "e1fdcd017e",
        "month": "10",
        "year": "2019",
        "link": null,
        "source": "polis",
        "geo": true,
        "tatort": null,
        "stadsdel": null,
        "distrikt": "Knivsta",
        "plats": "Knivsta"
      },
      "geometry": {
        "type": "Point",
        "coordinates": [
          17.85485,
          59.73003
        ]
      }
    },
    {
      "type": "Feature",
      "properties": {
        "index": 618,
        "brottsdatum": "2019-10-31",
        "doda": 1,
        "skadade": 0,
        "status": "Öppet ärende",
        "region": "Syd",
        "polisomrade": "POMA",
        "deso": "1280C1210",
        "regso": "RegSO-Lindängen",
        "regsokod": "1280R045",
        "ts": 1572480000000,
        "uid": "bd917756cb",
        "month": "10",
        "year": "2019",
        "link": null,
        "source": "polis",
        "geo": true,
        "tatort": "Malmö",
        "stadsdel": "Lindängen",
        "distrikt": "Fosie",
        "plats": "Lindängen, Malmö"
      },
      "geometry": {
        "type": "Point",
        "coordinates": [
          13.00852012485057,
          55.56079928148707
        ]
      }
    },
    {
      "type": "Feature",
      "properties": {
        "index": 627,
        "brottsdatum": "2019-11-09",
        "doda": 1,
        "skadade": 1,
        "status": "Öppet ärende",
        "region": "Syd",
        "polisomrade": "POMA",
        "deso": "1280C2100",
        "regso": "RegSO-Möllevången syd",
        "regsokod": "1280R050",
        "ts": 1573257600000,
        "uid": "8cae5e617e",
        "month": "11",
        "year": "2019",
        "link": null,
        "source": "polis",
        "geo": true,
        "tatort": "Malmö",
        "stadsdel": "Möllevången",
        "distrikt": "Möllevången",
        "plats": "Möllevången, Malmö"
      },
      "geometry": {
        "type": "Point",
        "coordinates": [
          13.008604928224896,
          55.59045949409052
        ]
      }
    },
    {
      "type": "Feature",
      "properties": {
        "index": 651,
        "brottsdatum": "2019-12-02",
        "doda": 1,
        "skadade": 0,
        "status": "Öppet ärende",
        "region": "Syd",
        "polisomrade": "POMA",
        "deso": "1280C1320",
        "regso": "RegSO-Hermodsdal-Gullviksborg",
        "regsokod": "1280R027",
        "ts": 1575244800000,
        "uid": "258cbd0e57",
        "month": "12",
        "year": "2019",
        "link": null,
        "source": "polis",
        "geo": true,
        "tatort": "Malmö",
        "stadsdel": "Hermodsdal",
        "distrikt": "Fosie",
        "plats": "Hermodsdal, Malmö"
      },
      "geometry": {
        "type": "Point",
        "coordinates": [
          13.019250113515307,
          55.56816321962755
        ]
      }
    },
    {
      "type": "Feature",
      "properties": {
        "index": 656,
        "brottsdatum": "2019-12-05",
        "doda": 1,
        "skadade": 0,
        "status": "Ärende redovisat till åklagare",
        "region": "Syd",
        "polisomrade": "POMA",
        "deso": "1280C2910",
        "regso": "RegSO-Sege öst",
        "regsokod": "1280R063",
        "ts": 1575504000000,
        "uid": "809c6c7043",
        "month": "12",
        "year": "2019",
        "link": null,
        "source": "polis",
        "geo": true,
        "tatort": "Malmö",
        "stadsdel": "Segevång",
        "distrikt": "Kirseberg",
        "plats": "Segevång, Malmö"
      },
      "geometry": {
        "type": "Point",
        "coordinates": [
          13.056741596693056,
          55.61190305734143
        ]
      }
    },
    {
      "type": "Feature",
      "properties": {
        "index": 657,
        "brottsdatum": "2019-12-05",
        "doda": 2,
        "skadade": 0,
        "status": "Ärende redovisat till åklagare",
        "region": "Öst",
        "polisomrade": "Östergötland",
        "deso": "0581C1420",
        "regso": "Sydöstra Nordantill",
        "regsokod": "0581R033",
        "ts": 1575504000000,
        "uid": "06a0498353",
        "month": "12",
        "year": "2019",
        "link": "https://www.svt.se/nyheter/lokalt/ost/tva-allvarligt-skadade-i-skottlossning-i-norrkoping",
        "source": "polis",
        "geo": true,
        "tatort": "Norrköping",
        "stadsdel": "Nordantill",
        "distrikt": "Norrköpings Matteus",
        "plats": "Nordantill, Norrköping"
      },
      "geometry": {
        "type": "Point",
        "coordinates": [
          16.181945,
          58.59445
        ]
      }
    },
    {
      "type": "Feature",
      "properties": {
        "index": 664,
        "brottsdatum": "2019-12-12",
        "doda": 1,
        "skadade": 0,
        "status": "Ärende redovisat till åklagare",
        "region": "Nord",
        "polisomrade": "Västernorrland",
        "deso": "2281C1140",
        "regso": "Nacksta",
        "regsokod": "2281R019",
        "ts": 1576108800000,
        "uid": "a1878a7fe6",
        "month": "12",
        "year": "2019",
        "link": null,
        "source": "polis",
        "geo": true,
        "tatort": "Sundsvall",
        "stadsdel": null,
        "distrikt": "Sundsvalls Gustav Adolf",
        "plats": "Sundsvall"
      },
      "geometry": {
        "type": "Point",
        "coordinates": [
          17.253526893094477,
          62.39127167267808
        ]
      }
    },
    {
      "type": "Feature",
      "properties": {
        "index": 668,
        "brottsdatum": "2019-12-15",
        "doda": 1,
        "skadade": 1,
        "status": "Öppet ärende",
        "region": "Mitt",
        "polisomrade": "Uppsala",
        "deso": "0380C1470",
        "regso": "Västra Stenhagen",
        "regsokod": "0380R050",
        "ts": 1576368000000,
        "uid": "04b2f89845",
        "month": "12",
        "year": "2019",
        "link": null,
        "source": "polis",
        "geo": true,
        "tatort": null,
        "stadsdel": "Stenhagen",
        "distrikt": "Läby",
        "plats": "Stenhagen, Uppsala"
      },
      "geometry": {
        "type": "Point",
        "coordinates": [
          17.55230594858359,
          59.84586092012711
        ]
      }
    },
    {
      "type": "Feature",
      "properties": {
        "index": 670,
        "brottsdatum": "2019-12-19",
        "doda": 1,
        "skadade": 0,
        "status": "Öppet ärende",
        "region": "Syd",
        "polisomrade": "POBN",
        "deso": "1290C1200",
        "regso": "Näsby",
        "regsokod": "1290R012",
        "ts": 1576713600000,
        "uid": "573afaf71a",
        "month": "12",
        "year": "2019",
        "link": null,
        "source": "polis",
        "geo": true,
        "tatort": "Kristianstad",
        "stadsdel": "Näsby",
        "distrikt": "Kristianstads Heliga Trefaldighet",
        "plats": "Näsby, Kristianstad"
      },
      "geometry": {
        "type": "Point",
        "coordinates": [
          14.155389735426649,
          56.0556954383067
        ]
      }
    },
    {
      "type": "Feature",
      "properties": {
        "index": 680,
        "brottsdatum": "2019-12-26",
        "doda": 1,
        "skadade": 0,
        "status": "Ärende redovisat till åklagare",
        "region": "Väst",
        "polisomrade": "Halland",
        "deso": "1384C1250",
        "regso": "Björkris-Voxlöv",
        "regsokod": "1384R002",
        "ts": 1577318400000,
        "uid": "f6b59475db",
        "month": "12",
        "year": "2019",
        "link": null,
        "source": "polis",
        "geo": true,
        "tatort": null,
        "stadsdel": null,
        "distrikt": "Tölö",
        "plats": "Tölö, Kungsbacka"
      },
      "geometry": {
        "type": "Point",
        "coordinates": [
          12.06247781422694,
          57.515705082202246
        ]
      }
    },
    {
      "type": "Feature",
      "properties": {
        "index": 682,
        "brottsdatum": "2019-12-29",
        "doda": 1,
        "skadade": 1,
        "status": "Öppet ärende",
        "region": "Väst",
        "polisomrade": "Storgöteborg",
        "deso": "1480C2820",
        "regso": "Södra Biskopsgården östra",
        "regsokod": "1480R136",
        "ts": 1577577600000,
        "uid": "437a945ed6",
        "month": "12",
        "year": "2019",
        "link": "https://www.svt.se/nyheter/lokalt/vast/skottlossning-i-biskopsgarden-en-dod-och-en-skadad",
        "source": "polis",
        "geo": true,
        "tatort": "Göteborg",
        "stadsdel": "Södra Biskopsgården",
        "distrikt": "Biskopsgården",
        "plats": "Södra Biskopsgården, Göteborg"
      },
      "geometry": {
        "type": "Point",
        "coordinates": [
          11.894042471794434,
          57.716600743876995
        ]
      }
    },
    {
      "type": "Feature",
      "properties": {
        "index": 684,
        "brottsdatum": "2019-12-31",
        "doda": 1,
        "skadade": 0,
        "status": "Öppet ärende",
        "region": "Stockholm",
        "polisomrade": "Nord",
        "deso": "0180C6150",
        "regso": "Rinkeby",
        "regsokod": "0180R076",
        "ts": 1577750400000,
        "uid": "05334c4c62",
        "month": "12",
        "year": "2019",
        "link": null,
        "source": "polis",
        "geo": true,
        "tatort": "Stockholm",
        "stadsdel": "Rinkeby ",
        "distrikt": "Spånga",
        "plats": "Rinkeby, Stockholm"
      },
      "geometry": {
        "type": "Point",
        "coordinates": [
          17.92856647969214,
          59.39234220702394
        ]
      }
    },
    {
      "type": "Feature",
      "properties": {
        "index": 703,
        "brottsdatum": "2020-01-17",
        "doda": 1,
        "skadade": 0,
        "status": "Öppet ärende",
        "region": "Stockholm",
        "polisomrade": "Syd",
        "deso": "0136C1120",
        "regso": "Jordbro centrala",
        "regsokod": "0136R010",
        "ts": 1579219200000,
        "uid": "f4c50d626a",
        "month": "01",
        "year": "2020",
        "link": null,
        "source": "polis",
        "geo": true,
        "tatort": "Jordbro",
        "stadsdel": "Jordbro",
        "distrikt": "Österhaninge",
        "plats": "Jordbro, Haninge"
      },
      "geometry": {
        "type": "Point",
        "coordinates": [
          18.132473673757104,
          59.14060877423363
        ]
      }
    },
    {
      "type": "Feature",
      "properties": {
        "index": 705,
        "brottsdatum": "2020-01-18",
        "doda": 1,
        "skadade": 1,
        "status": "Öppet ärende",
        "region": "Stockholm",
        "polisomrade": "Syd",
        "deso": "0126C1530",
        "regso": "Kungens Kurva-Kråkvik",
        "regsokod": "0126R009",
        "ts": 1579305600000,
        "uid": "20cc865314",
        "month": "01",
        "year": "2020",
        "link": null,
        "source": "polis",
        "geo": true,
        "tatort": "Stockholm",
        "stadsdel": "Kungens kurva",
        "distrikt": "Huddinge Sankt Mikael",
        "plats": "Kungens kurva, Huddinge"
      },
      "geometry": {
        "type": "Point",
        "coordinates": [
          17.912902015889113,
          59.271385355707885
        ]
      }
    },
    {
      "type": "Feature",
      "properties": {
        "index": 715,
        "brottsdatum": "2020-01-27",
        "doda": 1,
        "skadade": 0,
        "status": "Öppet ärende",
        "region": "Syd",
        "polisomrade": "POBN",
        "deso": "1290C1090",
        "regso": "Vilan-Hedentorp",
        "regsokod": "1290R016",
        "ts": 1580083200000,
        "uid": "02efd4e4a9",
        "month": "01",
        "year": "2020",
        "link": null,
        "source": "polis",
        "geo": true,
        "tatort": "Kristianstad",
        "stadsdel": "Vilan",
        "distrikt": "Norra Åsum",
        "plats": "Vilan, Kristianstad"
      },
      "geometry": {
        "type": "Point",
        "coordinates": [
          14.146510435110331,
          56.02149035826648
        ]
      }
    },
    {
      "type": "Feature",
      "properties": {
        "index": 716,
        "brottsdatum": "2020-01-30",
        "doda": 1,
        "skadade": 0,
        "status": "Ärende redovisat till åklagare",
        "region": "Nord",
        "polisomrade": "Västernorrland",
        "deso": "2283A0010",
        "regso": "Graninge-Helgum",
        "regsokod": "2283R001",
        "ts": 1580342400000,
        "uid": "7c5c0468e9",
        "month": "01",
        "year": "2020",
        "link": null,
        "source": "polis",
        "geo": true,
        "tatort": null,
        "stadsdel": null,
        "distrikt": "Graninge",
        "plats": "Graninge, Sollefteå"
      },
      "geometry": {
        "type": "Point",
        "coordinates": [
          17.022062372509037,
          63.031428537429754
        ]
      }
    },
    {
      "type": "Feature",
      "properties": {
        "index": 723,
        "brottsdatum": "2020-02-04",
        "doda": 1,
        "skadade": 0,
        "status": "Öppet ärende",
        "region": "Syd",
        "polisomrade": "PONV",
        "deso": "1282C1050",
        "regso": "Hyllingelyckan-Örja-Örja industriområde",
        "regsokod": "1282R007",
        "ts": 1580774400000,
        "uid": "fd9cf86cfa",
        "month": "02",
        "year": "2020",
        "link": null,
        "source": "polis",
        "geo": true,
        "tatort": "Landskrona",
        "stadsdel": "Öster",
        "distrikt": "Landskrona",
        "plats": "Öster, Landskrona"
      },
      "geometry": {
        "type": "Point",
        "coordinates": [
          12.847069020433283,
          55.873536245321354
        ]
      }
    },
    {
      "type": "Feature",
      "properties": {
        "index": 726,
        "brottsdatum": "2020-02-06",
        "doda": 1,
        "skadade": 0,
        "status": "Ärende redovisat till åklagare",
        "region": "Stockholm",
        "polisomrade": "Nord",
        "deso": "0163C1120",
        "regso": "Bagarby",
        "regsokod": "0163R001",
        "ts": 1580947200000,
        "uid": "b23c7aee8a",
        "month": "02",
        "year": "2020",
        "link": null,
        "source": "polis",
        "geo": true,
        "tatort": "Sollentuna",
        "stadsdel": "Bagarby",
        "distrikt": "Sollentuna",
        "plats": "Bagarby, Sollentuna"
      },
      "geometry": {
        "type": "Point",
        "coordinates": [
          17.947586770833635,
          59.42875548416783
        ]
      }
    },
    {
      "type": "Feature",
      "properties": {
        "index": 734,
        "brottsdatum": "2020-02-15",
        "doda": 1,
        "skadade": 0,
        "status": "Öppet ärende",
        "region": "Öst",
        "polisomrade": "Östergötland",
        "deso": "0580C1610",
        "regso": "Skäggetorp-Tornby",
        "regsokod": "0580R018",
        "ts": 1581724800000,
        "uid": "39cc4f40c7",
        "month": "02",
        "year": "2020",
        "link": null,
        "source": "polis",
        "geo": true,
        "tatort": "Linköping",
        "stadsdel": "Skäggetorp",
        "distrikt": "Skäggetorp",
        "plats": "Skäggetorp, Linköping"
      },
      "geometry": {
        "type": "Point",
        "coordinates": [
          15.578644912031496,
          58.42164345684203
        ]
      }
    },
    {
      "type": "Feature",
      "properties": {
        "index": 752,
        "brottsdatum": "2020-03-10",
        "doda": 1,
        "skadade": 0,
        "status": "Ärende redovisat till åklagare",
        "region": "Syd",
        "polisomrade": "POMA",
        "deso": "1280C1430",
        "regso": "RegSO-Holma",
        "regsokod": "1280R030",
        "ts": 1583798400000,
        "uid": "76c9fac1db",
        "month": "03",
        "year": "2020",
        "link": null,
        "source": "polis",
        "geo": true,
        "tatort": "Malmö",
        "stadsdel": "Holma",
        "distrikt": "Kulladal",
        "plats": "Holma, Malmö"
      },
      "geometry": {
        "type": "Point",
        "coordinates": [
          12.98273198578989,
          55.57201270031461
        ]
      }
    },
    {
      "type": "Feature",
      "properties": {
        "index": 754,
        "brottsdatum": "2020-03-11",
        "doda": 1,
        "skadade": 1,
        "status": "Öppet ärende",
        "region": "Väst",
        "polisomrade": "Storgöteborg",
        "deso": "1480C3140",
        "regso": "Länsmansgården södra",
        "regsokod": "1480R097",
        "ts": 1583884800000,
        "uid": "0bbb1ae160",
        "month": "03",
        "year": "2020",
        "link": "https://www.svt.se/nyheter/lokalt/vast/tva-personer-skadade-efter-skottlossning-i-goteborg",
        "source": "polis",
        "geo": true,
        "tatort": null,
        "stadsdel": "Länsmansgården",
        "distrikt": "Biskopsgården",
        "plats": "Länsmansgården, Göteborg"
      },
      "geometry": {
        "type": "Point",
        "coordinates": [
          11.884350863497682,
          57.73164232509563
        ]
      }
    },
    {
      "type": "Feature",
      "properties": {
        "index": 758,
        "brottsdatum": "2020-03-17",
        "doda": 1,
        "skadade": 0,
        "status": "Öppet ärende",
        "region": "Stockholm",
        "polisomrade": "Nord",
        "deso": "0180C6240",
        "regso": "Tensta",
        "regsokod": "0180R102",
        "ts": 1584403200000,
        "uid": "8c6b5faa7b",
        "month": "03",
        "year": "2020",
        "link": null,
        "source": "polis",
        "geo": true,
        "tatort": "Stockholm",
        "stadsdel": "Tensta ",
        "distrikt": "Spånga",
        "plats": "Tensta, Stockholm"
      },
      "geometry": {
        "type": "Point",
        "coordinates": [
          17.890263805528846,
          59.397689544919196
        ]
      }
    },
    {
      "type": "Feature",
      "properties": {
        "index": 767,
        "brottsdatum": "2020-03-22",
        "doda": 1,
        "skadade": 0,
        "status": "Öppet ärende",
        "region": "Syd",
        "polisomrade": "POMA",
        "deso": "1280C1580",
        "regso": "RegSO-Heleneholm-Almhög",
        "regsokod": "1280R026",
        "ts": 1584835200000,
        "uid": "08db49c012",
        "month": "03",
        "year": "2020",
        "link": null,
        "source": "polis",
        "geo": true,
        "tatort": "Malmö",
        "stadsdel": "Almhög",
        "distrikt": "Eriksfält",
        "plats": "Almhög, Malmö"
      },
      "geometry": {
        "type": "Point",
        "coordinates": [
          13.021546981224542,
          55.57682088155392
        ]
      }
    },
    {
      "type": "Feature",
      "properties": {
        "index": 771,
        "brottsdatum": "2020-03-27",
        "doda": 1,
        "skadade": 0,
        "status": "Ärende redovisat till åklagare",
        "region": "Stockholm",
        "polisomrade": "City",
        "deso": "0180C5270",
        "regso": "Norra Johannes",
        "regsokod": "0180R068",
        "ts": 1585267200000,
        "uid": "c7aa51da85",
        "month": "03",
        "year": "2020",
        "link": null,
        "source": "polis",
        "geo": true,
        "tatort": "Stockholm",
        "stadsdel": "Vasastaden ",
        "distrikt": "Stockholms Sankt Johannes",
        "plats": "Vasastaden, Stockholm"
      },
      "geometry": {
        "type": "Point",
        "coordinates": [
          18.060143760611282,
          59.347085136303455
        ]
      }
    },
    {
      "type": "Feature",
      "properties": {
        "index": 781,
        "brottsdatum": "2020-04-09",
        "doda": 1,
        "skadade": 0,
        "status": "Ärende redovisat till åklagare",
        "region": "Öst",
        "polisomrade": "Östergötland",
        "deso": "0581C1560",
        "regso": "Herstadberg-Händelö-Lagerlunda",
        "regsokod": "0581R010",
        "ts": 1586390400000,
        "uid": "fa7a3f7f4b",
        "month": "04",
        "year": "2020",
        "link": null,
        "source": "polis",
        "geo": true,
        "tatort": "Norrköping",
        "stadsdel": "Ingelsta",
        "distrikt": "Östra Eneby",
        "plats": "Ingelsta, Norrköping"
      },
      "geometry": {
        "type": "Point",
        "coordinates": [
          16.15839854743482,
          58.61083156339471
        ]
      }
    },
    {
      "type": "Feature",
      "properties": {
        "index": 785,
        "brottsdatum": "2020-04-14",
        "doda": 1,
        "skadade": 0,
        "status": "Ärende nedlagt efter FU",
        "region": "Stockholm",
        "polisomrade": "Nord",
        "deso": "0180C5880",
        "regso": "Vinsta",
        "regsokod": "0180R107",
        "ts": 1586822400000,
        "uid": "391b62fc8f",
        "month": "04",
        "year": "2020",
        "link": null,
        "source": "polis",
        "geo": true,
        "tatort": "Stockholm",
        "stadsdel": "Vinsta ",
        "distrikt": "Vällingby",
        "plats": "Vinsta, Stockholm"
      },
      "geometry": {
        "type": "Point",
        "coordinates": [
          17.852675705699536,
          59.369763588250144
        ]
      }
    },
    {
      "type": "Feature",
      "properties": {
        "index": 787,
        "brottsdatum": "2020-04-15",
        "doda": 1,
        "skadade": 0,
        "status": "Öppet ärende",
        "region": "Stockholm",
        "polisomrade": "Syd",
        "deso": "0182C1030",
        "regso": "Älta-Erstavik",
        "regsokod": "0182R016",
        "ts": 1586908800000,
        "uid": "bf0e270ac1",
        "month": "04",
        "year": "2020",
        "link": null,
        "source": "polis",
        "geo": true,
        "tatort": "Älta",
        "stadsdel": "Älta Industriområde",
        "distrikt": "Nacka",
        "plats": "Älta Industriområde, Älta, Nacka"
      },
      "geometry": {
        "type": "Point",
        "coordinates": [
          18.199260195458436,
          59.25477225217097
        ]
      }
    },
    {
      "type": "Feature",
      "properties": {
        "index": 801,
        "brottsdatum": "2020-05-03",
        "doda": 1,
        "skadade": 0,
        "status": "Öppet ärende",
        "region": "Väst",
        "polisomrade": "Storgöteborg",
        "deso": "1480C3060",
        "regso": "Gamlestaden västra",
        "regsokod": "1480R033",
        "ts": 1588464000000,
        "uid": "2b44b10008",
        "month": "05",
        "year": "2020",
        "link": null,
        "source": "polis",
        "geo": true,
        "tatort": "Göteborg",
        "stadsdel": "Gamlestaden",
        "distrikt": "Nylöse",
        "plats": "Gamlestaden, Göteborg"
      },
      "geometry": {
        "type": "Point",
        "coordinates": [
          12.008813685014507,
          57.73015129095925
        ]
      }
    },
    {
      "type": "Feature",
      "properties": {
        "index": 806,
        "brottsdatum": "2020-05-06",
        "doda": 1,
        "skadade": 0,
        "status": "Ärende redovisat till åklagare",
        "region": "Stockholm",
        "polisomrade": "Nord",
        "deso": "0123C1080",
        "regso": "Centrala Viksjö södra",
        "regsokod": "0123R009",
        "ts": 1588723200000,
        "uid": "a8a2673d81",
        "month": "05",
        "year": "2020",
        "link": null,
        "source": "polis",
        "geo": true,
        "tatort": "Stockholm",
        "stadsdel": "Viksjö",
        "distrikt": "Viksjö",
        "plats": "Viksjö, Järfälla"
      },
      "geometry": {
        "type": "Point",
        "coordinates": [
          17.80841757750205,
          59.409361389331586
        ]
      }
    },
    {
      "type": "Feature",
      "properties": {
        "index": 809,
        "brottsdatum": "2020-05-14",
        "doda": 1,
        "skadade": 0,
        "status": "Öppet ärende",
        "region": "Öst",
        "polisomrade": "Jönköping",
        "deso": "0680C1090",
        "regso": "Råslätt",
        "regsokod": "0680R024",
        "ts": 1589414400000,
        "uid": "2f48e7235b",
        "month": "05",
        "year": "2020",
        "link": null,
        "source": "polis",
        "geo": true,
        "tatort": "Jönköping",
        "stadsdel": "Jönköping",
        "distrikt": "Ljungarum",
        "plats": "Jönköping"
      },
      "geometry": {
        "type": "Point",
        "coordinates": [
          14.150070502731245,
          57.74106413785977
        ]
      }
    },
    {
      "type": "Feature",
      "properties": {
        "index": 817,
        "brottsdatum": "2020-05-20",
        "doda": 1,
        "skadade": 0,
        "status": "Öppet ärende",
        "region": "Syd",
        "polisomrade": "PONV",
        "deso": "1283C1370",
        "regso": "Adolfsberg-Västergård",
        "regsokod": "1283R001",
        "ts": 1589932800000,
        "uid": "4fcf08d553",
        "month": "05",
        "year": "2020",
        "link": null,
        "source": "polis",
        "geo": true,
        "tatort": "Helsingborg",
        "stadsdel": "Adolfsberg",
        "distrikt": "Helsingborgs Gustav Adolf",
        "plats": "Adolfsberg, Helsingborg"
      },
      "geometry": {
        "type": "Point",
        "coordinates": [
          12.73946898216665,
          56.04686502669196
        ]
      }
    },
    {
      "type": "Feature",
      "properties": {
        "index": 834,
        "brottsdatum": "2020-06-08",
        "doda": 1,
        "skadade": 0,
        "status": "Balans",
        "region": "ÖST",
        "polisomrade": "Nyköping",
        "deso": "0480C1070",
        "regso": "Brandholmen-Rosenkälla",
        "regsokod": "0480R003",
        "ts": 1591574400000,
        "uid": "028e6d5edc",
        "month": "06",
        "year": "2020",
        "link": null,
        "source": "polis",
        "geo": true,
        "tatort": "Nyköping",
        "stadsdel": "Brandholmen",
        "distrikt": "Nyköpings Alla Helgona",
        "plats": "Brandholmen, Nyköping"
      },
      "geometry": {
        "type": "Point",
        "coordinates": [
          17.040983420767198,
          58.74898088821495
        ]
      }
    },
    {
      "type": "Feature",
      "properties": {
        "index": 849,
        "brottsdatum": "2020-06-20",
        "doda": 1,
        "skadade": 0,
        "status": "Öppet ärende",
        "region": "Stockholm",
        "polisomrade": "Syd",
        "deso": "0180C2100",
        "regso": "Liseberg",
        "regsokod": "0180R055",
        "ts": 1592611200000,
        "uid": "73b4e8c456",
        "month": "06",
        "year": "2020",
        "link": null,
        "source": "polis",
        "geo": true,
        "tatort": "Stockholm",
        "stadsdel": "Liseberg ",
        "distrikt": "Brännkyrka",
        "plats": "Liseberg, Stockholm"
      },
      "geometry": {
        "type": "Point",
        "coordinates": [
          18.028373837970822,
          59.28672118173561
        ]
      }
    },
    {
      "type": "Feature",
      "properties": {
        "index": 861,
        "brottsdatum": "2020-06-28",
        "doda": 1,
        "skadade": 0,
        "status": "Öppet ärende",
        "region": "ÖST",
        "polisomrade": "Södermanland",
        "deso": "0484C1390",
        "regso": "Skiftinge-Djursta",
        "regsokod": "0484R017",
        "ts": 1593302400000,
        "uid": "2392c20f7d",
        "month": "06",
        "year": "2020",
        "link": null,
        "source": "polis",
        "geo": true,
        "tatort": "Eskilstuna",
        "stadsdel": "Skiftinge",
        "distrikt": "Eskilstuna Kloster",
        "plats": "Skiftinge, Eskilstuna"
      },
      "geometry": {
        "type": "Point",
        "coordinates": [
          16.53546129052079,
          59.38887548347321
        ]
      }
    },
    {
      "type": "Feature",
      "properties": {
        "index": 877,
        "brottsdatum": "2020-07-15",
        "doda": 1,
        "skadade": 0,
        "status": "Öppet ärende",
        "region": "Bergslagen",
        "polisomrade": "Örebro",
        "deso": "1880C1380",
        "regso": "Markbacken-Västra Mark",
        "regsokod": "1880R020",
        "ts": 1594771200000,
        "uid": "fce1a0057a",
        "month": "07",
        "year": "2020",
        "link": null,
        "source": "polis",
        "geo": true,
        "tatort": "Örebro",
        "stadsdel": "Väster",
        "distrikt": "Örebro Mikael",
        "plats": "Väster, Örebro"
      },
      "geometry": {
        "type": "Point",
        "coordinates": [
          15.1861,
          59.2764
        ]
      }
    },
    {
      "type": "Feature",
      "properties": {
        "index": 879,
        "brottsdatum": "2020-07-15",
        "doda": 1,
        "skadade": 0,
        "status": "Öppet ärende",
        "region": "Stockholm",
        "polisomrade": "Nord",
        "deso": "0180C5880",
        "regso": "Vinsta",
        "regsokod": "0180R107",
        "ts": 1594771200000,
        "uid": "74c5b0edd3",
        "month": "07",
        "year": "2020",
        "link": null,
        "source": "polis",
        "geo": true,
        "tatort": "Stockholm",
        "stadsdel": "Vinsta ",
        "distrikt": "Vällingby",
        "plats": "Vinsta, Stockholm"
      },
      "geometry": {
        "type": "Point",
        "coordinates": [
          17.845947181813536,
          59.37350484483131
        ]
      }
    },
    {
      "type": "Feature",
      "properties": {
        "index": 891,
        "brottsdatum": "2020-07-25",
        "doda": 1,
        "skadade": 0,
        "status": "Ärende nedlagt efter FU",
        "region": "Bergslagen",
        "polisomrade": "Örebro",
        "deso": "1880C1390",
        "regso": "Varberga-Oxhagen",
        "regsokod": "1880R028",
        "ts": 1595635200000,
        "uid": "4721a35dcf",
        "month": "07",
        "year": "2020",
        "link": null,
        "source": "polis",
        "geo": true,
        "tatort": "Örebro",
        "stadsdel": "Oxhagen",
        "distrikt": "Längbro",
        "plats": "Oxhagen, Örebro"
      },
      "geometry": {
        "type": "Point",
        "coordinates": [
          15.1761,
          59.27958
        ]
      }
    },
    {
      "type": "Feature",
      "properties": {
        "index": 902,
        "brottsdatum": "2020-08-02",
        "doda": 1,
        "skadade": 0,
        "status": "Öppet ärende",
        "region": "Stockholm",
        "polisomrade": "Syd",
        "deso": "0127C1320",
        "regso": "Eriksberg-Sturehov",
        "regsokod": "0127R004",
        "ts": 1596326400000,
        "uid": "f5fc7cf504",
        "month": "08",
        "year": "2020",
        "link": null,
        "source": "polis",
        "geo": true,
        "tatort": null,
        "stadsdel": "Sturehov",
        "distrikt": "Botkyrka",
        "plats": "Sturehov, Botkyrka"
      },
      "geometry": {
        "type": "Point",
        "coordinates": [
          17.827719828124486,
          59.23911958091319
        ]
      }
    },
    {
      "type": "Feature",
      "properties": {
        "index": 921,
        "brottsdatum": "2020-08-13",
        "doda": 1,
        "skadade": 0,
        "status": "Öppet ärende",
        "region": "Stockholm",
        "polisomrade": "Nord",
        "deso": "0180C6120",
        "regso": "Rinkeby",
        "regsokod": "0180R076",
        "ts": 1597276800000,
        "uid": "9a7a606524",
        "month": "08",
        "year": "2020",
        "link": null,
        "source": "polis",
        "geo": true,
        "tatort": "Stockholm",
        "stadsdel": "Rinkeby ",
        "distrikt": "Spånga",
        "plats": "Rinkeby, Stockholm"
      },
      "geometry": {
        "type": "Point",
        "coordinates": [
          17.93001499439047,
          59.38871536486601
        ]
      }
    },
    {
      "type": "Feature",
      "properties": {
        "index": 929,
        "brottsdatum": "2020-08-20",
        "doda": 1,
        "skadade": 0,
        "status": "Öppet ärende",
        "region": "Stockholm",
        "polisomrade": "Nord",
        "deso": "0180C6030",
        "regso": "Solhem-Lunda",
        "regsokod": "0180R083",
        "ts": 1597881600000,
        "uid": "80e785fea3",
        "month": "08",
        "year": "2020",
        "link": null,
        "source": "polis",
        "geo": true,
        "tatort": "Stockholm",
        "stadsdel": "Solhem ",
        "distrikt": "Spånga",
        "plats": "Solhem, Stockholm"
      },
      "geometry": {
        "type": "Point",
        "coordinates": [
          17.890799555269883,
          59.383300695356226
        ]
      }
    },
    {
      "type": "Feature",
      "properties": {
        "index": 935,
        "brottsdatum": "2020-08-24",
        "doda": 1,
        "skadade": 0,
        "status": "Öppet ärende",
        "region": "Stockholm",
        "polisomrade": "City",
        "deso": "0186C1150",
        "regso": "Hersby-Herserud-Islinge södra",
        "regsokod": "0186R006",
        "ts": 1598227200000,
        "uid": "87e88cc9fc",
        "month": "08",
        "year": "2020",
        "link": null,
        "source": "polis",
        "geo": true,
        "tatort": "Lidingö",
        "stadsdel": "Herserud",
        "distrikt": "Lidingö",
        "plats": "Herserud, Lidingö"
      },
      "geometry": {
        "type": "Point",
        "coordinates": [
          18.133449980649935,
          59.359721153652444
        ]
      }
    },
    {
      "type": "Feature",
      "properties": {
        "index": 939,
        "brottsdatum": "2020-08-27",
        "doda": 1,
        "skadade": 0,
        "status": "Öppet ärende",
        "region": "Stockholm",
        "polisomrade": "Nord",
        "deso": "0180C6370",
        "regso": "Husby",
        "regsokod": "0180R036",
        "ts": 1598486400000,
        "uid": "ed2b4a6b06",
        "month": "08",
        "year": "2020",
        "link": null,
        "source": "polis",
        "geo": true,
        "tatort": "Stockholm",
        "stadsdel": "Husby ",
        "distrikt": "Kista",
        "plats": "Husby, Stockholm"
      },
      "geometry": {
        "type": "Point",
        "coordinates": [
          17.921242144749293,
          59.40957934626776
        ]
      }
    },
    {
      "type": "Feature",
      "properties": {
        "index": 958,
        "brottsdatum": "2020-09-14",
        "doda": 1,
        "skadade": 0,
        "status": "Öppet ärende",
        "region": "Stockholm",
        "polisomrade": "Syd",
        "deso": "0126C1090",
        "regso": "Skogås västra",
        "regsokod": "0126R014",
        "ts": 1600041600000,
        "uid": "96adba0190",
        "month": "09",
        "year": "2020",
        "link": null,
        "source": "polis",
        "geo": true,
        "tatort": "Stockholm",
        "stadsdel": "Vallhornsvägen",
        "distrikt": "Trångsund",
        "plats": "Vallhornsvägen, Huddinge"
      },
      "geometry": {
        "type": "Point",
        "coordinates": [
          18.151670951556596,
          59.21501571980732
        ]
      }
    },
    {
      "type": "Feature",
      "properties": {
        "index": 961,
        "brottsdatum": "2020-09-17",
        "doda": 1,
        "skadade": 0,
        "status": "Öppet ärende",
        "region": "Stockholm",
        "polisomrade": "Syd",
        "deso": "0180C2800",
        "regso": "Årsta",
        "regsokod": "0180R117",
        "ts": 1600300800000,
        "uid": "9fefce3661",
        "month": "09",
        "year": "2020",
        "link": null,
        "source": "polis",
        "geo": true,
        "tatort": "Stockholm",
        "stadsdel": "Liljeholmen ",
        "distrikt": "Hägersten",
        "plats": "Liljeholmen, Stockholm"
      },
      "geometry": {
        "type": "Point",
        "coordinates": [
          18.038817514813086,
          59.305348919895856
        ]
      }
    },
    {
      "type": "Feature",
      "properties": {
        "index": 963,
        "brottsdatum": "2020-09-17",
        "doda": 1,
        "skadade": 0,
        "status": "Ärende redovisat till åklagare",
        "region": "Öst",
        "polisomrade": "Södermanland",
        "deso": "0484C1200",
        "regso": "Västra Nyfors",
        "regsokod": "0484R027",
        "ts": 1600300800000,
        "uid": "ad7d2c21a7",
        "month": "09",
        "year": "2020",
        "link": null,
        "source": "polis",
        "geo": true,
        "tatort": "Eskilstuna",
        "stadsdel": "Nyfors",
        "distrikt": "Eskilstuna Fors",
        "plats": "Nyfors, Eskilstuna"
      },
      "geometry": {
        "type": "Point",
        "coordinates": [
          16.502559275908,
          59.367157622319496
        ]
      }
    },
    {
      "type": "Feature",
      "properties": {
        "index": 965,
        "brottsdatum": "2020-09-17",
        "doda": 1,
        "skadade": 0,
        "status": "Ärende redovisat till åklagare",
        "region": "Öst",
        "polisomrade": "Södermanland",
        "deso": "0480C1150",
        "regso": "Brandkärr",
        "regsokod": "0480R004",
        "ts": 1600300800000,
        "uid": "0b3f8a8b1f",
        "month": "09",
        "year": "2020",
        "link": null,
        "source": "polis",
        "geo": true,
        "tatort": "Nyköping",
        "stadsdel": "Ö Villastaden",
        "distrikt": "Nyköpings Alla Helgona",
        "plats": "Ö Villastaden, Nyköping"
      },
      "geometry": {
        "type": "Point",
        "coordinates": [
          17.020989606710824,
          58.76187291579753
        ]
      }
    },
    {
      "type": "Feature",
      "properties": {
        "index": 969,
        "brottsdatum": "2020-09-18",
        "doda": 1,
        "skadade": 0,
        "status": "Öppet ärende",
        "region": "Mitt",
        "polisomrade": "Västmanland",
        "deso": "1980C1560",
        "regso": "Nordanby Gärde-Norra Gideonsberg",
        "regsokod": "1980R021",
        "ts": 1600387200000,
        "uid": "b0de73a50c",
        "month": "09",
        "year": "2020",
        "link": null,
        "source": "polis",
        "geo": true,
        "tatort": "Västerås",
        "stadsdel": "Gideonsberg",
        "distrikt": "Gideonsberg",
        "plats": "Gideonsberg, Västerås"
      },
      "geometry": {
        "type": "Point",
        "coordinates": [
          16.56281935011921,
          59.628711392531805
        ]
      }
    },
    {
      "type": "Feature",
      "properties": {
        "index": 983,
        "brottsdatum": "2020-10-01",
        "doda": 1,
        "skadade": 0,
        "status": "Ärende redovisat till åklagare",
        "region": "Stockholm",
        "polisomrade": "Nord",
        "deso": "0191C1010",
        "regso": "Östra Steninge",
        "regsokod": "0191R023",
        "ts": 1601510400000,
        "uid": "5246df7287",
        "month": "10",
        "year": "2020",
        "link": null,
        "source": "polis",
        "geo": true,
        "tatort": "Märsta",
        "stadsdel": null,
        "distrikt": "Valsta",
        "plats": "Märsta, Sigtuna"
      },
      "geometry": {
        "type": "Point",
        "coordinates": [
          17.819942154184986,
          59.6112801613685
        ]
      }
    },
    {
      "type": "Feature",
      "properties": {
        "index": 1002,
        "brottsdatum": "2020-10-17",
        "doda": 1,
        "skadade": 0,
        "status": "Öppet ärende",
        "region": "Stockholm",
        "polisomrade": "Syd",
        "deso": "0181C1030",
        "regso": "Hovsjö",
        "regsokod": "0181R012",
        "ts": 1602892800000,
        "uid": "c597b63367",
        "month": "10",
        "year": "2020",
        "link": null,
        "source": "polis",
        "geo": true,
        "tatort": "Södertälje",
        "stadsdel": "Hovsjö",
        "distrikt": "Tveta",
        "plats": "Hovsjö, Södertälje"
      },
      "geometry": {
        "type": "Point",
        "coordinates": [
          17.60170776760813,
          59.17285800353894
        ]
      }
    },
    {
      "type": "Feature",
      "properties": {
        "index": 1014,
        "brottsdatum": "2020-10-28",
        "doda": 1,
        "skadade": 0,
        "status": "Ärende redovisat till åklagare",
        "region": "Nord",
        "polisomrade": "Norrbotten",
        "deso": "2582C1060",
        "regso": "Sanden-Torpgärdan",
        "regsokod": "2582R010",
        "ts": 1603843200000,
        "uid": "edeb3c7361",
        "month": "10",
        "year": "2020",
        "link": null,
        "source": "polis",
        "geo": true,
        "tatort": "Boden",
        "stadsdel": null,
        "distrikt": "Överluleå",
        "plats": "Boden"
      },
      "geometry": {
        "type": "Point",
        "coordinates": [
          21.70874496842504,
          65.81708209085248
        ]
      }
    },
    {
      "type": "Feature",
      "properties": {
        "index": 1019,
        "brottsdatum": "2020-11-02",
        "doda": 1,
        "skadade": 0,
        "status": "Ärende redovisat till åklagare",
        "region": "Stockholm",
        "polisomrade": "Nord",
        "deso": "0180C5630",
        "regso": "Beckomberga",
        "regsokod": "0180R007",
        "ts": 1604275200000,
        "uid": "a4eef7df07",
        "month": "11",
        "year": "2020",
        "link": null,
        "source": "polis",
        "geo": true,
        "tatort": "Stockholm",
        "stadsdel": "Beckomberga ",
        "distrikt": "Bromma",
        "plats": "Beckomberga, Stockholm"
      },
      "geometry": {
        "type": "Point",
        "coordinates": [
          17.89400865194126,
          59.35896827242524
        ]
      }
    },
    {
      "type": "Feature",
      "properties": {
        "index": 1020,
        "brottsdatum": "2020-11-03",
        "doda": 1,
        "skadade": 0,
        "status": "Öppet ärende",
        "region": "Väst",
        "polisomrade": "Älvsborg",
        "deso": "1490C1520",
        "regso": "Ryda-Alideberg-Knalleland",
        "regsokod": "1490R028",
        "ts": 1604361600000,
        "uid": "43cfb1c5f2",
        "month": "11",
        "year": "2020",
        "link": null,
        "source": "polis",
        "geo": true,
        "tatort": "Borås",
        "stadsdel": "Lundby/Knalleland",
        "distrikt": "Borås Caroli",
        "plats": "Lundby/Knalleland, Borås"
      },
      "geometry": {
        "type": "Point",
        "coordinates": [
          12.938061653653975,
          57.72533425899972
        ]
      }
    },
    {
      "type": "Feature",
      "properties": {
        "index": 1022,
        "brottsdatum": "2020-11-04",
        "doda": 1,
        "skadade": 0,
        "status": "Öppet ärende",
        "region": "Stockholm",
        "polisomrade": "Syd",
        "deso": "0180C1940",
        "regso": "Bagarmossen",
        "regsokod": "0180R005",
        "ts": 1604448000000,
        "uid": "4371adba38",
        "month": "11",
        "year": "2020",
        "link": null,
        "source": "polis",
        "geo": true,
        "tatort": "Stockholm",
        "stadsdel": "Bagarmossen ",
        "distrikt": "Skarpnäck",
        "plats": "Bagarmossen, Stockholm"
      },
      "geometry": {
        "type": "Point",
        "coordinates": [
          18.122521183611198,
          59.27910409905883
        ]
      }
    },
    {
      "type": "Feature",
      "properties": {
        "index": 1028,
        "brottsdatum": "2020-11-15",
        "doda": 1,
        "skadade": 0,
        "status": "Öppet ärende",
        "region": "Stockholm",
        "polisomrade": "Syd",
        "deso": "0180C1860",
        "regso": "Skärholmen",
        "regsokod": "0180R079",
        "ts": 1605398400000,
        "uid": "675a630464",
        "month": "11",
        "year": "2020",
        "link": null,
        "source": "polis",
        "geo": true,
        "tatort": "Stockholm",
        "stadsdel": "Skärholmen ",
        "distrikt": "Skärholmen",
        "plats": "Skärholmen, Stockholm"
      },
      "geometry": {
        "type": "Point",
        "coordinates": [
          17.896218707300754,
          59.281642128255136
        ]
      }
    },
    {
      "type": "Feature",
      "properties": {
        "index": 1034,
        "brottsdatum": "2020-11-21",
        "doda": 1,
        "skadade": 0,
        "status": "Öppet ärende",
        "region": "Stockholm",
        "polisomrade": "Nord",
        "deso": "0139C1050",
        "regso": "Norrboda-Tibble",
        "regsokod": "0139R006",
        "ts": 1605916800000,
        "uid": "b18e44dfa1",
        "month": "11",
        "year": "2020",
        "link": null,
        "source": "polis",
        "geo": true,
        "tatort": "Kungsängen",
        "stadsdel": "Kungsängen",
        "distrikt": "Kungsängen-Västra Ryd",
        "plats": "Kungsängen, Upplands-Bro"
      },
      "geometry": {
        "type": "Point",
        "coordinates": [
          17.73024758456794,
          59.48918977468104
        ]
      }
    },
    {
      "type": "Feature",
      "properties": {
        "index": 1042,
        "brottsdatum": "2020-12-03",
        "doda": 1,
        "skadade": 0,
        "status": "Ärende redovisat till åklagare",
        "region": "Stockholm",
        "polisomrade": "Syd",
        "deso": "0182C1140",
        "regso": "Fisksätra",
        "regsokod": "0182R004",
        "ts": 1606953600000,
        "uid": "b756fa8356",
        "month": "12",
        "year": "2020",
        "link": null,
        "source": "polis",
        "geo": true,
        "tatort": "Fisksätra",
        "stadsdel": "Fisksätra",
        "distrikt": "Nacka",
        "plats": "Fisksätra, Nacka"
      },
      "geometry": {
        "type": "Point",
        "coordinates": [
          18.251957582812715,
          59.29210996936109
        ]
      }
    },
    {
      "type": "Feature",
      "properties": {
        "index": 1044,
        "brottsdatum": "2020-12-07",
        "doda": 1,
        "skadade": 0,
        "status": "Öppet ärende",
        "region": "Nord",
        "polisomrade": "Västernorrland",
        "deso": "2281C1150",
        "regso": "Skönsberg",
        "regsokod": "2281R025",
        "ts": 1607299200000,
        "uid": "0455bb94f4",
        "month": "12",
        "year": "2020",
        "link": null,
        "source": "polis",
        "geo": true,
        "tatort": "Sundsvall",
        "stadsdel": null,
        "distrikt": "Skön",
        "plats": "Sundsvall"
      },
      "geometry": {
        "type": "Point",
        "coordinates": [
          17.354789191833643,
          62.399474417585424
        ]
      }
    },
    {
      "type": "Feature",
      "properties": {
        "index": 1059,
        "brottsdatum": "2020-12-29",
        "doda": 1,
        "skadade": 2,
        "status": "Öppet ärende",
        "region": "Stockholm",
        "polisomrade": "Nord",
        "deso": "0180C6170",
        "regso": "Tensta",
        "regsokod": "0180R102",
        "ts": 1609200000000,
        "uid": "fd96d1e0b6",
        "month": "12",
        "year": "2020",
        "link": "https://www.aftonbladet.se/nyheter/krim/a/7KVPmK/ung-man-dod-efter-skjutning-i-tensta",
        "source": "polis",
        "geo": true,
        "tatort": "Stockholm",
        "stadsdel": "Tensta ",
        "distrikt": "Spånga",
        "plats": "Tensta, Stockholm"
      },
      "geometry": {
        "type": "Point",
        "coordinates": [
          17.903956371309686,
          59.39308719422804
        ]
      }
    },
    {
      "type": "Feature",
      "properties": {
        "index": 1062,
        "brottsdatum": "2020-12-31",
        "doda": 1,
        "skadade": 0,
        "status": "Öppet ärende",
        "region": "Syd",
        "polisomrade": "POMA",
        "deso": "1280C1880",
        "regso": "RegSO-Herrgården norr",
        "regsokod": "1280R028",
        "ts": 1609372800000,
        "uid": "34c032a78f",
        "month": "12",
        "year": "2020",
        "link": null,
        "source": "polis",
        "geo": true,
        "tatort": "Malmö",
        "stadsdel": "Herrgården",
        "distrikt": "Västra Skrävlinge",
        "plats": "Herrgården, Malmö"
      },
      "geometry": {
        "type": "Point",
        "coordinates": [
          13.047019215175386,
          55.583887583756734
        ]
      }
    },
    {
      "type": "Feature",
      "properties": {
        "index": 1074,
        "brottsdatum": "2021-01-16",
        "doda": 1,
        "skadade": 0,
        "status": "Öppet ärende",
        "region": "Stockholm",
        "polisomrade": "Nord",
        "deso": "0191C1030",
        "regso": "Centrala Valsta",
        "regsokod": "0191R005",
        "ts": 1610755200000,
        "uid": "a585034a5c",
        "month": "01",
        "year": "2021",
        "link": null,
        "source": "polis",
        "geo": true,
        "tatort": "Märsta",
        "stadsdel": null,
        "distrikt": "Valsta",
        "plats": "Märsta, Sigtuna"
      },
      "geometry": {
        "type": "Point",
        "coordinates": [
          17.8268233376351,
          59.615224242711506
        ]
      }
    },
    {
      "type": "Feature",
      "properties": {
        "index": 1086,
        "brottsdatum": "2021-02-02",
        "doda": 1,
        "skadade": 0,
        "status": "Öppet ärende",
        "region": "Stockholm",
        "polisomrade": "Nord",
        "deso": "0184C1210",
        "regso": "Vasalund-Kyrkbacken",
        "regsokod": "0184R021",
        "ts": 1612224000000,
        "uid": "c227284cb7",
        "month": "02",
        "year": "2021",
        "link": null,
        "source": "polis",
        "geo": true,
        "tatort": "Stockholm",
        "stadsdel": "Hagalund",
        "distrikt": "Råsunda",
        "plats": "Hagalund, Solna"
      },
      "geometry": {
        "type": "Point",
        "coordinates": [
          18.008866928897383,
          59.36210766326935
        ]
      }
    },
    {
      "type": "Feature",
      "properties": {
        "index": 1087,
        "brottsdatum": "2021-02-08",
        "doda": 1,
        "skadade": 0,
        "status": "Öppet ärende",
        "region": "Stockholm",
        "polisomrade": "Nord",
        "deso": "0180C6250",
        "regso": "Tensta",
        "regsokod": "0180R102",
        "ts": 1612742400000,
        "uid": "266fe66938",
        "month": "02",
        "year": "2021",
        "link": null,
        "source": "polis",
        "geo": true,
        "tatort": "Stockholm",
        "stadsdel": "Tensta ",
        "distrikt": "Spånga",
        "plats": "Tensta, Stockholm"
      },
      "geometry": {
        "type": "Point",
        "coordinates": [
          17.89706868390478,
          59.394842876334955
        ]
      }
    },
    {
      "type": "Feature",
      "properties": {
        "index": 1097,
        "brottsdatum": "2021-02-28",
        "doda": 1,
        "skadade": 0,
        "status": "Öppet ärende",
        "region": "Bergslagen",
        "polisomrade": "Örebro",
        "deso": "1880C1380",
        "regso": "Markbacken-Västra Mark",
        "regsokod": "1880R020",
        "ts": 1614470400000,
        "uid": "bf2be3386a",
        "month": "02",
        "year": "2021",
        "link": null,
        "source": "polis",
        "geo": true,
        "tatort": "Örebro",
        "stadsdel": "Markbacken",
        "distrikt": "Örebro Mikael",
        "plats": "Markbacken, Örebro"
      },
      "geometry": {
        "type": "Point",
        "coordinates": [
          15.182511186635123,
          59.28139109309884
        ]
      }
    },
    {
      "type": "Feature",
      "properties": {
        "index": 1098,
        "brottsdatum": "2021-03-01",
        "doda": 1,
        "skadade": 0,
        "status": "Öppet ärende",
        "region": "Stockholm",
        "polisomrade": "Nord",
        "deso": "0191A0010",
        "regso": "Skånela-Steningevik omland",
        "regsokod": "0191R015",
        "ts": 1614556800000,
        "uid": "f3c66cafc0",
        "month": "03",
        "year": "2021",
        "link": null,
        "source": "polis",
        "geo": true,
        "tatort": null,
        "stadsdel": null,
        "distrikt": "Sigtuna Sankt Olof",
        "plats": "Sigtuna Sankt Olof, Sigtuna"
      },
      "geometry": {
        "type": "Point",
        "coordinates": [
          17.76934810362062,
          59.59978081234051
        ]
      }
    },
    {
      "type": "Feature",
      "properties": {
        "index": 1124,
        "brottsdatum": "2021-04-18",
        "doda": 1,
        "skadade": 0,
        "status": "Öppet ärende",
        "region": "Stockholm",
        "polisomrade": "Nord",
        "deso": "0180C6300",
        "regso": "Kista",
        "regsokod": "0180R046",
        "ts": 1618704000000,
        "uid": "ca00cb4874",
        "month": "04",
        "year": "2021",
        "link": null,
        "source": "polis",
        "geo": true,
        "tatort": "Stockholm",
        "stadsdel": "Kista ",
        "distrikt": "Kista",
        "plats": "Kista, Stockholm"
      },
      "geometry": {
        "type": "Point",
        "coordinates": [
          17.940049184840372,
          59.40286677901807
        ]
      }
    },
    {
      "type": "Feature",
      "properties": {
        "index": 1130,
        "brottsdatum": "2021-04-23",
        "doda": 1,
        "skadade": 0,
        "status": "Öppet ärende",
        "region": "Syd",
        "polisomrade": "POMA",
        "deso": "1280C1650",
        "regso": "RegSO-Ärtholmen-Södertorp-Gröndal",
        "regsokod": "1280R085",
        "ts": 1619136000000,
        "uid": "23631816b9",
        "month": "04",
        "year": "2021",
        "link": null,
        "source": "polis",
        "geo": true,
        "tatort": "Malmö",
        "stadsdel": "Södertorp",
        "distrikt": "Eriksfält",
        "plats": "Södertorp, Malmö"
      },
      "geometry": {
        "type": "Point",
        "coordinates": [
          12.990173538117082,
          55.578474861122174
        ]
      }
    },
    {
      "type": "Feature",
      "properties": {
        "index": 1135,
        "brottsdatum": "2021-04-28",
        "doda": 1,
        "skadade": 0,
        "status": "Ärende redovisat till åklagare",
        "region": "Stockholm",
        "polisomrade": "Syd",
        "deso": "0180C1950",
        "regso": "Bagarmossen",
        "regsokod": "0180R005",
        "ts": 1619568000000,
        "uid": "25206a4cfa",
        "month": "04",
        "year": "2021",
        "link": null,
        "source": "polis",
        "geo": true,
        "tatort": "Stockholm",
        "stadsdel": "Bagarmossen ",
        "distrikt": "Skarpnäck",
        "plats": "Bagarmossen, Stockholm"
      },
      "geometry": {
        "type": "Point",
        "coordinates": [
          18.141546953077405,
          59.27595007507453
        ]
      }
    },
    {
      "type": "Feature",
      "properties": {
        "index": 1142,
        "brottsdatum": "2021-05-04",
        "doda": 1,
        "skadade": 0,
        "status": "Öppet ärende",
        "region": "Stockholm",
        "polisomrade": "Syd",
        "deso": "0127C1270",
        "regso": "Albydalen",
        "regsokod": "0127R002",
        "ts": 1620086400000,
        "uid": "e3df67393a",
        "month": "05",
        "year": "2021",
        "link": null,
        "source": "polis",
        "geo": true,
        "tatort": "Stockholm",
        "stadsdel": "Albyslätten SV",
        "distrikt": "Botkyrka",
        "plats": "Albyslätten SV, Botkyrka"
      },
      "geometry": {
        "type": "Point",
        "coordinates": [
          17.843176277467368,
          59.23518829921544
        ]
      }
    },
    {
      "type": "Feature",
      "properties": {
        "index": 1144,
        "brottsdatum": "2021-05-05",
        "doda": 1,
        "skadade": 0,
        "status": "Ärende nedlagt efter FU",
        "region": "Bergslagen",
        "polisomrade": "Örebro",
        "deso": "1880C1600",
        "regso": "Vivalla",
        "regsokod": "1880R029",
        "ts": 1620172800000,
        "uid": "a141f9e5e2",
        "month": "05",
        "year": "2021",
        "link": null,
        "source": "polis",
        "geo": true,
        "tatort": "Örebro",
        "stadsdel": "Vivalla",
        "distrikt": "Örebro Mikael",
        "plats": "Vivalla, Örebro"
      },
      "geometry": {
        "type": "Point",
        "coordinates": [
          15.19109,
          59.29942
        ]
      }
    },
    {
      "type": "Feature",
      "properties": {
        "index": 1150,
        "brottsdatum": "2021-05-12",
        "doda": 1,
        "skadade": 0,
        "status": "Öppet ärende",
        "region": "Stockholm",
        "polisomrade": "Nord",
        "deso": "0180C6240",
        "regso": "Tensta",
        "regsokod": "0180R102",
        "ts": 1620777600000,
        "uid": "ccd9e8ea59",
        "month": "05",
        "year": "2021",
        "link": null,
        "source": "polis",
        "geo": true,
        "tatort": "Stockholm",
        "stadsdel": "Tensta ",
        "distrikt": "Spånga",
        "plats": "Tensta, Stockholm"
      },
      "geometry": {
        "type": "Point",
        "coordinates": [
          17.88659377890115,
          59.39597370675098
        ]
      }
    },
    {
      "type": "Feature",
      "properties": {
        "index": 1162,
        "brottsdatum": "2021-05-19",
        "doda": 1,
        "skadade": 0,
        "status": "Öppet ärende",
        "region": "Öst",
        "polisomrade": "Östergötland",
        "deso": "0580C1300",
        "regso": "Ramshäll",
        "regsokod": "0580R016",
        "ts": 1621382400000,
        "uid": "7cff45e29f",
        "month": "05",
        "year": "2021",
        "link": null,
        "source": "polis",
        "geo": true,
        "tatort": "Linköping",
        "stadsdel": "Berga",
        "distrikt": "Berga",
        "plats": "Berga, Linköping"
      },
      "geometry": {
        "type": "Point",
        "coordinates": [
          15.639783034290744,
          58.39440771052674
        ]
      }
    },
    {
      "type": "Feature",
      "properties": {
        "index": 1167,
        "brottsdatum": "2021-05-24",
        "doda": 1,
        "skadade": 0,
        "status": "Öppet ärende",
        "region": "Stockholm",
        "polisomrade": "Syd",
        "deso": "0181C1120",
        "regso": "Geneta södra-Vasa",
        "regsokod": "0181R008",
        "ts": 1621814400000,
        "uid": "cbc32abbf4",
        "month": "05",
        "year": "2021",
        "link": null,
        "source": "polis",
        "geo": true,
        "tatort": null,
        "stadsdel": "Geneta",
        "distrikt": "Västertälje",
        "plats": "Geneta, Södertälje"
      },
      "geometry": {
        "type": "Point",
        "coordinates": [
          17.581684294003615,
          59.18583616671857
        ]
      }
    },
    {
      "type": "Feature",
      "properties": {
        "index": 1171,
        "brottsdatum": "2021-05-30",
        "doda": 1,
        "skadade": 2,
        "status": "Öppet ärende",
        "region": "Väst",
        "polisomrade": "Storgöteborg",
        "deso": "1480C3690",
        "regso": "Hjällbo västra",
        "regsokod": "1480R049",
        "ts": 1622332800000,
        "uid": "219ea43c3e",
        "month": "05",
        "year": "2021",
        "link": "https://www.svt.se/nyheter/lokalt/vast/efter-dodsskjutningen-och-storbraket-i-hjallbo-polisen-soker-bla-cykel",
        "source": "polis",
        "geo": true,
        "tatort": "Göteborg",
        "stadsdel": "Hjällbo",
        "distrikt": "Angered",
        "plats": "Hjällbo, Göteborg"
      },
      "geometry": {
        "type": "Point",
        "coordinates": [
          12.020805831860406,
          57.7681822550823
        ]
      }
    },
    {
      "type": "Feature",
      "properties": {
        "index": 1173,
        "brottsdatum": "2021-05-31",
        "doda": 1,
        "skadade": 0,
        "status": "Öppet ärende",
        "region": "Syd",
        "polisomrade": "POSS",
        "deso": "1263C1060",
        "regso": "Svedala norra-Bjäret-Sjödiken-Tittente",
        "regsokod": "1263R007",
        "ts": 1622419200000,
        "uid": "1fa9a189d7",
        "month": "05",
        "year": "2021",
        "link": null,
        "source": "polis",
        "geo": true,
        "tatort": null,
        "stadsdel": null,
        "distrikt": "Börringe",
        "plats": "Börringe, Svedala"
      },
      "geometry": {
        "type": "Point",
        "coordinates": [
          13.27647467336891,
          55.50734365379229
        ]
      }
    },
    {
      "type": "Feature",
      "properties": {
        "index": 1174,
        "brottsdatum": "2021-05-31",
        "doda": 1,
        "skadade": 0,
        "status": "Öppet ärende",
        "region": "Stockholm",
        "polisomrade": "Nord",
        "deso": "0180C6310",
        "regso": "Husby",
        "regsokod": "0180R036",
        "ts": 1622419200000,
        "uid": "554ff0adb4",
        "month": "05",
        "year": "2021",
        "link": null,
        "source": "polis",
        "geo": true,
        "tatort": "Stockholm",
        "stadsdel": "Husby ",
        "distrikt": "Kista",
        "plats": "Husby, Stockholm"
      },
      "geometry": {
        "type": "Point",
        "coordinates": [
          17.92468326356751,
          59.40860366932381
        ]
      }
    },
    {
      "type": "Feature",
      "properties": {
        "index": 1175,
        "brottsdatum": "2021-05-31",
        "doda": 1,
        "skadade": 0,
        "status": "Ärende redovisat till åklagare",
        "region": "Stockholm",
        "polisomrade": "Nord",
        "deso": "0180C6240",
        "regso": "Tensta",
        "regsokod": "0180R102",
        "ts": 1622419200000,
        "uid": "62ff22363d",
        "month": "05",
        "year": "2021",
        "link": null,
        "source": "polis",
        "geo": true,
        "tatort": "Stockholm",
        "stadsdel": "Tensta ",
        "distrikt": "Spånga",
        "plats": "Tensta, Stockholm"
      },
      "geometry": {
        "type": "Point",
        "coordinates": [
          17.88491145698931,
          59.39690948955253
        ]
      }
    },
    {
      "type": "Feature",
      "properties": {
        "index": 1195,
        "brottsdatum": "2021-06-18",
        "doda": 1,
        "skadade": 0,
        "status": "Ärende redovisat till åklagare",
        "region": "Mitt",
        "polisomrade": "Uppsala",
        "deso": "0139A0010",
        "regso": "Upplands-Bro södra omland",
        "regsokod": "0139R010",
        "ts": 1623974400000,
        "uid": "a636763950",
        "month": "06",
        "year": "2021",
        "link": null,
        "source": "polis",
        "geo": true,
        "tatort": null,
        "stadsdel": "Låssa",
        "distrikt": "Låssa",
        "plats": "Låssa, Upplands-Bro"
      },
      "geometry": {
        "type": "Point",
        "coordinates": [
          17.509521607326803,
          59.514278449441356
        ]
      }
    },
    {
      "type": "Feature",
      "properties": {
        "index": 1199,
        "brottsdatum": "2021-06-20",
        "doda": 1,
        "skadade": 1,
        "status": "Öppet ärende",
        "region": "Stockholm",
        "polisomrade": "Syd",
        "deso": "0180C2010",
        "regso": "Sätra",
        "regsokod": "0180R092",
        "ts": 1624147200000,
        "uid": "f5da8f72c3",
        "month": "06",
        "year": "2021",
        "link": "https://www.svt.se/nyheter/lokalt/stockholm/tva-skadade-efter-skottlossning-i-satra",
        "source": "polis",
        "geo": true,
        "tatort": "Stockholm",
        "stadsdel": "Sätra ",
        "distrikt": "Skärholmen",
        "plats": "Sätra, Stockholm"
      },
      "geometry": {
        "type": "Point",
        "coordinates": [
          17.920496881272282,
          59.28467409759833
        ]
      }
    },
    {
      "type": "Feature",
      "properties": {
        "index": 1208,
        "brottsdatum": "2021-06-30",
        "doda": 1,
        "skadade": 0,
        "status": "Ärende nedlagt efter FU",
        "region": "Väst",
        "polisomrade": "Storgöteborg",
        "deso": "1480C2820",
        "regso": "Södra Biskopsgården östra",
        "regsokod": "1480R136",
        "ts": 1625011200000,
        "uid": "dde4f5f354",
        "month": "06",
        "year": "2021",
        "link": null,
        "source": "polis",
        "geo": true,
        "tatort": "Göteborg",
        "stadsdel": "Södra Biskopsgården",
        "distrikt": "Biskopsgården",
        "plats": "Södra Biskopsgården, Göteborg"
      },
      "geometry": {
        "type": "Point",
        "coordinates": [
          11.890363595487992,
          57.715644837691386
        ]
      }
    },
    {
      "type": "Feature",
      "properties": {
        "index": 1210,
        "brottsdatum": "2021-07-01",
        "doda": 1,
        "skadade": 0,
        "status": "Öppet ärende",
        "region": "Stockholm",
        "polisomrade": "Syd",
        "deso": "0126C1080",
        "regso": "Flemingsberg västra",
        "regsokod": "0126R001",
        "ts": 1625097600000,
        "uid": "827f2d8529",
        "month": "07",
        "year": "2021",
        "link": null,
        "source": "polis",
        "geo": true,
        "tatort": "Stockholm",
        "stadsdel": "Grantorp",
        "distrikt": "Flemingsberg",
        "plats": "Grantorp, Huddinge"
      },
      "geometry": {
        "type": "Point",
        "coordinates": [
          17.942013093842508,
          59.222206166315864
        ]
      }
    },
    {
      "type": "Feature",
      "properties": {
        "index": 1214,
        "brottsdatum": "2021-07-05",
        "doda": 1,
        "skadade": 0,
        "status": "Öppet ärende",
        "region": "Stockholm",
        "polisomrade": "Nord",
        "deso": "0180C6150",
        "regso": "Rinkeby",
        "regsokod": "0180R076",
        "ts": 1625443200000,
        "uid": "2def5e678a",
        "month": "07",
        "year": "2021",
        "link": null,
        "source": "polis",
        "geo": true,
        "tatort": "Stockholm",
        "stadsdel": "Rinkeby ",
        "distrikt": "Spånga",
        "plats": "Rinkeby, Stockholm"
      },
      "geometry": {
        "type": "Point",
        "coordinates": [
          17.926336571618766,
          59.38971199963308
        ]
      }
    },
    {
      "type": "Feature",
      "properties": {
        "index": 1221,
        "brottsdatum": "2021-07-09",
        "doda": 1,
        "skadade": 0,
        "status": "Öppet ärende",
        "region": "Väst",
        "polisomrade": "Syd",
        "deso": "1480C1490",
        "regso": "Högsbotorp östra",
        "regsokod": "1480R056",
        "ts": 1625788800000,
        "uid": "2acfb0514a",
        "month": "07",
        "year": "2021",
        "link": null,
        "source": "polis",
        "geo": true,
        "tatort": "Göteborg",
        "stadsdel": "Högsbotorp",
        "distrikt": "Högsbo",
        "plats": "Högsbotorp, Göteborg"
      },
      "geometry": {
        "type": "Point",
        "coordinates": [
          11.934634834280367,
          57.67354948143436
        ]
      }
    },
    {
      "type": "Feature",
      "properties": {
        "index": 1243,
        "brottsdatum": "2021-07-30",
        "doda": 1,
        "skadade": 0,
        "status": "Ärende redovisat till åklagare",
        "region": "Nord",
        "polisomrade": "Norrbotten",
        "deso": "2580C1220",
        "regso": "Tuna",
        "regsokod": "2580R028",
        "ts": 1627603200000,
        "uid": "347fafef39",
        "month": "07",
        "year": "2021",
        "link": null,
        "source": "polis",
        "geo": true,
        "tatort": "Luleå",
        "stadsdel": "Notviken",
        "distrikt": "Luleå domkyrkodistrikt",
        "plats": "Notviken, Luleå"
      },
      "geometry": {
        "type": "Point",
        "coordinates": [
          22.092928180918335,
          65.60850450242137
        ]
      }
    },
    {
      "type": "Feature",
      "properties": {
        "index": 1248,
        "brottsdatum": "2021-08-05",
        "doda": 1,
        "skadade": 1,
        "status": "Öppet ärende",
        "region": "Öst",
        "polisomrade": "Östergötland",
        "deso": "0580C1220",
        "regso": "Berga",
        "regsokod": "0580R001",
        "ts": 1628121600000,
        "uid": "f01f018613",
        "month": "08",
        "year": "2021",
        "link": "https://www.svt.se/nyheter/lokalt/ost/larm-om-skottlossning-i-linkoping",
        "source": "polis",
        "geo": true,
        "tatort": "Linköping",
        "stadsdel": "Berga",
        "distrikt": "Berga",
        "plats": "Berga, Linköping"
      },
      "geometry": {
        "type": "Point",
        "coordinates": [
          15.641460940047958,
          58.39260297096597
        ]
      }
    },
    {
      "type": "Feature",
      "properties": {
        "index": 1255,
        "brottsdatum": "2021-08-09",
        "doda": 1,
        "skadade": 0,
        "status": "Ärende redovisat till åklagare",
        "region": "Mitt",
        "polisomrade": "Uppsala",
        "deso": "0381A0040",
        "regso": "Åsunda",
        "regsokod": "0381R011",
        "ts": 1628467200000,
        "uid": "a716f89ac3",
        "month": "08",
        "year": "2021",
        "link": null,
        "source": "polis",
        "geo": true,
        "tatort": null,
        "stadsdel": null,
        "distrikt": "Tillinge",
        "plats": "Tillinge, Enköping"
      },
      "geometry": {
        "type": "Point",
        "coordinates": [
          16.98797,
          59.63283
        ]
      }
    },
    {
      "type": "Feature",
      "properties": {
        "index": 1262,
        "brottsdatum": "2021-08-15",
        "doda": 1,
        "skadade": 0,
        "status": "Ärende redovisat till åklagare",
        "region": "Syd",
        "polisomrade": "PONV",
        "deso": "1283C1490",
        "regso": "Fredriksdal-Filborna",
        "regsokod": "1283R008",
        "ts": 1628985600000,
        "uid": "2a47ca176c",
        "month": "08",
        "year": "2021",
        "link": null,
        "source": "polis",
        "geo": true,
        "tatort": "Helsingborg",
        "stadsdel": "Dalhem",
        "distrikt": "Filborna",
        "plats": "Dalhem, Helsingborg"
      },
      "geometry": {
        "type": "Point",
        "coordinates": [
          12.740285435115998,
          56.06036122846884
        ]
      }
    },
    {
      "type": "Feature",
      "properties": {
        "index": 1263,
        "brottsdatum": "2021-08-16",
        "doda": 2,
        "skadade": 0,
        "status": "Öppet ärende",
        "region": "Stockholm",
        "polisomrade": "Nord",
        "deso": "0180C6210",
        "regso": "Tensta",
        "regsokod": "0180R102",
        "ts": 1629072000000,
        "uid": "12e3648c24",
        "month": "08",
        "year": "2021",
        "link": "https://www.svt.se/nyheter/lokalt/stockholm/tva-personer-skadade-efter-skottlossning-i-tensta",
        "source": "polis",
        "geo": true,
        "tatort": "Stockholm",
        "stadsdel": "Tensta ",
        "distrikt": "Spånga",
        "plats": "Tensta, Stockholm"
      },
      "geometry": {
        "type": "Point",
        "coordinates": [
          17.913774984465846,
          59.393872649698054
        ]
      }
    },
    {
      "type": "Feature",
      "properties": {
        "index": 1271,
        "brottsdatum": "2021-08-20",
        "doda": 1,
        "skadade": 0,
        "status": null,
        "region": "Stockholm",
        "polisomrade": "Syd",
        "deso": "0127C1440",
        "regso": "Fittja",
        "regsokod": "0127R005",
        "ts": 1629417600000,
        "uid": "c6395ab6d7",
        "month": "08",
        "year": "2021",
        "link": null,
        "source": "polis",
        "geo": true,
        "tatort": "Stockholm",
        "stadsdel": "Krögarvägen",
        "distrikt": "Botkyrka",
        "plats": "Krögarvägen, Botkyrka"
      },
      "geometry": {
        "type": "Point",
        "coordinates": [
          17.854878630585453,
          59.249308879272256
        ]
      }
    },
    {
      "type": "Feature",
      "properties": {
        "index": 1273,
        "brottsdatum": "2021-08-21",
        "doda": 1,
        "skadade": 0,
        "status": "Ärende redovisat till åklagare",
        "region": "Syd",
        "polisomrade": "POMA",
        "deso": "1280C2730",
        "regso": "RegSO-Gamla staden öst",
        "regsokod": "1280R022",
        "ts": 1629504000000,
        "uid": "885729cb1d",
        "month": "08",
        "year": "2021",
        "link": null,
        "source": "polis",
        "geo": true,
        "tatort": "Malmö",
        "stadsdel": "Gamla Staden",
        "distrikt": "Malmö Sankt Petri",
        "plats": "Gamla Staden, Malmö"
      },
      "geometry": {
        "type": "Point",
        "coordinates": [
          13.01259020779177,
          55.60580290297527
        ]
      }
    },
    {
      "type": "Feature",
      "properties": {
        "index": 1276,
        "brottsdatum": "2021-08-25",
        "doda": 1,
        "skadade": 0,
        "status": "Öppet ärende",
        "region": "Öst",
        "polisomrade": "Östergötland",
        "deso": "0580C1660",
        "regso": "Skäggetorp-Tornby",
        "regsokod": "0580R018",
        "ts": 1629849600000,
        "uid": "78aad1e003",
        "month": "08",
        "year": "2021",
        "link": null,
        "source": "polis",
        "geo": true,
        "tatort": "Linköping",
        "stadsdel": "Skäggetorp",
        "distrikt": "Skäggetorp",
        "plats": "Skäggetorp, Linköping"
      },
      "geometry": {
        "type": "Point",
        "coordinates": [
          15.580430652710213,
          58.42612621480689
        ]
      }
    },
    {
      "type": "Feature",
      "properties": {
        "index": 1284,
        "brottsdatum": "2021-08-30",
        "doda": 1,
        "skadade": 1,
        "status": "Ärende redovisat till åklagare",
        "region": "Stockholm",
        "polisomrade": "Nord",
        "deso": "0180C6240",
        "regso": "Tensta",
        "regsokod": "0180R102",
        "ts": 1630281600000,
        "uid": "298e7be9e4",
        "month": "08",
        "year": "2021",
        "link": "https://www.svt.se/nyheter/lokalt/stockholm/tva-man-skjutna-i-hjulsta",
        "source": "polis",
        "geo": true,
        "tatort": "Stockholm",
        "stadsdel": "Tensta ",
        "distrikt": "Spånga",
        "plats": "Tensta, Stockholm"
      },
      "geometry": {
        "type": "Point",
        "coordinates": [
          17.886670103800515,
          59.396870576191205
        ]
      }
    },
    {
      "type": "Feature",
      "properties": {
        "index": 1295,
        "brottsdatum": "2021-09-11",
        "doda": 1,
        "skadade": 0,
        "status": "Ärende redovisat till åklagare",
        "region": "Syd",
        "polisomrade": "POKK",
        "deso": "0780C1280",
        "regso": "Araby-Dalbo-Nydala",
        "regsokod": "0780R001",
        "ts": 1631318400000,
        "uid": "cb208f64c4",
        "month": "09",
        "year": "2021",
        "link": "https://www.svt.se/nyheter/lokalt/smaland/skottlossning-i-vaxjo-en-person-allvarligt-skadad",
        "source": "polis",
        "geo": true,
        "tatort": "Växjö",
        "stadsdel": "Araby",
        "distrikt": "Växjö Maria",
        "plats": "Araby, Växjö"
      },
      "geometry": {
        "type": "Point",
        "coordinates": [
          14.793158229488542,
          56.89664435231614
        ]
      }
    },
    {
      "type": "Feature",
      "properties": {
        "index": 1301,
        "brottsdatum": "2021-09-15",
        "doda": 1,
        "skadade": 0,
        "status": "Ärende redovisat till åklagare",
        "region": "Mitt",
        "polisomrade": "Uppsala",
        "deso": "0380C1150",
        "regso": "Södra Valsätra-Norra Gottsunda",
        "regsokod": "0380R033",
        "ts": 1631664000000,
        "uid": "5ab053526e",
        "month": "09",
        "year": "2021",
        "link": "https://www.svt.se/nyheter/lokalt/uppsala/dom-10",
        "source": "polis",
        "geo": true,
        "tatort": "Uppsala",
        "stadsdel": "Gottsunda",
        "distrikt": "Gottsunda",
        "plats": "Gottsunda, Uppsala"
      },
      "geometry": {
        "type": "Point",
        "coordinates": [
          17.617652351313346,
          59.81403123748635
        ]
      }
    },
    {
      "type": "Feature",
      "properties": {
        "index": 1324,
        "brottsdatum": "2021-10-06",
        "doda": 1,
        "skadade": 0,
        "status": "Öppet ärende",
        "region": "Öst",
        "polisomrade": "Östergötland",
        "deso": "0580C1090",
        "regso": "Lambohov-Slaka",
        "regsokod": "0580R011",
        "ts": 1633478400000,
        "uid": "91a1ac0b54",
        "month": "10",
        "year": "2021",
        "link": "https://www.svt.se/nyheter/lokalt/ost/man-skjuten-till-dods-i-linkoping",
        "source": "polis",
        "geo": true,
        "tatort": "Linköping",
        "stadsdel": "Lambohov",
        "distrikt": "Slaka",
        "plats": "Lambohov, Linköping"
      },
      "geometry": {
        "type": "Point",
        "coordinates": [
          15.571085309201909,
          58.37766707870255
        ]
      }
    },
    {
      "type": "Feature",
      "properties": {
        "index": 1336,
        "brottsdatum": "2021-10-12",
        "doda": 1,
        "skadade": 1,
        "status": "Öppet ärende",
        "region": "Stockholm",
        "polisomrade": "Syd",
        "deso": "0180C1020",
        "regso": "Östra Farsta Strand",
        "regsokod": "0180R123",
        "ts": 1633996800000,
        "uid": "7150490973",
        "month": "10",
        "year": "2021",
        "link": "https://www.svt.se/nyheter/lokalt/stockholm/tva-skadade-i-skottlossning-i-farsta",
        "source": "polis",
        "geo": true,
        "tatort": "Stockholm",
        "stadsdel": "Farsta Strand ",
        "distrikt": "Farsta",
        "plats": "Farsta Strand, Stockholm"
      },
      "geometry": {
        "type": "Point",
        "coordinates": [
          18.096316680872746,
          59.2328548886908
        ]
      }
    },
    {
      "type": "Feature",
      "properties": {
        "index": 1340,
        "brottsdatum": "2021-10-14",
        "doda": 1,
        "skadade": 0,
        "status": "Ärende redovisat till åklagare",
        "region": "Syd",
        "polisomrade": "Ponv",
        "deso": "1283C1210",
        "regso": "Närlunda-Elineberg",
        "regsokod": "1283R017",
        "ts": 1634169600000,
        "uid": "d662dbbc66",
        "month": "10",
        "year": "2021",
        "link": "https://www.svt.se/nyheter/lokalt/helsingborg/skjutne-mannen-har-avlidit-en-misstankt-gripen-i-natt",
        "source": "polis",
        "geo": true,
        "tatort": "Helsingborg",
        "stadsdel": "Högaborg",
        "distrikt": "Helsingborgs Gustav Adolf",
        "plats": "Högaborg, Helsingborg"
      },
      "geometry": {
        "type": "Point",
        "coordinates": [
          12.719146061091944,
          56.037503348076875
        ]
      }
    },
    {
      "type": "Feature",
      "properties": {
        "index": 1349,
        "brottsdatum": "2021-10-21",
        "doda": 1,
        "skadade": 0,
        "status": "Öppet ärende",
        "region": "Stockholm",
        "polisomrade": "City",
        "deso": "0180C2830",
        "regso": "Södra Hammarbyhamnen",
        "regsokod": "0180R094",
        "ts": 1634774400000,
        "uid": "48679deb12",
        "month": "10",
        "year": "2021",
        "link": "https://www.aftonbladet.se/story/mordet-pa-rapparen-einar-19",
        "source": "polis",
        "geo": true,
        "tatort": "Stockholm",
        "stadsdel": "Södra Hammarbyhamnen ",
        "distrikt": "Stockholms Sofia",
        "plats": "Södra Hammarbyhamnen, Stockholm"
      },
      "geometry": {
        "type": "Point",
        "coordinates": [
          18.103618395333775,
          59.30292141214496
        ]
      }
    },
    {
      "type": "Feature",
      "properties": {
        "index": 1369,
        "brottsdatum": "2021-11-11",
        "doda": 1,
        "skadade": 0,
        "status": "Ärende redovisat till åklagare",
        "region": "Mitt",
        "polisomrade": "PO Gävleborg",
        "deso": "2180C1190",
        "regso": "Gävle söder-Sörby",
        "regsokod": "2180R008",
        "ts": 1636588800000,
        "uid": "da681f1880",
        "month": "11",
        "year": "2021",
        "link": "https://www.aftonbladet.se/nyheter/a/BjQQ3E/tva-doms-for-skjutning-pa-brunnsgatan-i-gavle-november-2021",
        "source": "polis",
        "geo": true,
        "tatort": "Gävle",
        "stadsdel": "Vallbacken",
        "distrikt": "Gävle Heliga Trefaldighet",
        "plats": "Vallbacken, Gävle"
      },
      "geometry": {
        "type": "Point",
        "coordinates": [
          17.139341563863614,
          60.667896130702715
        ]
      }
    },
    {
      "type": "Feature",
      "properties": {
        "index": 1370,
        "brottsdatum": "2021-11-12",
        "doda": 1,
        "skadade": 1,
        "status": "Öppet ärende",
        "region": "Stockholm",
        "polisomrade": "Nord",
        "deso": "0180C6020",
        "regso": "Kälvesta",
        "regsokod": "0180R050",
        "ts": 1636675200000,
        "uid": "bd6609e2d8",
        "month": "11",
        "year": "2021",
        "link": "https://www.aftonbladet.se/nyheter/a/dnGz9O/tva-skjutna-i-bil-i-vastra-stockholm--en-dod",
        "source": "polis",
        "geo": true,
        "tatort": "Stockholm",
        "stadsdel": "Kälvesta ",
        "distrikt": "Vällingby",
        "plats": "Kälvesta, Stockholm"
      },
      "geometry": {
        "type": "Point",
        "coordinates": [
          17.846924935663186,
          59.38516458806252
        ]
      }
    },
    {
      "type": "Feature",
      "properties": {
        "index": 1381,
        "brottsdatum": "2021-11-28",
        "doda": 1,
        "skadade": 0,
        "status": "Öppet ärende",
        "region": "Stockholm",
        "polisomrade": "Syd",
        "deso": "0126C1340",
        "regso": "Sjödalen centrala-norra",
        "regsokod": "0126R012",
        "ts": 1638057600000,
        "uid": "d88141a21f",
        "month": "11",
        "year": "2021",
        "link": "https://www.svt.se/nyheter/lokalt/stockholm/en-man-skjuten-till-dods-soder-om-stockholm",
        "source": "polis",
        "geo": true,
        "tatort": "Stockholm",
        "stadsdel": "Kvarnbergsplan",
        "distrikt": "Huddinge",
        "plats": "Kvarnbergsplan, Huddinge"
      },
      "geometry": {
        "type": "Point",
        "coordinates": [
          17.996228791475385,
          59.240737288707976
        ]
      }
    },
    {
      "type": "Feature",
      "properties": {
        "index": 1393,
        "brottsdatum": "2021-12-15",
        "doda": 1,
        "skadade": 0,
        "status": "Öppet ärende",
        "region": "Syd",
        "polisomrade": "POMA",
        "deso": "1280C1200",
        "regso": "RegSO-Bunkeflostrand öst",
        "regsokod": "1280R011",
        "ts": 1639526400000,
        "uid": "2cfb8ca8ea",
        "month": "12",
        "year": "2021",
        "link": "https://www.svt.se/nyheter/lokalt/skane/en-man-till-sjukhus-efter-skottlossning-i-bunkeflostrand",
        "source": "polis",
        "geo": true,
        "tatort": null,
        "stadsdel": "Bunkeflostrand",
        "distrikt": "Bunkeflo",
        "plats": "Bunkeflostrand, Malmö"
      },
      "geometry": {
        "type": "Point",
        "coordinates": [
          12.929298368483815,
          55.55948605580405
        ]
      }
    },
    {
      "type": "Feature",
      "properties": {
        "index": 1401,
        "brottsdatum": "2021-12-22",
        "doda": 1,
        "skadade": 0,
        "status": "Öppet ärende",
        "region": "Stockholm",
        "polisomrade": "City",
        "deso": "0180C3980",
        "regso": "Kungsholm",
        "regsokod": "0180R049",
        "ts": 1640131200000,
        "uid": "37e6bc139f",
        "month": "12",
        "year": "2021",
        "link": "https://www.aftonbladet.se/nyheter/a/a7ypo4/man-ihjalskjuten-i-hotellreception",
        "source": "polis",
        "geo": true,
        "tatort": "Stockholm",
        "stadsdel": "Kungsholmen ",
        "distrikt": "Kungsholmen",
        "plats": "Kungsholmen, Stockholm"
      },
      "geometry": {
        "type": "Point",
        "coordinates": [
          18.03053110430367,
          59.33070352878615
        ]
      }
    },
    {
      "type": "Feature",
      "properties": {
        "index": 1405,
        "brottsdatum": "2021-12-29",
        "doda": 1,
        "skadade": 0,
        "status": "Öppet ärende",
        "region": "Öst",
        "polisomrade": "Östergötland",
        "deso": "0580C1630",
        "regso": "Skäggetorp-Tornby",
        "regsokod": "0580R018",
        "ts": 1640736000000,
        "uid": "44fc85ced0",
        "month": "12",
        "year": "2021",
        "link": "https://www.svt.se/nyheter/lokalt/ost/misstankt-skottlossning-skadad-person-funnen-i-linkoping",
        "source": "polis",
        "geo": true,
        "tatort": "Linköping",
        "stadsdel": "Skäggetorp",
        "distrikt": "Skäggetorp",
        "plats": "Skäggetorp, Linköping"
      },
      "geometry": {
        "type": "Point",
        "coordinates": [
          15.583795368397723,
          58.42251827100715
        ]
      }
    },
    {
      "type": "Feature",
      "properties": {
        "index": 1417,
        "brottsdatum": "2022-01-10",
        "doda": 1,
        "skadade": 0,
        "status": "Öppet ärende",
        "region": "Stockholm",
        "polisomrade": "PO Stockholm Nord",
        "deso": "0123C1160",
        "regso": "Nyberg-Hammaren östra",
        "regsokod": "0123R017",
        "ts": 1641772800000,
        "uid": "6b562aaf04",
        "month": "01",
        "year": "2022",
        "link": "https://www.svt.se/nyheter/lokalt/stockholm/skottlossning-i-jakobsberg-1",
        "source": "polis",
        "geo": true,
        "tatort": "Stockholm",
        "stadsdel": "Jakobsberg",
        "distrikt": "Jakobsberg",
        "plats": "Jakobsberg, Järfälla"
      },
      "geometry": {
        "type": "Point",
        "coordinates": [
          17.840461949143684,
          59.41316030754392
        ]
      }
    },
    {
      "type": "Feature",
      "properties": {
        "index": 1419,
        "brottsdatum": "2022-01-14",
        "doda": 1,
        "skadade": 0,
        "status": "Öppet ärende",
        "region": "Syd",
        "polisomrade": "PO Malmö",
        "deso": "1280C2610",
        "regso": "RegSO-Värnhem-Västra Sorgenfri",
        "regsokod": "1280R077",
        "ts": 1642118400000,
        "uid": "8409b61543",
        "month": "01",
        "year": "2022",
        "link": "https://www.svt.se/nyheter/lokalt/skane/man-hittad-avliden-i-malmo-oklara-omstandigheter-kring-dodsfallet",
        "source": "polis",
        "geo": true,
        "tatort": "Malmö",
        "stadsdel": "Värnhem",
        "distrikt": "Malmö Sankt Pauli",
        "plats": "Värnhem, Malmö"
      },
      "geometry": {
        "type": "Point",
        "coordinates": [
          13.025371091307536,
          55.604211919410986
        ]
      }
    },
    {
      "type": "Feature",
      "properties": {
        "index": 1422,
        "brottsdatum": "2022-01-18",
        "doda": 1,
        "skadade": 0,
        "status": "Öppet ärende",
        "region": "Syd",
        "polisomrade": "PONV",
        "deso": "1283C1520",
        "regso": "Tågaborg",
        "regsokod": "1283R027",
        "ts": 1642464000000,
        "uid": "2e2c7ca71e",
        "month": "01",
        "year": "2022",
        "link": "https://www.svt.se/nyheter/lokalt/helsingborg/larm-om-skottlossning-i-helsingborg-3",
        "source": "polis",
        "geo": true,
        "tatort": "Helsingborg",
        "stadsdel": "Tågaborg S",
        "distrikt": "Helsingborgs Maria",
        "plats": "Tågaborg S, Helsingborg"
      },
      "geometry": {
        "type": "Point",
        "coordinates": [
          12.697068175807582,
          56.057764556581944
        ]
      }
    },
    {
      "type": "Feature",
      "properties": {
        "index": 1426,
        "brottsdatum": "2022-01-22",
        "doda": 1,
        "skadade": 0,
        "status": "Öppet ärende",
        "region": "Syd",
        "polisomrade": "POMA",
        "deso": "1280C1240",
        "regso": "RegSO-Lindängen",
        "regsokod": "1280R045",
        "ts": 1642809600000,
        "uid": "180712533b",
        "month": "01",
        "year": "2022",
        "link": "https://www.aftonbladet.se/nyheter/a/66ddLL/man-dod-efter-skottlossning-i-trappuppgang",
        "source": "polis",
        "geo": true,
        "tatort": "Malmö",
        "stadsdel": "Lindängen",
        "distrikt": "Fosie",
        "plats": "Lindängen, Malmö"
      },
      "geometry": {
        "type": "Point",
        "coordinates": [
          13.017981946951044,
          55.56185145019935
        ]
      }
    },
    {
      "type": "Feature",
      "properties": {
        "index": 1429,
        "brottsdatum": "2022-01-25",
        "doda": 1,
        "skadade": 0,
        "status": "Öppet ärende",
        "region": "Stockholm",
        "polisomrade": "PO Stockholm syd",
        "deso": "0127C1430",
        "regso": "Hallunda",
        "regsokod": "0127R007",
        "ts": 1643068800000,
        "uid": "8041871053",
        "month": "01",
        "year": "2022",
        "link": "https://www.svt.se/nyheter/lokalt/stockholm/svart-skadad-man-hittad-pa-parkering-misstankt-skottlossning",
        "source": "polis",
        "geo": true,
        "tatort": "Stockholm",
        "stadsdel": "Tornet",
        "distrikt": "Botkyrka",
        "plats": "Tornet, Botkyrka"
      },
      "geometry": {
        "type": "Point",
        "coordinates": [
          17.81635358009429,
          59.25014883915796
        ]
      }
    },
    {
      "type": "Feature",
      "properties": {
        "index": 1432,
        "brottsdatum": "2022-01-28",
        "doda": 1,
        "skadade": 0,
        "status": "Öppet ärende",
        "region": "Öst",
        "polisomrade": "LPO Linköping",
        "deso": "0580C1150",
        "regso": "Ekholmen",
        "regsokod": "0580R003",
        "ts": 1643328000000,
        "uid": "e7b5761ba9",
        "month": "01",
        "year": "2022",
        "link": "https://www.svt.se/nyheter/lokalt/ost/misstankt-skottlossning-i-linkoping-2",
        "source": "polis",
        "geo": true,
        "tatort": "Linköping",
        "stadsdel": "Ekholmen",
        "distrikt": "Landeryd",
        "plats": "Ekholmen, Linköping"
      },
      "geometry": {
        "type": "Point",
        "coordinates": [
          15.67888324121052,
          58.38163199697787
        ]
      }
    },
    {
      "type": "Feature",
      "properties": {
        "index": 1433,
        "brottsdatum": "2022-01-29",
        "doda": 1,
        "skadade": 0,
        "status": "Öppet ärende",
        "region": "Stockholm",
        "polisomrade": "PO Stockholm nord",
        "deso": "0180C6120",
        "regso": "Rinkeby",
        "regsokod": "0180R076",
        "ts": 1643414400000,
        "uid": "0212dea4de",
        "month": "01",
        "year": "2022",
        "link": "https://www.svt.se/nyheter/lokalt/stockholm/svart-skadad-person-hittad-i-trapphus",
        "source": "polis",
        "geo": true,
        "tatort": "Stockholm",
        "stadsdel": "Rinkeby ",
        "distrikt": "Spånga",
        "plats": "Rinkeby, Stockholm"
      },
      "geometry": {
        "type": "Point",
        "coordinates": [
          17.93009244404075,
          59.389612200764574
        ]
      }
    },
    {
      "type": "Feature",
      "properties": {
        "index": 1438,
        "brottsdatum": "2022-02-04",
        "doda": 1,
        "skadade": 0,
        "status": "Ärende redovisat till åklagare",
        "region": "Väst",
        "polisomrade": "Älvsborg",
        "deso": "1490C1480",
        "regso": "Sjöbo centrum",
        "regsokod": "1490R033",
        "ts": 1643932800000,
        "uid": "1a55103da1",
        "month": "02",
        "year": "2022",
        "link": "https://www.svt.se/nyheter/lokalt/vast/misstankt-mordforsok-i-boras-larm-om-skottlossning",
        "source": "polis",
        "geo": true,
        "tatort": "Borås",
        "stadsdel": "Sjöbo",
        "distrikt": "Borås Caroli",
        "plats": "Sjöbo, Borås"
      },
      "geometry": {
        "type": "Point",
        "coordinates": [
          12.941769506104952,
          57.74875538636299
        ]
      }
    },
    {
      "type": "Feature",
      "properties": {
        "index": 1442,
        "brottsdatum": "2022-02-09",
        "doda": 1,
        "skadade": 0,
        "status": "Ärende redovisat till åklagare",
        "region": "Stockholm",
        "polisomrade": "PO Stockholm syd",
        "deso": "0182C1140",
        "regso": "Fisksätra",
        "regsokod": "0182R004",
        "ts": 1644364800000,
        "uid": "6aa5c8acec",
        "month": "02",
        "year": "2022",
        "link": "https://www.aftonbladet.se/nyheter/a/KzKX9E/en-skadad-i-skottlossning",
        "source": "polis",
        "geo": true,
        "tatort": "Fisksätra",
        "stadsdel": "Fisksätra",
        "distrikt": "Nacka",
        "plats": "Fisksätra, Nacka"
      },
      "geometry": {
        "type": "Point",
        "coordinates": [
          18.25738699579802,
          59.29377161051943
        ]
      }
    },
    {
      "type": "Feature",
      "properties": {
        "index": 1443,
        "brottsdatum": "2022-02-11",
        "doda": 1,
        "skadade": 0,
        "status": "Öppet ärende",
        "region": "Syd",
        "polisomrade": "PO Kalmar Kronoberg",
        "deso": "0880C1030",
        "regso": "Kalmar centrala-Stensö",
        "regsokod": "0880R006",
        "ts": 1644537600000,
        "uid": "4073c8e56b",
        "month": "02",
        "year": "2022",
        "link": "https://www.svt.se/nyheter/lokalt/smaland/man-hittad-dod-i-kalmar-2",
        "source": "polis",
        "geo": true,
        "tatort": "Kalmar",
        "stadsdel": "Kvarnholmen",
        "distrikt": "Kalmar domkyrkodistrikt",
        "plats": "Kvarnholmen, Kalmar"
      },
      "geometry": {
        "type": "Point",
        "coordinates": [
          16.37054655855362,
          56.665577411784916
        ]
      }
    },
    {
      "type": "Feature",
      "properties": {
        "index": 1444,
        "brottsdatum": "2022-02-13",
        "doda": 1,
        "skadade": 0,
        "status": "Öppet ärende",
        "region": "Stockholm",
        "polisomrade": "PO Stockholm syd",
        "deso": "0180C1510",
        "regso": "Norra Skarpnäcks Gård",
        "regsokod": "0180R069",
        "ts": 1644710400000,
        "uid": "8bc9337a0a",
        "month": "02",
        "year": "2022",
        "link": "https://www.aftonbladet.se/nyheter/a/XqOy3r/en-skadad-efter-skottlossning",
        "source": "polis",
        "geo": true,
        "tatort": "Stockholm",
        "stadsdel": "Skarpnäcks Gård ",
        "distrikt": "Skarpnäck",
        "plats": "Skarpnäcks Gård, Stockholm"
      },
      "geometry": {
        "type": "Point",
        "coordinates": [
          18.128459706363856,
          59.267278770235365
        ]
      }
    },
    {
      "type": "Feature",
      "properties": {
        "index": 1448,
        "brottsdatum": "2022-02-17",
        "doda": 1,
        "skadade": 0,
        "status": "Öppet ärende",
        "region": "Syd",
        "polisomrade": "PO södra Skåne",
        "deso": "1266C1030",
        "regso": "Hörby västra-Osbyholm",
        "regsokod": "1266R001",
        "ts": 1645056000000,
        "uid": "e05b0c066f",
        "month": "02",
        "year": "2022",
        "link": "https://www.svt.se/nyheter/lokalt/skane/misstankt-skottlossning-i-horby-skadad-person-antraffad",
        "source": "polis",
        "geo": true,
        "tatort": "Hörby",
        "stadsdel": null,
        "distrikt": "Hörby",
        "plats": "Hörby"
      },
      "geometry": {
        "type": "Point",
        "coordinates": [
          13.661460420458711,
          55.85094032552511
        ]
      }
    },
    {
      "type": "Feature",
      "properties": {
        "index": 1455,
        "brottsdatum": "2022-02-22",
        "doda": 1,
        "skadade": 0,
        "status": "Öppet ärende",
        "region": "Stockholm",
        "polisomrade": "PO Stockholm syd",
        "deso": "0181C1270",
        "regso": "Ronna centrum-Ronna Park-Västra Ronna",
        "regsokod": "0181R021",
        "ts": 1645488000000,
        "uid": "d657a40d8f",
        "month": "02",
        "year": "2022",
        "link": "https://www.svt.se/nyheter/lokalt/sodertalje/man-skottskadad-i-bil-i-sodertaljte",
        "source": "polis",
        "geo": true,
        "tatort": "Södertälje",
        "stadsdel": "Ronna",
        "distrikt": "Västertälje",
        "plats": "Ronna, Södertälje"
      },
      "geometry": {
        "type": "Point",
        "coordinates": [
          17.58263249346349,
          59.198395924225956
        ]
      }
    },
    {
      "type": "Feature",
      "properties": {
        "index": 1458,
        "brottsdatum": "2022-02-28",
        "doda": 1,
        "skadade": 1,
        "status": "Öppet ärende",
        "region": "Mitt",
        "polisomrade": "PO Gävleborg",
        "deso": "2182C1060",
        "regso": "Söderhamn centrala staden norr",
        "regsokod": "2182R008",
        "ts": 1646006400000,
        "uid": "da51490c58",
        "month": "02",
        "year": "2022",
        "link": "https://www.svt.se/nyheter/lokalt/gavleborg/en-mordad-och-en-svart-skadad-i-soderhamn",
        "source": "polis",
        "geo": true,
        "tatort": "Söderhamn",
        "stadsdel": "Kvarnmyran",
        "distrikt": "Söderhamn",
        "plats": "Kvarnmyran, Söderhamn"
      },
      "geometry": {
        "type": "Point",
        "coordinates": [
          17.0502104888521,
          61.30783740272621
        ]
      }
    },
    {
      "type": "Feature",
      "properties": {
        "index": 1465,
        "brottsdatum": "2022-03-04",
        "doda": 1,
        "skadade": 0,
        "status": "Öppet ärende",
        "region": "Stockholm",
        "polisomrade": "PO Stockholm syd",
        "deso": "0136C1320",
        "regso": "Brandbergen norra",
        "regsokod": "0136R002",
        "ts": 1646352000000,
        "uid": "05b0d42337",
        "month": "03",
        "year": "2022",
        "link": "https://www.aftonbladet.se/nyheter/a/k6Gx8j/larm-om-misstankt-skottlossning-i-haninge",
        "source": "polis",
        "geo": true,
        "tatort": "Stockholm",
        "stadsdel": "Brandbergen",
        "distrikt": "Österhaninge",
        "plats": "Brandbergen, Haninge"
      },
      "geometry": {
        "type": "Point",
        "coordinates": [
          18.158606062622766,
          59.17578309376144
        ]
      }
    },
    {
      "type": "Feature",
      "properties": {
        "index": 1469,
        "brottsdatum": "2022-03-06",
        "doda": 1,
        "skadade": 0,
        "status": "Ärende redovisat till åklagare",
        "region": "Syd",
        "polisomrade": "POKK",
        "deso": "0880C1030",
        "regso": "Kalmar centrala-Stensö",
        "regsokod": "0880R006",
        "ts": 1646524800000,
        "uid": "57e5624716",
        "month": "03",
        "year": "2022",
        "link": "https://www.svt.se/nyheter/lokalt/smaland/man-skottskadad-i-kalmar",
        "source": "polis",
        "geo": true,
        "tatort": "Kalmar",
        "stadsdel": "Kvarnholmen",
        "distrikt": "Kalmar domkyrkodistrikt",
        "plats": "Kvarnholmen, Kalmar"
      },
      "geometry": {
        "type": "Point",
        "coordinates": [
          16.367316932637223,
          56.66651141600738
        ]
      }
    },
    {
      "type": "Feature",
      "properties": {
        "index": 1485,
        "brottsdatum": "2022-03-20",
        "doda": 1,
        "skadade": 0,
        "status": "Öppet ärende",
        "region": "Väst",
        "polisomrade": "PO Skaraborg",
        "deso": "1494C1040",
        "regso": "Gamla Staden",
        "regsokod": "1494R001",
        "ts": 1647734400000,
        "uid": "9bdf337e40",
        "month": "03",
        "year": "2022",
        "link": "https://www.svt.se/nyheter/lokalt/vast/man-dod-efter-skottlossning-i-lidkoping",
        "source": "polis",
        "geo": true,
        "tatort": "Lidköping",
        "stadsdel": null,
        "distrikt": "Lidköping",
        "plats": "Lidköping"
      },
      "geometry": {
        "type": "Point",
        "coordinates": [
          13.181248682973248,
          58.49808217380577
        ]
      }
    },
    {
      "type": "Feature",
      "properties": {
        "index": 1498,
        "brottsdatum": "2022-03-28",
        "doda": 1,
        "skadade": 0,
        "status": "Ärende redovisat till åklagare",
        "region": "Stockholm",
        "polisomrade": "PO Stockholm city",
        "deso": "0180C5040",
        "regso": "Östra Matteus",
        "regsokod": "0180R125",
        "ts": 1648425600000,
        "uid": "96f3311db8",
        "month": "03",
        "year": "2022",
        "link": "https://www.svt.se/nyheter/lokalt/stockholm/gymmordet-i-vasastan-fjarde-person-haktad",
        "source": "polis",
        "geo": true,
        "tatort": "Stockholm",
        "stadsdel": "Vasastaden ",
        "distrikt": "Stockholms Sankt Matteus",
        "plats": "Vasastaden, Stockholm"
      },
      "geometry": {
        "type": "Point",
        "coordinates": [
          18.042023679131166,
          59.34121911565596
        ]
      }
    },
    {
      "type": "Feature",
      "properties": {
        "index": 1503,
        "brottsdatum": "2022-04-05",
        "doda": 1,
        "skadade": 0,
        "status": "Öppet ärende",
        "region": "Stockholm",
        "polisomrade": "PO Stockholm syd",
        "deso": "0127C1380",
        "regso": "Norsborg",
        "regsokod": "0127R010",
        "ts": 1649116800000,
        "uid": "16848dbe38",
        "month": "04",
        "year": "2022",
        "link": "https://www.svt.se/nyheter/lokalt/stockholm/en-person-skjuten-i-norsborg",
        "source": "polis",
        "geo": true,
        "tatort": "Stockholm",
        "stadsdel": "Norsborg Centrum",
        "distrikt": "Botkyrka",
        "plats": "Norsborg Centrum, Botkyrka"
      },
      "geometry": {
        "type": "Point",
        "coordinates": [
          17.814158525728082,
          59.244805069872406
        ]
      }
    },
    {
      "type": "Feature",
      "properties": {
        "index": 1508,
        "brottsdatum": "2022-04-10",
        "doda": 1,
        "skadade": 0,
        "status": "Öppet ärende",
        "region": "Stockholm",
        "polisomrade": "PO Stockholm syd",
        "deso": "0180C1510",
        "regso": "Norra Skarpnäcks Gård",
        "regsokod": "0180R069",
        "ts": 1649548800000,
        "uid": "bc483d45a3",
        "month": "04",
        "year": "2022",
        "link": "https://www.svt.se/nyheter/lokalt/stockholm/stor-polisinsats-i-skarpnack-uppgifter-om-skottlossning",
        "source": "polis",
        "geo": true,
        "tatort": "Stockholm",
        "stadsdel": "Skarpnäcks Gård ",
        "distrikt": "Skarpnäck",
        "plats": "Skarpnäcks Gård, Stockholm"
      },
      "geometry": {
        "type": "Point",
        "coordinates": [
          18.12662589010686,
          59.26642419529639
        ]
      }
    },
    {
      "type": "Feature",
      "properties": {
        "index": 1510,
        "brottsdatum": "2022-04-10",
        "doda": 1,
        "skadade": 0,
        "status": "Öppet ärende",
        "region": "Stockholm",
        "polisomrade": "PO Stockholm syd",
        "deso": "0181C1200",
        "regso": "Rosenlund-Hagaberg",
        "regsokod": "0181R023",
        "ts": 1649548800000,
        "uid": "5c6d3e0674",
        "month": "04",
        "year": "2022",
        "link": "https://www.svt.se/nyheter/lokalt/sodertalje/man-hittade-avliden",
        "source": "polis",
        "geo": true,
        "tatort": "Södertälje",
        "stadsdel": "Rosenlund",
        "distrikt": "Östertälje",
        "plats": "Rosenlund, Södertälje"
      },
      "geometry": {
        "type": "Point",
        "coordinates": [
          17.64048166311805,
          59.19903028151302
        ]
      }
    },
    {
      "type": "Feature",
      "properties": {
        "index": 1515,
        "brottsdatum": "2022-04-13",
        "doda": 1,
        "skadade": 0,
        "status": "Ärende redovisat till åklagare",
        "region": "Syd",
        "polisomrade": "PO Blekinge nordöstra Skåne",
        "deso": "1082C1030",
        "regso": "Karlshamn centrala",
        "regsokod": "1082R006",
        "ts": 1649808000000,
        "uid": "e9ef0fbc06",
        "month": "04",
        "year": "2022",
        "link": "https://www.svt.se/nyheter/lokalt/blekinge/man-hittad-skadad-i-parkeringsgarage-i-karlshamn",
        "source": "polis",
        "geo": true,
        "tatort": null,
        "stadsdel": null,
        "distrikt": "Karlshamn",
        "plats": "Karlshamn"
      },
      "geometry": {
        "type": "Point",
        "coordinates": [
          14.861506495357924,
          56.168121992140726
        ]
      }
    },
    {
      "type": "Feature",
      "properties": {
        "index": 1517,
        "brottsdatum": "2022-04-14",
        "doda": 1,
        "skadade": 0,
        "status": null,
        "region": "Nord",
        "polisomrade": "Västerbotten",
        "deso": "2421A0020",
        "regso": "Storuman västra",
        "regsokod": "2421R002",
        "ts": 1649894400000,
        "uid": "069144233b",
        "month": "04",
        "year": "2022",
        "link": "https://www.svt.se/nyheter/lokalt/vasterbotten/vapen-hittat-efter-misstankta-mordet-i-storumans-kommun",
        "source": "polis",
        "geo": true,
        "tatort": null,
        "stadsdel": null,
        "distrikt": "Tärna",
        "plats": "Tärna, Storuman"
      },
      "geometry": {
        "type": "Point",
        "coordinates": [
          15.065444016266895,
          65.74420097344928
        ]
      }
    },
    {
      "type": "Feature",
      "properties": {
        "index": 1521,
        "brottsdatum": "2022-04-15",
        "doda": 2,
        "skadade": 0,
        "status": "Öppet ärende",
        "region": "Stockholm",
        "polisomrade": "PO Stockholm nord",
        "deso": "0115A0030",
        "regso": "Vallentuna landsbygd",
        "regsokod": "0115R004",
        "ts": 1649980800000,
        "uid": "b85771b0b3",
        "month": "04",
        "year": "2022",
        "link": "https://www.svt.se/nyheter/lokalt/stockholm/tre-doda-hittade-i-bostad-i-vallentuna",
        "source": "polis",
        "geo": true,
        "tatort": null,
        "stadsdel": null,
        "distrikt": "Frösunda",
        "plats": "Frösunda, Vallentuna"
      },
      "geometry": {
        "type": "Point",
        "coordinates": [
          18.16128426377109,
          59.658301855086215
        ]
      }
    },
    {
      "type": "Feature",
      "properties": {
        "index": 1539,
        "brottsdatum": "2022-04-28",
        "doda": 1,
        "skadade": 0,
        "status": "Ärende redovisat till åklagare",
        "region": "Väst",
        "polisomrade": "PO Storgöteborg",
        "deso": "1480C3540",
        "regso": "Tuve Norumshöjd",
        "regsokod": "1480R140",
        "ts": 1651104000000,
        "uid": "1041e65d0e",
        "month": "04",
        "year": "2022",
        "link": "https://www.svt.se/nyheter/lokalt/vast/larm-om-skottlossning-pa-gym-i-goteborg",
        "source": "polis",
        "geo": true,
        "tatort": "Göteborg",
        "stadsdel": "Tuve",
        "distrikt": "Tuve",
        "plats": "Tuve, Göteborg"
      },
      "geometry": {
        "type": "Point",
        "coordinates": [
          11.927798283455436,
          57.75427565332675
        ]
      }
    },
    {
      "type": "Feature",
      "properties": {
        "index": 1560,
        "brottsdatum": "2022-05-20",
        "doda": 1,
        "skadade": 0,
        "status": "Öppet ärende",
        "region": "Bergslagen",
        "polisomrade": "Örebro",
        "deso": "1880C1530",
        "regso": "Varberga-Oxhagen",
        "regsokod": "1880R028",
        "ts": 1653004800000,
        "uid": "39ef90e3fd",
        "month": "05",
        "year": "2022",
        "link": "https://www.aftonbladet.se/nyheter/a/nWelxB/uppgifter-larm-om-skjutning",
        "source": "polis",
        "geo": true,
        "tatort": "Örebro",
        "stadsdel": "Varberga",
        "distrikt": "Längbro",
        "plats": "Varberga, Örebro"
      },
      "geometry": {
        "type": "Point",
        "coordinates": [
          15.173773265127918,
          59.288587259466
        ]
      }
    },
    {
      "type": "Feature",
      "properties": {
        "index": 1565,
        "brottsdatum": "2022-05-22",
        "doda": 1,
        "skadade": 0,
        "status": "Öppet ärende",
        "region": "Syd",
        "polisomrade": "PO Kalmar Kronoberg",
        "deso": "0880C1150",
        "regso": "Djurängen-Funkabo-Oxhagen",
        "regsokod": "0880R004",
        "ts": 1653177600000,
        "uid": "1e38d08977",
        "month": "05",
        "year": "2022",
        "link": "https://www.expressen.se/nyheter/person-hittad-skjuten-i-kalmar/",
        "source": "polis",
        "geo": true,
        "tatort": "Kalmar",
        "stadsdel": "Funkabo",
        "distrikt": "Kalmar Sankta Birgitta",
        "plats": "Funkabo, Kalmar"
      },
      "geometry": {
        "type": "Point",
        "coordinates": [
          16.3419212293121,
          56.68655453774892
        ]
      }
    },
    {
      "type": "Feature",
      "properties": {
        "index": 1566,
        "brottsdatum": "2022-05-23",
        "doda": 1,
        "skadade": 0,
        "status": "Ärende redovisat till åklagare",
        "region": "Öst",
        "polisomrade": "PO Södermanland",
        "deso": "0484C1110",
        "regso": "Myrtorp-Västermalm-Brunnsbacken",
        "regsokod": "0484R014",
        "ts": 1653264000000,
        "uid": "8829aee972",
        "month": "05",
        "year": "2022",
        "link": "https://www.svt.se/nyheter/lokalt/sormland/annu-en-skottlossning-i-eskilstuna",
        "source": "polis",
        "geo": true,
        "tatort": "Eskilstuna",
        "stadsdel": "Brunnsbacken",
        "distrikt": "Eskilstuna Fors",
        "plats": "Brunnsbacken, Eskilstuna"
      },
      "geometry": {
        "type": "Point",
        "coordinates": [
          16.503960437660236,
          59.35905800899033
        ]
      }
    },
    {
      "type": "Feature",
      "properties": {
        "index": 1572,
        "brottsdatum": "2022-05-29",
        "doda": 2,
        "skadade": 0,
        "status": "Öppet ärende",
        "region": "Bergslagen",
        "polisomrade": "Örebro",
        "deso": "1880C1530",
        "regso": "Varberga-Oxhagen",
        "regsokod": "1880R028",
        "ts": 1653782400000,
        "uid": "2fca4ecf88",
        "month": "05",
        "year": "2022",
        "link": "https://www.svt.se/nyheter/lokalt/orebro/larm-om-misstankt-skottlossning-i-orebro",
        "source": "polis",
        "geo": true,
        "tatort": "Örebro",
        "stadsdel": "Varberga",
        "distrikt": "Längbro",
        "plats": "Varberga, Örebro"
      },
      "geometry": {
        "type": "Point",
        "coordinates": [
          15.175510050552328,
          59.28499282437552
        ]
      }
    },
    {
      "type": "Feature",
      "properties": {
        "index": 1580,
        "brottsdatum": "2022-06-07",
        "doda": 1,
        "skadade": 0,
        "status": "Ärende redovisat till åklagare",
        "region": "Syd",
        "polisomrade": "PO Blekinge nordöstra Skåne",
        "deso": "1290C1140",
        "regso": "Östra Kasern-Fäladen",
        "regsokod": "1290R024",
        "ts": 1654560000000,
        "uid": "48ef913ebb",
        "month": "06",
        "year": "2022",
        "link": "https://www.svt.se/nyheter/lokalt/skane/misstankt-skottlossning-i-kristianstad-en-skadad",
        "source": "polis",
        "geo": true,
        "tatort": "Kristianstad",
        "stadsdel": "Lyckans Höjd",
        "distrikt": "Kristianstads Heliga Trefaldighet",
        "plats": "Lyckans Höjd, Kristianstad"
      },
      "geometry": {
        "type": "Point",
        "coordinates": [
          14.16061606867764,
          56.03686209197576
        ]
      }
    },
    {
      "type": "Feature",
      "properties": {
        "index": 1584,
        "brottsdatum": "2022-06-10",
        "doda": 1,
        "skadade": 0,
        "status": "Öppet ärende",
        "region": "Stockholm",
        "polisomrade": "PO Stockholm syd",
        "deso": "0181C1160",
        "regso": "Blombacka",
        "regsokod": "0181R001",
        "ts": 1654819200000,
        "uid": "3012ef49fa",
        "month": "06",
        "year": "2022",
        "link": "https://www.expressen.se/nyheter/ung-man-ihjalskjuten-i-sodertalje/",
        "source": "polis",
        "geo": true,
        "tatort": "Södertälje",
        "stadsdel": "Blombacka",
        "distrikt": "Södertälje",
        "plats": "Blombacka, Södertälje"
      },
      "geometry": {
        "type": "Point",
        "coordinates": [
          17.59789512701235,
          59.19180235471123
        ]
      }
    },
    {
      "type": "Feature",
      "properties": {
        "index": 1600,
        "brottsdatum": "2022-06-23",
        "doda": 1,
        "skadade": 0,
        "status": "Öppet ärende",
        "region": "Stockholm",
        "polisomrade": "PO Stockholm syd",
        "deso": "0180C2110",
        "regso": "Solberga",
        "regsokod": "0180R082",
        "ts": 1655942400000,
        "uid": "c292e0ad3b",
        "month": "06",
        "year": "2022",
        "link": "https://www.aftonbladet.se/nyheter/a/mrqG14/skottskadad-person-hittad",
        "source": "polis",
        "geo": true,
        "tatort": "Stockholm",
        "stadsdel": "Solberga ",
        "distrikt": "Brännkyrka",
        "plats": "Solberga, Stockholm"
      },
      "geometry": {
        "type": "Point",
        "coordinates": [
          18.000250450807894,
          59.28647398703902
        ]
      }
    },
    {
      "type": "Feature",
      "properties": {
        "index": 1618,
        "brottsdatum": "2022-07-07",
        "doda": 1,
        "skadade": 0,
        "status": "Öppet ärende",
        "region": "Väst",
        "polisomrade": "PO Storgöteborg",
        "deso": "1480C3300",
        "regso": "Länsmansgården norra",
        "regsokod": "1480R096",
        "ts": 1657152000000,
        "uid": "1e5ae6ae39",
        "month": "07",
        "year": "2022",
        "link": "https://www.expressen.se/nyheter/en-skadad-i-skottlossning-i-goteborg/",
        "source": "polis",
        "geo": true,
        "tatort": "Göteborg",
        "stadsdel": "Länsmansgården",
        "distrikt": "Biskopsgården",
        "plats": "Länsmansgården, Göteborg"
      },
      "geometry": {
        "type": "Point",
        "coordinates": [
          11.89265773163941,
          57.73274537470477
        ]
      }
    },
    {
      "type": "Feature",
      "properties": {
        "index": 1621,
        "brottsdatum": "2022-07-14",
        "doda": 1,
        "skadade": 0,
        "status": "Öppet ärende",
        "region": "Stockholm",
        "polisomrade": "PO Stockholm Syd",
        "deso": "0180C1020",
        "regso": "Östra Farsta Strand",
        "regsokod": "0180R123",
        "ts": 1657756800000,
        "uid": "ecb7c355b4",
        "month": "07",
        "year": "2022",
        "link": "https://www.svt.se/nyheter/lokalt/stockholm/man-skadad-efter-skjutning-i-farsta-strand",
        "source": "polis",
        "geo": true,
        "tatort": "Stockholm",
        "stadsdel": "Farsta Strand ",
        "distrikt": "Farsta",
        "plats": "Farsta Strand, Stockholm"
      },
      "geometry": {
        "type": "Point",
        "coordinates": [
          18.102588144437746,
          59.23374939603014
        ]
      }
    },
    {
      "type": "Feature",
      "properties": {
        "index": 1629,
        "brottsdatum": "2022-07-20",
        "doda": 1,
        "skadade": 0,
        "status": "Öppet ärende",
        "region": "Stockholm",
        "polisomrade": "PO Stockholm Syd",
        "deso": "0127C1090",
        "regso": "Storvreten",
        "regsokod": "0127R013",
        "ts": 1658275200000,
        "uid": "bdccd94c76",
        "month": "07",
        "year": "2022",
        "link": "https://www.expressen.se/nyheter/en-dod-efter-skottlossning-i-botkyrka/",
        "source": "polis",
        "geo": true,
        "tatort": "Tumba",
        "stadsdel": "Storvreten Himmelsboda",
        "distrikt": "Tumba",
        "plats": "Storvreten Himmelsboda, Tumba, Botkyrka"
      },
      "geometry": {
        "type": "Point",
        "coordinates": [
          17.832677654174073,
          59.19318524438328
        ]
      }
    },
    {
      "type": "Feature",
      "properties": {
        "index": 1631,
        "brottsdatum": "2022-07-20",
        "doda": 1,
        "skadade": 0,
        "status": "Öppet ärende",
        "region": "Stockholm",
        "polisomrade": "PO Stockholm Syd",
        "deso": "0127C1270",
        "regso": "Albydalen",
        "regsokod": "0127R002",
        "ts": 1658275200000,
        "uid": "15b47f03c1",
        "month": "07",
        "year": "2022",
        "link": "https://www.expressen.se/nyheter/krim/dod-person-hittad-i-skogsomrade-i-alby/",
        "source": "polis",
        "geo": true,
        "tatort": "Stockholm",
        "stadsdel": "Eriksbergs industriområde",
        "distrikt": "Botkyrka",
        "plats": "Eriksbergs industriområde, Botkyrka"
      },
      "geometry": {
        "type": "Point",
        "coordinates": [
          17.83610020164868,
          59.23444428365352
        ]
      }
    },
    {
      "type": "Feature",
      "properties": {
        "index": 1634,
        "brottsdatum": "2022-07-22",
        "doda": 1,
        "skadade": 0,
        "status": "Öppet ärende",
        "region": "Syd",
        "polisomrade": "PO Malmö",
        "deso": "1280C1680",
        "regso": "RegSO-Heleneholm-Almhög",
        "regsokod": "1280R026",
        "ts": 1658448000000,
        "uid": "b336fba49f",
        "month": "07",
        "year": "2022",
        "link": "https://www.svt.se/nyheter/lokalt/skane/man-skjuten-i-malmo-i-natt-allvarligt-skadad",
        "source": "polis",
        "geo": true,
        "tatort": "Malmö",
        "stadsdel": "Heleneholm",
        "distrikt": "Eriksfält",
        "plats": "Heleneholm, Malmö"
      },
      "geometry": {
        "type": "Point",
        "coordinates": [
          13.00602560682694,
          55.57873378948688
        ]
      }
    },
    {
      "type": "Feature",
      "properties": {
        "index": 1643,
        "brottsdatum": "2022-07-26",
        "doda": 1,
        "skadade": 0,
        "status": "Öppet ärende",
        "region": "Stockholm",
        "polisomrade": "PO Stockholm Syd",
        "deso": "0182C1480",
        "regso": "Orminge",
        "regsokod": "0182R010",
        "ts": 1658793600000,
        "uid": "8665d75e20",
        "month": "07",
        "year": "2022",
        "link": "https://www.expressen.se/nyheter/gangkopplad-tonaring-hittad-dod-i-nacka/",
        "source": "polis",
        "geo": true,
        "tatort": "Boo",
        "stadsdel": "Krokhöjden",
        "distrikt": "Boo",
        "plats": "Krokhöjden, Boo, Nacka"
      },
      "geometry": {
        "type": "Point",
        "coordinates": [
          18.24528746569656,
          59.332718528535274
        ]
      }
    },
    {
      "type": "Feature",
      "properties": {
        "index": 1646,
        "brottsdatum": "2022-07-30",
        "doda": 1,
        "skadade": 0,
        "status": "Öppet ärende",
        "region": "Bergslagen",
        "polisomrade": "Örebro",
        "deso": "1880C1570",
        "regso": "Vivalla",
        "regsokod": "1880R029",
        "ts": 1659139200000,
        "uid": "61128abc90",
        "month": "07",
        "year": "2022",
        "link": "https://www.svt.se/nyheter/lokalt/orebro/man-skjuten-till-dods-i-orebro-misstankt-mord",
        "source": "polis",
        "geo": true,
        "tatort": "Örebro",
        "stadsdel": "Vivalla",
        "distrikt": "Örebro Mikael",
        "plats": "Vivalla, Örebro"
      },
      "geometry": {
        "type": "Point",
        "coordinates": [
          15.186104308768568,
          59.29665246016122
        ]
      }
    },
    {
      "type": "Feature",
      "properties": {
        "index": 1647,
        "brottsdatum": "2022-07-30",
        "doda": 1,
        "skadade": 0,
        "status": "Öppet ärende",
        "region": "Syd",
        "polisomrade": "PO Malmö",
        "deso": "1280C1260",
        "regso": "RegSO-Almvik norr-Lindängen norr",
        "regsokod": "1280R001",
        "ts": 1659139200000,
        "uid": "f1328d19f2",
        "month": "07",
        "year": "2022",
        "link": "https://www.aftonbladet.se/nyheter/a/QyQdq8/dod-person-hittad-i-gronomrade",
        "source": "polis",
        "geo": true,
        "tatort": "Malmö",
        "stadsdel": "Lindängen",
        "distrikt": "Fosie",
        "plats": "Lindängen, Malmö"
      },
      "geometry": {
        "type": "Point",
        "coordinates": [
          13.01481284919731,
          55.56180014782787
        ]
      }
    },
    {
      "type": "Feature",
      "properties": {
        "index": 1656,
        "brottsdatum": "2022-08-07",
        "doda": 1,
        "skadade": 0,
        "status": "Öppet ärende",
        "region": "Stockholm",
        "polisomrade": "PO Stockholm Nord",
        "deso": "0180C5710",
        "regso": "Hässelby Gård",
        "regsokod": "0180R039",
        "ts": 1659830400000,
        "uid": "ce86de4956",
        "month": "08",
        "year": "2022",
        "link": "https://www.svt.se/nyheter/snabbkollen/man-skots-ihjal-pa-krog-i-stockholm",
        "source": "polis",
        "geo": true,
        "tatort": "Stockholm",
        "stadsdel": "Hässelby Gård ",
        "distrikt": "Hässelby",
        "plats": "Hässelby Gård, Stockholm"
      },
      "geometry": {
        "type": "Point",
        "coordinates": [
          17.841831614900514,
          59.36640626858579
        ]
      }
    },
    {
      "type": "Feature",
      "properties": {
        "index": 1658,
        "brottsdatum": "2022-08-10",
        "doda": 1,
        "skadade": 0,
        "status": "Öppet ärende",
        "region": "Stockholm",
        "polisomrade": "PO Stockholm Syd",
        "deso": "0180C1560",
        "regso": "Vårberg",
        "regsokod": "0180R108",
        "ts": 1660089600000,
        "uid": "4fd27aea1c",
        "month": "08",
        "year": "2022",
        "link": "https://www.svt.se/nyheter/lokalt/stockholm/person-skottskadad-i-varberg",
        "source": "polis",
        "geo": true,
        "tatort": "Stockholm",
        "stadsdel": "Vårberg ",
        "distrikt": "Skärholmen",
        "plats": "Vårberg, Stockholm"
      },
      "geometry": {
        "type": "Point",
        "coordinates": [
          17.89035205012088,
          59.2745839850832
        ]
      }
    },
    {
      "type": "Feature",
      "properties": {
        "index": 1668,
        "brottsdatum": "2022-08-19",
        "doda": 1,
        "skadade": 1,
        "status": "Öppet ärende",
        "region": "Syd",
        "polisomrade": "PO Malmö",
        "deso": "1280C1270",
        "regso": "RegSO-Hyllievång syd",
        "regsokod": "1280R033",
        "ts": 1660867200000,
        "uid": "199e436554",
        "month": "08",
        "year": "2022",
        "link": "https://www.svt.se/nyheter/inrikes/detta-vet-vi-om-dodsskjutningen-i-malmo",
        "source": "polis",
        "geo": true,
        "tatort": null,
        "stadsdel": "Hyllievång",
        "distrikt": "Hyllie",
        "plats": "Hyllievång, Malmö"
      },
      "geometry": {
        "type": "Point",
        "coordinates": [
          12.973523036700257,
          55.56292175753311
        ]
      }
    },
    {
      "type": "Feature",
      "properties": {
        "index": 1673,
        "brottsdatum": "2022-08-25",
        "doda": 1,
        "skadade": 0,
        "status": "Öppet ärende",
        "region": "Stockholm",
        "polisomrade": "PO Stockholm Syd",
        "deso": "0136C1170",
        "regso": "Handen västra",
        "regsokod": "0136R008",
        "ts": 1661385600000,
        "uid": "3779e68942",
        "month": "08",
        "year": "2022",
        "link": "https://www.svt.se/nyheter/lokalt/stockholm/polisinsats-i-haninge-efter-larm-om-skottlossning",
        "source": "polis",
        "geo": true,
        "tatort": "Stockholm",
        "stadsdel": "Handen",
        "distrikt": "Österhaninge",
        "plats": "Handen, Haninge"
      },
      "geometry": {
        "type": "Point",
        "coordinates": [
          18.13275410656292,
          59.16113182762855
        ]
      }
    },
    {
      "type": "Feature",
      "properties": {
        "index": 1674,
        "brottsdatum": "2022-08-25",
        "doda": 1,
        "skadade": 0,
        "status": "Öppet ärende",
        "region": "Syd",
        "polisomrade": "PO nordvästra Skåne",
        "deso": "1283C1490",
        "regso": "Fredriksdal-Filborna",
        "regsokod": "1283R008",
        "ts": 1661385600000,
        "uid": "a803e75014",
        "month": "08",
        "year": "2022",
        "link": "https://www.svt.se/nyheter/lokalt/helsingborg/en-person-skjuten-till-dods-i-helsingborg",
        "source": "polis",
        "geo": true,
        "tatort": "Helsingborg",
        "stadsdel": "Fredriksdal",
        "distrikt": "Filborna",
        "plats": "Fredriksdal, Helsingborg"
      },
      "geometry": {
        "type": "Point",
        "coordinates": [
          12.72942246058039,
          56.05387052100576
        ]
      }
    },
    {
      "type": "Feature",
      "properties": {
        "index": 1705,
        "brottsdatum": "2022-09-22",
        "doda": 1,
        "skadade": 0,
        "status": "Öppet ärende",
        "region": "Syd",
        "polisomrade": "PO Blekinge nordöstra Skåne",
        "deso": "1290C1220",
        "regso": "Gamlegården",
        "regsokod": "1290R005",
        "ts": 1663804800000,
        "uid": "377630500b",
        "month": "09",
        "year": "2022",
        "link": "https://www.svt.se/nyheter/lokalt/skane/man-skjuten-i-kristianstad-3",
        "source": "polis",
        "geo": true,
        "tatort": "Kristianstad",
        "stadsdel": "Gamlegården",
        "distrikt": "Kristianstads Heliga Trefaldighet",
        "plats": "Gamlegården, Kristianstad"
      },
      "geometry": {
        "type": "Point",
        "coordinates": [
          14.15529154405229,
          56.06018737965047
        ]
      }
    },
    {
      "type": "Feature",
      "properties": {
        "index": 1716,
        "brottsdatum": "2022-09-30",
        "doda": 1,
        "skadade": 0,
        "status": "Öppet ärende",
        "region": "Stockholm",
        "polisomrade": "PO Stockholm Syd",
        "deso": "0181C1270",
        "regso": "Ronna centrum-Ronna Park-Västra Ronna",
        "regsokod": "0181R021",
        "ts": 1664496000000,
        "uid": "adc67a76ca",
        "month": "09",
        "year": "2022",
        "link": "https://www.svt.se/nyheter/lokalt/sodertalje/skottskadad-person-hittad-i-sodertalje",
        "source": "polis",
        "geo": true,
        "tatort": "Södertälje",
        "stadsdel": "Ronna",
        "distrikt": "Västertälje",
        "plats": "Ronna, Södertälje"
      },
      "geometry": {
        "type": "Point",
        "coordinates": [
          17.59023960328378,
          59.20633077233605
        ]
      }
    },
    {
      "type": "Feature",
      "properties": {
        "index": 1720,
        "brottsdatum": "2022-10-01",
        "doda": 1,
        "skadade": 0,
        "status": "Öppet ärende",
        "region": "Stockholm",
        "polisomrade": "PO Stockholm Syd",
        "deso": "0181A0040",
        "regso": "Lina-Vattubrinken-Dammkärr",
        "regsokod": "0181R016",
        "ts": 1664582400000,
        "uid": "633800a5e3",
        "month": "10",
        "year": "2022",
        "link": "https://www.svt.se/nyheter/lokalt/stockholm/det-har-har-hant-1-a-oktober",
        "source": "polis",
        "geo": true,
        "tatort": "Södertälje",
        "stadsdel": "Lina",
        "distrikt": "Västertälje",
        "plats": "Lina, Södertälje"
      },
      "geometry": {
        "type": "Point",
        "coordinates": [
          17.590443558098748,
          59.20902212508793
        ]
      }
    },
    {
      "type": "Feature",
      "properties": {
        "index": 1726,
        "brottsdatum": "2022-10-06",
        "doda": 1,
        "skadade": 1,
        "status": "Öppet ärende",
        "region": "Stockholm",
        "polisomrade": "PO Stockholm Syd",
        "deso": "0181C1080",
        "regso": "Saltskog",
        "regsokod": "0181R024",
        "ts": 1665014400000,
        "uid": "042f6e1163",
        "month": "10",
        "year": "2022",
        "link": "https://www.svt.se/nyheter/lokalt/sodertalje/larm-om-ny-skottlossning-i-sodertalje",
        "source": "polis",
        "geo": true,
        "tatort": "Södertälje",
        "stadsdel": "Saltskog",
        "distrikt": "Södertälje",
        "plats": "Saltskog, Södertälje"
      },
      "geometry": {
        "type": "Point",
        "coordinates": [
          17.61973231703653,
          59.17968358684848
        ]
      }
    },
    {
      "type": "Feature",
      "properties": {
        "index": 1729,
        "brottsdatum": "2022-10-11",
        "doda": 1,
        "skadade": 0,
        "status": "Öppet ärende",
        "region": "Stockholm",
        "polisomrade": "PO Stockholm Nord",
        "deso": "0191C1130",
        "regso": "Östra Norrbacka",
        "regsokod": "0191R022",
        "ts": 1665446400000,
        "uid": "d461cc3179",
        "month": "10",
        "year": "2022",
        "link": "https://www.svt.se/nyheter/lokalt/stockholm/person-skadad-efter-skottlossning",
        "source": "polis",
        "geo": true,
        "tatort": "Märsta",
        "stadsdel": null,
        "distrikt": "Husby-Ärlinghundra och Odensala",
        "plats": "Märsta, Sigtuna"
      },
      "geometry": {
        "type": "Point",
        "coordinates": [
          17.857321351160586,
          59.633831622672
        ]
      }
    },
    {
      "type": "Feature",
      "properties": {
        "index": 1735,
        "brottsdatum": "2022-10-16",
        "doda": 1,
        "skadade": 0,
        "status": "Ärende redovisat till åklagare",
        "region": "Väst",
        "polisomrade": "Storgöteborg",
        "deso": "1480C3560",
        "regso": "Bergsjön Rymdtorget",
        "regsokod": "1480R011",
        "ts": 1665878400000,
        "uid": "9e38df3948",
        "month": "10",
        "year": "2022",
        "link": "https://www.svt.se/nyheter/lokalt/vast/man-i-35-arsaldern-skjuten-till-dods-i-goteborg",
        "source": "polis",
        "geo": true,
        "tatort": "Göteborg",
        "stadsdel": "Östra Bergsjön",
        "distrikt": "Bergsjön",
        "plats": "Östra Bergsjön, Göteborg"
      },
      "geometry": {
        "type": "Point",
        "coordinates": [
          12.070433548056771,
          57.757656295466354
        ]
      }
    },
    {
      "type": "Feature",
      "properties": {
        "index": 1743,
        "brottsdatum": "2022-10-25",
        "doda": 1,
        "skadade": 0,
        "status": "Öppet ärende",
        "region": "Mitt",
        "polisomrade": "PO Gävleborg",
        "deso": "2181C1100",
        "regso": "Sandviken västra tätorten",
        "regsokod": "2181R006",
        "ts": 1666656000000,
        "uid": "724c0f5767",
        "month": "10",
        "year": "2022",
        "link": "https://www.svt.se/nyheter/lokalt/gavleborg/skadad-person-hittad-pa-cykelbana-i-sandviken",
        "source": "polis",
        "geo": true,
        "tatort": "Sandviken",
        "stadsdel": "Barrsätra",
        "distrikt": "Sandviken",
        "plats": "Barrsätra, Sandviken"
      },
      "geometry": {
        "type": "Point",
        "coordinates": [
          16.75214199207993,
          60.616047011072965
        ]
      }
    },
    {
      "type": "Feature",
      "properties": {
        "index": 1753,
        "brottsdatum": "2022-11-01",
        "doda": 1,
        "skadade": 0,
        "status": "Öppet ärende",
        "region": "Mitt",
        "polisomrade": "PO Västmanland",
        "deso": "1980C1180",
        "regso": "Östra Bäckby",
        "regsokod": "1980R046",
        "ts": 1667260800000,
        "uid": "3d403d8eac",
        "month": "11",
        "year": "2022",
        "link": "https://www.svt.se/nyheter/lokalt/vastmanland/skottlossning-i-vasteras-en-person-skadad-1",
        "source": "polis",
        "geo": true,
        "tatort": "Västerås",
        "stadsdel": "Bäckby",
        "distrikt": "Lundby",
        "plats": "Bäckby, Västerås"
      },
      "geometry": {
        "type": "Point",
        "coordinates": [
          16.475853118129695,
          59.602775587100766
        ]
      }
    },
    {
      "type": "Feature",
      "properties": {
        "index": 1759,
        "brottsdatum": "2022-11-05",
        "doda": 1,
        "skadade": 0,
        "status": "Ärende redovisat till åklagare",
        "region": "Mitt",
        "polisomrade": "Gävleborg",
        "deso": "2180C1390",
        "regso": "Stigslund-Gavlehov",
        "regsokod": "2180R017",
        "ts": 1667606400000,
        "uid": "7c621b8b5c",
        "month": "11",
        "year": "2022",
        "link": "https://www.aftonbladet.se/nyheter/a/Q7M0zP/stor-polisinsats-i-gavle",
        "source": "polis",
        "geo": true,
        "tatort": "Gävle",
        "stadsdel": "Sätra",
        "distrikt": "Gävle Maria",
        "plats": "Sätra, Gävle"
      },
      "geometry": {
        "type": "Point",
        "coordinates": [
          17.122473840870505,
          60.689720308801114
        ]
      }
    },
    {
      "type": "Feature",
      "properties": {
        "index": 1762,
        "brottsdatum": "2022-11-08",
        "doda": 1,
        "skadade": 0,
        "status": "Öppet ärende",
        "region": "Väst",
        "polisomrade": "PO Storgöteborg",
        "deso": "1480C3940",
        "regso": "Gårdsten nordöstra",
        "regsokod": "1480R040",
        "ts": 1667865600000,
        "uid": "31efa968ae",
        "month": "11",
        "year": "2022",
        "link": "https://www.svt.se/nyheter/lokalt/vast/skadad-man-i-bil-i-gardsten-misstanks-vara-skjuten",
        "source": "polis",
        "geo": true,
        "tatort": "Göteborg",
        "stadsdel": "Gårdstensberget",
        "distrikt": "Gunnared",
        "plats": "Gårdstensberget, Göteborg"
      },
      "geometry": {
        "type": "Point",
        "coordinates": [
          12.025878552634468,
          57.808745618650406
        ]
      }
    },
    {
      "type": "Feature",
      "properties": {
        "index": 1771,
        "brottsdatum": "2022-11-23",
        "doda": 1,
        "skadade": 0,
        "status": "Ärende redovisat till åklagare",
        "region": "Syd",
        "polisomrade": "PO Kalmar Kronoberg",
        "deso": "0780C1030",
        "regso": "Teleborg centrum",
        "regsokod": "0780R016",
        "ts": 1669161600000,
        "uid": "d378f01a0a",
        "month": "11",
        "year": "2022",
        "link": "https://www.svt.se/nyheter/lokalt/smaland/skottlossning-i-vaxjo-man-ska-ha-skadats",
        "source": "polis",
        "geo": true,
        "tatort": "Växjö",
        "stadsdel": "Teleborg",
        "distrikt": "Teleborg",
        "plats": "Teleborg, Växjö"
      },
      "geometry": {
        "type": "Point",
        "coordinates": [
          14.820826965902407,
          56.85245663242289
        ]
      }
    },
    {
      "type": "Feature",
      "properties": {
        "index": 1779,
        "brottsdatum": "2022-12-04",
        "doda": 1,
        "skadade": 0,
        "status": "Öppet ärende",
        "region": "Stockholm",
        "polisomrade": "PO Stockholm Syd",
        "deso": "0181C1160",
        "regso": "Blombacka",
        "regsokod": "0181R001",
        "ts": 1670112000000,
        "uid": "1172995556",
        "month": "12",
        "year": "2022",
        "link": "https://www.expressen.se/nyheter/25-arig-man-skjuten-till-dods-i-sodertalje/",
        "source": "polis",
        "geo": true,
        "tatort": "Södertälje",
        "stadsdel": "Blombacka",
        "distrikt": "Södertälje",
        "plats": "Blombacka, Södertälje"
      },
      "geometry": {
        "type": "Point",
        "coordinates": [
          17.59660815302075,
          59.192028035030404
        ]
      }
    },
    {
      "type": "Feature",
      "properties": {
        "index": 1782,
        "brottsdatum": "2022-12-13",
        "doda": 1,
        "skadade": 0,
        "status": "Ärende redovisat till åklagare",
        "region": "Nord",
        "polisomrade": "Norrbotten",
        "deso": "2580C1150",
        "regso": "Hertsön",
        "regsokod": "2580R009",
        "ts": 1670889600000,
        "uid": "dc87d859f9",
        "month": "12",
        "year": "2022",
        "link": "https://sverigesradio.se/artikel/man-skots-med-jaktgevar-misstankt-mord-pa-hertson",
        "source": "polis",
        "geo": true,
        "tatort": "Luleå",
        "stadsdel": "Hertsön",
        "distrikt": "Örnäset",
        "plats": "Hertsön, Luleå"
      },
      "geometry": {
        "type": "Point",
        "coordinates": [
          22.253046355970962,
          65.58828816196865
        ]
      }
    },
    {
      "type": "Feature",
      "properties": {
        "index": 1788,
        "brottsdatum": "2022-12-25",
        "doda": 1,
        "skadade": 0,
        "status": "Öppet ärende",
        "region": "Stockholm",
        "polisomrade": "PO Stockholm Nord",
        "deso": "0180C6120",
        "regso": "Rinkeby",
        "regsokod": "0180R076",
        "ts": 1671926400000,
        "uid": "cc47317cbb",
        "month": "12",
        "year": "2022",
        "link": "https://www.svt.se/nyheter/lokalt/stockholm/polisen-larmad-om-skottlossning-en-person-hittad-skadad-i-rinkeby",
        "source": "polis",
        "geo": true,
        "tatort": "Stockholm",
        "stadsdel": "Rinkeby ",
        "distrikt": "Spånga",
        "plats": "Rinkeby, Stockholm"
      },
      "geometry": {
        "type": "Point",
        "coordinates": [
          17.92649867581103,
          59.38879432933091
        ]
      }
    },
    {
      "type": "Feature",
      "properties": {
        "index": 1793,
        "brottsdatum": "2022-12-31",
        "doda": 1,
        "skadade": 1,
        "status": null,
        "region": "Stockholm",
        "polisomrade": "PO Stockholm Nord",
        "deso": "0180C5590",
        "regso": "Vällingby",
        "regsokod": "0180R109",
        "ts": 1672444800000,
        "uid": "0a3d738e2b",
        "month": "12",
        "year": "2022",
        "link": "https://www.svt.se/nyheter/lokalt/stockholm/larm-om-skottlossning-i-vastra-stockholm",
        "source": "polis",
        "geo": true,
        "tatort": "Stockholm",
        "stadsdel": "Vällingby ",
        "distrikt": "Vällingby",
        "plats": "Vällingby, Stockholm"
      },
      "geometry": {
        "type": "Point",
        "coordinates": [
          17.873231688125493,
          59.36302221833612
        ]
      }
    },
    {
      "type": "Feature",
      "properties": {
        "index": 1798,
        "brottsdatum": "2023-01-04",
        "doda": 1,
        "skadade": 1,
        "status": "Öppet ärende",
        "region": "Stockholm",
        "polisomrade": "PO Stockholm Syd",
        "deso": "0136C1120",
        "regso": "Jordbro centrala",
        "regsokod": "0136R010",
        "ts": 1672790400000,
        "uid": "f044aa4399",
        "month": "01",
        "year": "2023",
        "link": "https://www.svt.se/nyheter/lokalt/stockholm/larm-om-skjutning-i-jordbro",
        "source": "polis",
        "geo": true,
        "tatort": "Jordbro",
        "stadsdel": "Jordbro",
        "distrikt": "Österhaninge",
        "plats": "Jordbro, Haninge"
      },
      "geometry": {
        "type": "Point",
        "coordinates": [
          18.12754166464651,
          59.142385264611896
        ]
      }
    },
    {
      "type": "Feature",
      "properties": {
        "index": 1815,
        "brottsdatum": "2023-01-20",
        "doda": 1,
        "skadade": 0,
        "status": "Öppet ärende",
        "region": "Stockholm",
        "polisomrade": "PO Stockholm Nord",
        "deso": "0184C1040",
        "regso": "Södra Huvudsta",
        "regsokod": "0184R019",
        "ts": 1674172800000,
        "uid": "659995d8a9",
        "month": "01",
        "year": "2023",
        "link": "https://www.svt.se/nyheter/lokalt/stockholm/larm-om-skjutning-i-norra-stockholm",
        "source": "polis",
        "geo": true,
        "tatort": "Stockholm",
        "stadsdel": "Huvudsta",
        "distrikt": "Solna",
        "plats": "Huvudsta, Solna"
      },
      "geometry": {
        "type": "Point",
        "coordinates": [
          17.98464004818989,
          59.348836672628856
        ]
      }
    },
    {
      "type": "Feature",
      "properties": {
        "index": 1829,
        "brottsdatum": "2023-01-28",
        "doda": 1,
        "skadade": 0,
        "status": "Öppet ärende",
        "region": "Stockholm",
        "polisomrade": "PO Stockholm Syd",
        "deso": "0126C1130",
        "regso": "Skogås västra",
        "regsokod": "0126R014",
        "ts": 1674864000000,
        "uid": "7cd45d1cde",
        "month": "01",
        "year": "2023",
        "link": "https://www.svt.se/nyheter/lokalt/stockholm/person-skjuten-i-skogas",
        "source": "polis",
        "geo": true,
        "tatort": "Stockholm",
        "stadsdel": "Skogåstorget",
        "distrikt": "Trångsund",
        "plats": "Skogåstorget, Huddinge"
      },
      "geometry": {
        "type": "Point",
        "coordinates": [
          18.151925660217834,
          59.21728489066885
        ]
      }
    },
    {
      "type": "Feature",
      "properties": {
        "index": 1835,
        "brottsdatum": "2023-02-03",
        "doda": 1,
        "skadade": 0,
        "status": "Öppet ärende",
        "region": "Mitt",
        "polisomrade": "LPO Hälsingland",
        "deso": "2182C1060",
        "regso": "Söderhamn centrala staden norr",
        "regsokod": "2182R008",
        "ts": 1675382400000,
        "uid": "a4cfafe47b",
        "month": "02",
        "year": "2023",
        "link": "https://www.svt.se/nyheter/lokalt/gavleborg/en-person-anhallen-misstankt-for-dodskjutning-i-soderhamn",
        "source": "polis",
        "geo": true,
        "tatort": "Söderhamn",
        "stadsdel": "Norrmyran",
        "distrikt": "Söderhamn",
        "plats": "Norrmyran, Söderhamn"
      },
      "geometry": {
        "type": "Point",
        "coordinates": [
          17.03720792863735,
          61.308931172287565
        ]
      }
    },
    {
      "type": "Feature",
      "properties": {
        "index": 1846,
        "brottsdatum": "2023-02-17",
        "doda": 1,
        "skadade": 0,
        "status": "Öppet ärende",
        "region": "Syd",
        "polisomrade": "POSS",
        "deso": "1287C1070",
        "regso": "Trelleborg innerstaden",
        "regsokod": "1287R010",
        "ts": 1676592000000,
        "uid": "19b1a70151",
        "month": "02",
        "year": "2023",
        "link": "https://www.svt.se/nyheter/lokalt/skane/man-skjuten-med-flera-skott-i-trelleborg",
        "source": "polis",
        "geo": true,
        "tatort": "Trelleborg",
        "stadsdel": null,
        "distrikt": "Trelleborg",
        "plats": "Trelleborg"
      },
      "geometry": {
        "type": "Point",
        "coordinates": [
          13.16160346697004,
          55.372659155559255
        ]
      }
    },
    {
      "type": "Feature",
      "properties": {
        "index": 1855,
        "brottsdatum": "2023-03-02",
        "doda": 1,
        "skadade": 0,
        "status": "Öppet ärende",
        "region": "Stockholm",
        "polisomrade": "PO Stockholm Syd",
        "deso": "0127C1250",
        "regso": "Tullinge parkhem",
        "regsokod": "0127R014",
        "ts": 1677715200000,
        "uid": "6a37fda9db",
        "month": "03",
        "year": "2023",
        "link": "https://www.svt.se/nyheter/lokalt/stockholm/skjutning-i-tullinge-en-till-sjukhus",
        "source": "polis",
        "geo": true,
        "tatort": null,
        "stadsdel": "Tullinge Gård Parkhem",
        "distrikt": "Tullinge",
        "plats": "Tullinge Gård Parkhem, Botkyrka"
      },
      "geometry": {
        "type": "Point",
        "coordinates": [
          17.88944814596337,
          59.22248669908616
        ]
      }
    },
    {
      "type": "Feature",
      "properties": {
        "index": 1861,
        "brottsdatum": "2023-03-07",
        "doda": 1,
        "skadade": 0,
        "status": "Öppet ärende",
        "region": "Stockholm",
        "polisomrade": "PO Stockholm Syd",
        "deso": "0126C1060",
        "regso": "Flemingsberg östra",
        "regsokod": "0126R002",
        "ts": 1678147200000,
        "uid": "d6dd1690de",
        "month": "03",
        "year": "2023",
        "link": "https://www.svt.se/nyheter/lokalt/stockholm/skottlossning-i-flemingsberg-man-allvarligt-skadad",
        "source": "polis",
        "geo": true,
        "tatort": "Stockholm",
        "stadsdel": "Visättra",
        "distrikt": "Flemingsberg",
        "plats": "Visättra, Huddinge"
      },
      "geometry": {
        "type": "Point",
        "coordinates": [
          17.957448365141865,
          59.21826146384749
        ]
      }
    },
    {
      "type": "Feature",
      "properties": {
        "index": 1887,
        "brottsdatum": "2023-04-05",
        "doda": 1,
        "skadade": 1,
        "status": "Öppet ärende",
        "region": "Stockholm",
        "polisomrade": "PO Stockholm Syd",
        "deso": "0180C1680",
        "regso": "Skärholmen",
        "regsokod": "0180R079",
        "ts": 1680652800000,
        "uid": "e2fe440c62",
        "month": "04",
        "year": "2023",
        "link": "https://www.svt.se/nyheter/lokalt/stockholm/skottlossning-i-skarholmen-man-skjuten",
        "source": "polis",
        "geo": true,
        "tatort": "Stockholm",
        "stadsdel": "Skärholmen ",
        "distrikt": "Skärholmen",
        "plats": "Skärholmen, Stockholm"
      },
      "geometry": {
        "type": "Point",
        "coordinates": [
          17.906275779178056,
          59.276026435937624
        ]
      }
    },
    {
      "type": "Feature",
      "properties": {
        "index": 1888,
        "brottsdatum": "2023-04-06",
        "doda": 1,
        "skadade": 0,
        "status": "Öppet ärende",
        "region": "Öst",
        "polisomrade": "Södermanland",
        "deso": "0484C1250",
        "regso": "Gredby-Lundby-Brottsta-Flacksta",
        "regsokod": "0484R006",
        "ts": 1680739200000,
        "uid": "c44107d49b",
        "month": "04",
        "year": "2023",
        "link": "https://www.svt.se/nyheter/lokalt/sormland/misstankt-skottlossning-i-eskilstuna-2",
        "source": "polis",
        "geo": true,
        "tatort": "Eskilstuna",
        "stadsdel": "Nyfors",
        "distrikt": "Eskilstuna Fors",
        "plats": "Nyfors, Eskilstuna"
      },
      "geometry": {
        "type": "Point",
        "coordinates": [
          16.491927993787083,
          59.3654833455551
        ]
      }
    },
    {
      "type": "Feature",
      "properties": {
        "index": 1898,
        "brottsdatum": "2023-04-14",
        "doda": 1,
        "skadade": 0,
        "status": null,
        "region": "Stockholm",
        "polisomrade": "PO Stockholm Syd",
        "deso": "0180C1140",
        "regso": "Rågsved",
        "regsokod": "0180R078",
        "ts": 1681430400000,
        "uid": "f96f3c5043",
        "month": "04",
        "year": "2023",
        "link": "https://www.svt.se/nyheter/lokalt/stockholm/misstankt-skottlossning-i-ragsved-person-hittad-skadad",
        "source": "polis",
        "geo": true,
        "tatort": "Stockholm",
        "stadsdel": "Rågsved ",
        "distrikt": "Vantör",
        "plats": "Rågsved, Stockholm"
      },
      "geometry": {
        "type": "Point",
        "coordinates": [
          18.028849971955342,
          59.25256227166337
        ]
      }
    },
    {
      "type": "Feature",
      "properties": {
        "index": 1899,
        "brottsdatum": "2023-04-17",
        "doda": 1,
        "skadade": 0,
        "status": "Öppet ärende",
        "region": "Öst",
        "polisomrade": "PO Södermanland",
        "deso": "0484C1050",
        "regso": "Fröslunda-Vilsta",
        "regsokod": "0484R005",
        "ts": 1681689600000,
        "uid": "5b64ae4554",
        "month": "04",
        "year": "2023",
        "link": null,
        "source": "polis",
        "geo": true,
        "tatort": "Eskilstuna",
        "stadsdel": "Fröslunda",
        "distrikt": "Eskilstuna Fors",
        "plats": "Fröslunda, Eskilstuna"
      },
      "geometry": {
        "type": "Point",
        "coordinates": [
          16.493173903695702,
          59.353792994698544
        ]
      }
    },
    {
      "type": "Feature",
      "properties": {
        "index": 1906,
        "brottsdatum": "2023-04-26",
        "doda": 1,
        "skadade": 0,
        "status": "Öppet ärende",
        "region": "Bergslagen",
        "polisomrade": "Dalarna",
        "deso": "2081C1100",
        "regso": "Kupolen-Norra Backa-Hagalund-Ringen",
        "regsokod": "2081R005",
        "ts": 1682467200000,
        "uid": "6f6332375d",
        "month": "04",
        "year": "2023",
        "link": "https://www.svt.se/nyheter/lokalt/dalarna/polisen-utreder-grovt-brott-i-borlange",
        "source": "polis",
        "geo": true,
        "tatort": "Borlänge",
        "stadsdel": "Hagalund",
        "distrikt": "Stora Tuna",
        "plats": "Hagalund, Borlänge"
      },
      "geometry": {
        "type": "Point",
        "coordinates": [
          15.42034813435768,
          60.487691161635006
        ]
      }
    },
    {
      "type": "Feature",
      "properties": {
        "index": 1912,
        "brottsdatum": "2023-04-27",
        "doda": 1,
        "skadade": 0,
        "status": "Öppet ärende",
        "region": "Väst",
        "polisomrade": "PO Storgöteborg",
        "deso": "1480C1720",
        "regso": "Guldheden mellersta",
        "regsokod": "1480R036",
        "ts": 1682553600000,
        "uid": "171568ec82",
        "month": "04",
        "year": "2023",
        "link": "https://www.svt.se/nyheter/lokalt/vast/man-hittad-ihjalskjuten-i-bil",
        "source": "polis",
        "geo": true,
        "tatort": "Göteborg",
        "stadsdel": "Guldheden",
        "distrikt": "Annedal",
        "plats": "Guldheden, Göteborg"
      },
      "geometry": {
        "type": "Point",
        "coordinates": [
          11.965469489191712,
          57.685977577218864
        ]
      }
    },
    {
      "type": "Feature",
      "properties": {
        "index": 1914,
        "brottsdatum": "2023-04-30",
        "doda": 1,
        "skadade": 0,
        "status": null,
        "region": "Stockholm",
        "polisomrade": "PO Stockholm Syd",
        "deso": "0136A0020",
        "regso": "Haninge skärgård-glesbygd",
        "regsokod": "0136R009",
        "ts": 1682812800000,
        "uid": "5d3bd1838a",
        "month": "04",
        "year": "2023",
        "link": null,
        "source": "polis",
        "geo": true,
        "tatort": null,
        "stadsdel": null,
        "distrikt": "Österhaninge",
        "plats": "Österhaninge, Haninge"
      },
      "geometry": {
        "type": "Point",
        "coordinates": [
          18.252969233821702,
          59.11863067041875
        ]
      }
    },
    {
      "type": "Feature",
      "properties": {
        "index": 1923,
        "brottsdatum": "2023-05-08",
        "doda": 1,
        "skadade": 0,
        "status": "Öppet ärende",
        "region": "Stockholm",
        "polisomrade": "PO Stockholm Nord",
        "deso": "0123C1160",
        "regso": "Nyberg-Hammaren östra",
        "regsokod": "0123R017",
        "ts": 1683504000000,
        "uid": "5d72b1fa44",
        "month": "05",
        "year": "2023",
        "link": "https://www.svt.se/nyheter/lokalt/stockholm/en-person-skjuten-i-jacobsberg",
        "source": "polis",
        "geo": true,
        "tatort": "Stockholm",
        "stadsdel": "Jakobsberg",
        "distrikt": "Jakobsberg",
        "plats": "Jakobsberg, Järfälla"
      },
      "geometry": {
        "type": "Point",
        "coordinates": [
          17.842221506615083,
          59.413121986729884
        ]
      }
    },
    {
      "type": "Feature",
      "properties": {
        "index": 1928,
        "brottsdatum": "2023-05-14",
        "doda": 1,
        "skadade": 0,
        "status": "Öppet ärende",
        "region": "Syd",
        "polisomrade": "PONV",
        "deso": "1282C1090",
        "regso": "Fröjdenborg-Larvi",
        "regsokod": "1282R004",
        "ts": 1684022400000,
        "uid": "5d52edc30b",
        "month": "05",
        "year": "2023",
        "link": "https://www.svt.se/nyheter/lokalt/helsingborg/en-skadad-i-misstankt-skottlossning-2",
        "source": "polis",
        "geo": true,
        "tatort": "Landskrona",
        "stadsdel": "Väster",
        "distrikt": "Landskrona",
        "plats": "Väster, Landskrona"
      },
      "geometry": {
        "type": "Point",
        "coordinates": [
          12.826056715603425,
          55.87766057929786
        ]
      }
    },
    {
      "type": "Feature",
      "properties": {
        "index": 1930,
        "brottsdatum": "2023-05-17",
        "doda": 1,
        "skadade": 2,
        "status": "Öppet ärende",
        "region": "Stockholm",
        "polisomrade": "PO Stockholm Syd",
        "deso": "0180C1140",
        "regso": "Rågsved",
        "regsokod": "0180R078",
        "ts": 1684281600000,
        "uid": "86c39b9fa2",
        "month": "05",
        "year": "2023",
        "link": "https://www.svt.se/nyheter/lokalt/stockholm/person-till-sjukhus-efter-polisinsats-i-ragsved",
        "source": "polis",
        "geo": true,
        "tatort": "Stockholm",
        "stadsdel": "Rågsved ",
        "distrikt": "Vantör",
        "plats": "Rågsved, Stockholm"
      },
      "geometry": {
        "type": "Point",
        "coordinates": [
          18.02359700587359,
          59.25268450760301
        ]
      }
    },
    {
      "type": "Feature",
      "properties": {
        "index": 1937,
        "brottsdatum": "2023-05-30",
        "doda": 1,
        "skadade": 1,
        "status": "Öppet ärende",
        "region": "Stockholm",
        "polisomrade": "PO Stockholm Nord",
        "deso": "0184C1130",
        "regso": "Södra Hagalund",
        "regsokod": "0184R018",
        "ts": 1685404800000,
        "uid": "f7ded1b4cc",
        "month": "05",
        "year": "2023",
        "link": "https://www.svt.se/nyheter/lokalt/stockholm/uppgifter-om-misstankt-skottlossning-i-solna",
        "source": "polis",
        "geo": true,
        "tatort": "Stockholm",
        "stadsdel": "Hagalund",
        "distrikt": "Råsunda",
        "plats": "Hagalund, Solna"
      },
      "geometry": {
        "type": "Point",
        "coordinates": [
          18.010415377265975,
          59.3617228384543
        ]
      }
    },
    {
      "type": "Feature",
      "properties": {
        "index": 1939,
        "brottsdatum": "2023-05-31",
        "doda": 1,
        "skadade": 0,
        "status": "Öppet ärende",
        "region": "Väst",
        "polisomrade": "Hisingen",
        "deso": "1480C3590",
        "regso": "Skogome",
        "regsokod": "1480R124",
        "ts": 1685491200000,
        "uid": "d0ec961106",
        "month": "05",
        "year": "2023",
        "link": "https://www.aftonbladet.se/nyheter/a/O8P5MO/person-hittad-dod-i-goteborg",
        "source": "polis",
        "geo": true,
        "tatort": "Göteborg",
        "stadsdel": "Skogome",
        "distrikt": "Säve",
        "plats": "Skogome, Göteborg"
      },
      "geometry": {
        "type": "Point",
        "coordinates": [
          11.95098656732752,
          57.758431371349694
        ]
      }
    },
    {
      "type": "Feature",
      "properties": {
        "index": 1947,
        "brottsdatum": "2023-06-10",
        "doda": 2,
        "skadade": 2,
        "status": "Öppet ärende",
        "region": "Stockholm",
        "polisomrade": "LPO Farsta",
        "deso": "0180C1060",
        "regso": "Farsta",
        "regsokod": "0180R021",
        "ts": 1686355200000,
        "uid": "c6de07ea07",
        "month": "06",
        "year": "2023",
        "link": "https://www.svt.se/nyheter/lokalt/stockholm/misstankta-mannen-efter-farsta-skjutningen",
        "source": "polis",
        "geo": true,
        "tatort": "Stockholm",
        "stadsdel": "Farsta ",
        "distrikt": "Farsta",
        "plats": "Farsta, Stockholm"
      },
      "geometry": {
        "type": "Point",
        "coordinates": [
          18.09290119159219,
          59.24296678907272
        ]
      }
    },
    {
      "type": "Feature",
      "properties": {
        "index": 1956,
        "brottsdatum": "2023-06-20",
        "doda": 1,
        "skadade": 0,
        "status": "Öppet ärende",
        "region": "Väst",
        "polisomrade": "Storgöteborg",
        "deso": "1480C3780",
        "regso": "Kärra centrum",
        "regsokod": "1480R083",
        "ts": 1687219200000,
        "uid": "8b375f20a5",
        "month": "06",
        "year": "2023",
        "link": "https://www.svt.se/nyheter/lokalt/vast/misstankt-skottlossning-goteborg",
        "source": "polis",
        "geo": true,
        "tatort": null,
        "stadsdel": "Kärra",
        "distrikt": "Säve",
        "plats": "Kärra, Göteborg"
      },
      "geometry": {
        "type": "Point",
        "coordinates": [
          11.98329778519783,
          57.79227830244745
        ]
      }
    },
    {
      "type": "Feature",
      "properties": {
        "index": 1957,
        "brottsdatum": "2023-06-20",
        "doda": 1,
        "skadade": 0,
        "status": null,
        "region": "Syd",
        "polisomrade": "PO Malmö",
        "deso": "1280C1510",
        "regso": "RegSO-Hindby",
        "regsokod": "1280R029",
        "ts": 1687219200000,
        "uid": "46e6a02d3a",
        "month": "06",
        "year": "2023",
        "link": null,
        "source": "polis",
        "geo": true,
        "tatort": "Malmö",
        "stadsdel": "Hindby",
        "distrikt": "Västra Skrävlinge",
        "plats": "Hindby, Malmö"
      },
      "geometry": {
        "type": "Point",
        "coordinates": [
          13.036459061083303,
          55.572933907632944
        ]
      }
    },
    {
      "type": "Feature",
      "properties": {
        "index": 1983,
        "brottsdatum": "2023-07-09",
        "doda": 1,
        "skadade": 0,
        "status": "Öppet ärende",
        "region": "Mitt",
        "polisomrade": "PO Västmanland",
        "deso": "1980C1590",
        "regso": "Finnslätten-Norra Bjurhovda",
        "regsokod": "1980R008",
        "ts": 1688860800000,
        "uid": "ab6b6f666c",
        "month": "07",
        "year": "2023",
        "link": "https://www.svt.se/nyheter/lokalt/vastmanland/misstankt-skottlossning-i-vasteras-man-skadad",
        "source": "polis",
        "geo": true,
        "tatort": "Västerås",
        "stadsdel": "Bjurhovda",
        "distrikt": "Badelunda",
        "plats": "Bjurhovda, Västerås"
      },
      "geometry": {
        "type": "Point",
        "coordinates": [
          16.606375311357453,
          59.62728673277185
        ]
      }
    },
    {
      "type": "Feature",
      "properties": {
        "index": 1987,
        "brottsdatum": "2023-07-10",
        "doda": 1,
        "skadade": 0,
        "status": "Öppet ärende",
        "region": "Stockholm",
        "polisomrade": "PO Stockholm Nord",
        "deso": "0184C1390",
        "regso": "Järvastaden",
        "regsokod": "0184R007",
        "ts": 1688947200000,
        "uid": "690c27f2c1",
        "month": "07",
        "year": "2023",
        "link": null,
        "source": "polis",
        "geo": true,
        "tatort": "Stockholm",
        "stadsdel": "Järva",
        "distrikt": "Solna",
        "plats": "Järva, Solna"
      },
      "geometry": {
        "type": "Point",
        "coordinates": [
          17.980605551886292,
          59.383075764433855
        ]
      }
    },
    {
      "type": "Feature",
      "properties": {
        "index": 1992,
        "brottsdatum": "2023-07-13",
        "doda": 2,
        "skadade": 0,
        "status": null,
        "region": "Mitt",
        "polisomrade": "Po Västmanlan",
        "deso": "1904A0010",
        "regso": "Skinnskatteberg ytterområden",
        "regsokod": "1904R002",
        "ts": 1689206400000,
        "uid": "762c51673a",
        "month": "07",
        "year": "2023",
        "link": "https://www.svt.se/nyheter/lokalt/vastmanland/tre-personer-hittats-doda-i-ett-fordon-utanfor-skinnskatteberg",
        "source": "polis",
        "geo": true,
        "tatort": null,
        "stadsdel": null,
        "distrikt": "Skinnskatteberg",
        "plats": "Skinnskatteberg"
      },
      "geometry": {
        "type": "Point",
        "coordinates": [
          15.733421,
          59.84431
        ]
      }
    },
    {
      "type": "Feature",
      "properties": {
        "index": 1998,
        "brottsdatum": "2023-07-19",
        "doda": 1,
        "skadade": 0,
        "status": "Öppet ärende",
        "region": "Bergslagen",
        "polisomrade": "Örebro",
        "deso": "1880C1620",
        "regso": "Mellringe-Björkhaga",
        "regsokod": "1880R021",
        "ts": 1689724800000,
        "uid": "5869e72866",
        "month": "07",
        "year": "2023",
        "link": "https://www.svt.se/nyheter/lokalt/orebro/man-hittad-skjuten-vid-skola-i-orebro",
        "source": "polis",
        "geo": true,
        "tatort": "Örebro",
        "stadsdel": "Mellringe",
        "distrikt": "Längbro",
        "plats": "Mellringe, Örebro"
      },
      "geometry": {
        "type": "Point",
        "coordinates": [
          15.158013227266052,
          59.29668955982364
        ]
      }
    },
    {
      "type": "Feature",
      "properties": {
        "index": 2002,
        "brottsdatum": "2023-07-21",
        "doda": 1,
        "skadade": 0,
        "status": "Öppet ärende",
        "region": "Öst",
        "polisomrade": "Södermanland",
        "deso": "0484C1430",
        "regso": "Skiftinge-Ärsta-Sal",
        "regsokod": "0484R018",
        "ts": 1689897600000,
        "uid": "b8f5dd9c15",
        "month": "07",
        "year": "2023",
        "link": "https://www.svt.se/nyheter/inrikes/en-person-skadad-efter-skottlossning-i-eskilstuna",
        "source": "polis",
        "geo": true,
        "tatort": "Eskilstuna",
        "stadsdel": "Sal",
        "distrikt": "Eskilstuna Kloster",
        "plats": "Sal, Eskilstuna"
      },
      "geometry": {
        "type": "Point",
        "coordinates": [
          16.535433150276226,
          59.39371975790941
        ]
      }
    },
    {
      "type": "Feature",
      "properties": {
        "index": 2018,
        "brottsdatum": "2023-08-03",
        "doda": 1,
        "skadade": 0,
        "status": "Öppet ärende",
        "region": "Syd",
        "polisomrade": "PONV",
        "deso": "1277B2010",
        "regso": "Hyllinge",
        "regsokod": "1277R006",
        "ts": 1691020800000,
        "uid": "4df7446685",
        "month": "08",
        "year": "2023",
        "link": "https://www.svt.se/nyheter/lokalt/helsingborg/misstankt-mord-utanfor-astorp",
        "source": "polis",
        "geo": true,
        "tatort": null,
        "stadsdel": null,
        "distrikt": "Västra Broby",
        "plats": "Västra Broby, Åstorp"
      },
      "geometry": {
        "type": "Point",
        "coordinates": [
          12.856245336602775,
          56.11275883780022
        ]
      }
    },
    {
      "type": "Feature",
      "properties": {
        "index": 2020,
        "brottsdatum": "2023-08-04",
        "doda": 1,
        "skadade": 1,
        "status": "Öppet ärende",
        "region": "Stockholm",
        "polisomrade": "PO Stockholm Syd",
        "deso": "0136C1340",
        "regso": "Vega centrala-Handen norra",
        "regsokod": "0136R018",
        "ts": 1691107200000,
        "uid": "22d6976f1b",
        "month": "08",
        "year": "2023",
        "link": "https://www.svt.se/nyheter/lokalt/stockholm/tva-personer-hittade-skadade-i-haninge",
        "source": "polis",
        "geo": true,
        "tatort": "Stockholm",
        "stadsdel": "Handen",
        "distrikt": "Österhaninge",
        "plats": "Handen, Haninge"
      },
      "geometry": {
        "type": "Point",
        "coordinates": [
          18.15295236148417,
          59.171427064959296
        ]
      }
    },
    {
      "type": "Feature",
      "properties": {
        "index": 2022,
        "brottsdatum": "2023-08-07",
        "doda": 1,
        "skadade": 0,
        "status": "Öppet ärende",
        "region": "Stockholm",
        "polisomrade": "PO Stockholm Syd",
        "deso": "0180C2010",
        "regso": "Sätra",
        "regsokod": "0180R092",
        "ts": 1691366400000,
        "uid": "c01624a533",
        "month": "08",
        "year": "2023",
        "link": "https://www.svt.se/nyheter/lokalt/stockholm/skottlossning-i-satra-en-person-skadad",
        "source": "polis",
        "geo": true,
        "tatort": "Stockholm",
        "stadsdel": "Sätra ",
        "distrikt": "Skärholmen",
        "plats": "Sätra, Stockholm"
      },
      "geometry": {
        "type": "Point",
        "coordinates": [
          17.921063352954718,
          59.284681138014804
        ]
      }
    },
    {
      "type": "Feature",
      "properties": {
        "index": 2032,
        "brottsdatum": "2023-08-18",
        "doda": 1,
        "skadade": 0,
        "status": null,
        "region": "Mitt",
        "polisomrade": "Västmanland",
        "deso": "1980C1580",
        "regso": "Vega-Tunby-Sydvästra Nordanby",
        "regsokod": "1980R033",
        "ts": 1692316800000,
        "uid": "6b2ac60972",
        "month": "08",
        "year": "2023",
        "link": "https://www.svt.se/nyheter/lokalt/vastmanland/skottlossning-i-vasteras-en-person-skadad-2",
        "source": "polis",
        "geo": true,
        "tatort": "Västerås",
        "stadsdel": "Skallberget",
        "distrikt": "Gideonsberg",
        "plats": "Skallberget, Västerås"
      },
      "geometry": {
        "type": "Point",
        "coordinates": [
          16.546241765519724,
          59.63070425263431
        ]
      }
    },
    {
      "type": "Feature",
      "properties": {
        "index": 2035,
        "brottsdatum": "2023-08-22",
        "doda": 1,
        "skadade": 0,
        "status": null,
        "region": "Syd",
        "polisomrade": "PONV",
        "deso": "1283C1570",
        "regso": "Dalhem-Väla södra",
        "regsokod": "1283R004",
        "ts": 1692662400000,
        "uid": "71063f69c0",
        "month": "08",
        "year": "2023",
        "link": "https://www.svt.se/nyheter/lokalt/helsingborg/man-skjuten-i-helsingborg-12",
        "source": "polis",
        "geo": true,
        "tatort": "Helsingborg",
        "stadsdel": "Dalhem",
        "distrikt": "Filborna",
        "plats": "Dalhem, Helsingborg"
      },
      "geometry": {
        "type": "Point",
        "coordinates": [
          12.735208260126553,
          56.06476187748947
        ]
      }
    },
    {
      "type": "Feature",
      "properties": {
        "index": 2045,
        "brottsdatum": "2023-09-07",
        "doda": 1,
        "skadade": 0,
        "status": null,
        "region": "Mitt",
        "polisomrade": "Uppsala",
        "deso": "0380C2140",
        "regso": "Östra Gränby-Brillinge",
        "regsokod": "0380R057",
        "ts": 1694044800000,
        "uid": "527977d0fb",
        "month": "09",
        "year": "2023",
        "link": "https://www.svt.se/nyheter/lokalt/uppsala/misstankt-grovt-brott-i-uppsala-en-till-sjukhus--omlnl7",
        "source": "polis",
        "geo": true,
        "tatort": "Uppsala",
        "stadsdel": "Brillinge",
        "distrikt": "Vaksala",
        "plats": "Brillinge, Uppsala"
      },
      "geometry": {
        "type": "Point",
        "coordinates": [
          17.676406245984982,
          59.87933265929232
        ]
      }
    },
    {
      "type": "Feature",
      "properties": {
        "index": 2050,
        "brottsdatum": "2023-09-11",
        "doda": 1,
        "skadade": 0,
        "status": null,
        "region": "Stockholm",
        "polisomrade": "PO Stockholm Syd",
        "deso": "0136C1340",
        "regso": "Vega centrala-Handen norra",
        "regsokod": "0136R018",
        "ts": 1694390400000,
        "uid": "dce020443f",
        "month": "09",
        "year": "2023",
        "link": "https://www.svt.se/nyheter/lokalt/stockholm/mord-pa-13-aring-i-haninge-kopplas-till-gangkonflikt--2rs9k9",
        "source": "polis",
        "geo": true,
        "tatort": "Stockholm",
        "stadsdel": "Vega",
        "distrikt": "Österhaninge",
        "plats": "Vega, Haninge"
      },
      "geometry": {
        "type": "Point",
        "coordinates": [
          18.13663660593988,
          59.18440375772218
        ]
      }
    },
    {
      "type": "Feature",
      "properties": {
        "index": 2053,
        "brottsdatum": "2023-09-12",
        "doda": 1,
        "skadade": 0,
        "status": null,
        "region": "Mitt",
        "polisomrade": "Uppsala",
        "deso": "0380C1950",
        "regso": "Mellersta Sala backe",
        "regsokod": "0380R015",
        "ts": 1694476800000,
        "uid": "8b5dd544d8",
        "month": "09",
        "year": "2023",
        "link": "https://www.svt.se/nyheter/lokalt/uppsala/man-skjuten-i-uppsala-livshotande-skador--x7991k",
        "source": "polis",
        "geo": true,
        "tatort": "Uppsala",
        "stadsdel": "Sala backe",
        "distrikt": "Vaksala",
        "plats": "Sala backe, Uppsala"
      },
      "geometry": {
        "type": "Point",
        "coordinates": [
          17.668621247140802,
          59.87140481760487
        ]
      }
    },
    {
      "type": "Feature",
      "properties": {
        "index": 2056,
        "brottsdatum": "2023-09-12",
        "doda": 1,
        "skadade": 0,
        "status": null,
        "region": "Stockholm",
        "polisomrade": "",
        "deso": "0163C1020",
        "regso": "Tegelhagen-Silverdal",
        "regsokod": "0163R017",
        "ts": 1694476800000,
        "uid": "4724d6618d",
        "month": "09",
        "year": "2023",
        "link": "https://www.svt.se/nyheter/lokalt/stockholm/skottlossning-i-helenelund--1m03bi",
        "source": "polis",
        "geo": true,
        "tatort": null,
        "stadsdel": "Silverdal",
        "distrikt": "Sollentuna",
        "plats": "Silverdal, Sollentuna"
      },
      "geometry": {
        "type": "Point",
        "coordinates": [
          17.984840335167835,
          59.40542933055834
        ]
      }
    },
    {
      "type": "Feature",
      "properties": {
        "index": 2057,
        "brottsdatum": "2023-09-13",
        "doda": 1,
        "skadade": 0,
        "status": null,
        "region": "Stockholm",
        "polisomrade": "PO Stockholm City",
        "deso": "0180C5310",
        "regso": "Östra Matteus",
        "regsokod": "0180R125",
        "ts": 1694563200000,
        "uid": "95dd1d93b3",
        "month": "09",
        "year": "2023",
        "link": "https://www.svt.se/nyheter/inrikes/man-skjuten-i-centrala-stockholm-1",
        "source": "polis",
        "geo": true,
        "tatort": "Stockholm",
        "stadsdel": "Vasastaden ",
        "distrikt": "Stockholms Sankt Matteus",
        "plats": "Vasastaden, Stockholm"
      },
      "geometry": {
        "type": "Point",
        "coordinates": [
          18.042425008794797,
          59.3457028686457
        ]
      }
    },
    {
      "type": "Feature",
      "properties": {
        "index": 2059,
        "brottsdatum": "2023-09-14",
        "doda": 1,
        "skadade": 0,
        "status": null,
        "region": "Stockholm",
        "polisomrade": "PO Stockholm Syd",
        "deso": "0180C2320",
        "regso": "Västertorp",
        "regsokod": "0180R111",
        "ts": 1694649600000,
        "uid": "ecf0fd3a74",
        "month": "09",
        "year": "2023",
        "link": "https://www.svt.se/nyheter/lokalt/stockholm/en-person-skjuten-i-vastertorp--x6iwsh",
        "source": "polis",
        "geo": true,
        "tatort": "Stockholm",
        "stadsdel": "Västertorp ",
        "distrikt": "Brännkyrka",
        "plats": "Västertorp, Stockholm"
      },
      "geometry": {
        "type": "Point",
        "coordinates": [
          17.97602460006462,
          59.290624667045584
        ]
      }
    },
    {
      "type": "Feature",
      "properties": {
        "index": 2065,
        "brottsdatum": "2023-09-16",
        "doda": 1,
        "skadade": 0,
        "status": null,
        "region": "Stockholm",
        "polisomrade": "PO Stockholm Nord",
        "deso": "0180C5510",
        "regso": "Råcksta",
        "regsokod": "0180R077",
        "ts": 1694822400000,
        "uid": "5785e790fe",
        "month": "09",
        "year": "2023",
        "link": "https://www.svt.se/nyheter/lokalt/stockholm/larm-om-skjutning-i-vallingby--088j4t",
        "source": "polis",
        "geo": true,
        "tatort": "Stockholm",
        "stadsdel": "Råcksta ",
        "distrikt": "Vällingby",
        "plats": "Råcksta, Stockholm"
      },
      "geometry": {
        "type": "Point",
        "coordinates": [
          17.88514905952705,
          59.358266146205494
        ]
      }
    },
    {
      "type": "Feature",
      "properties": {
        "index": 2070,
        "brottsdatum": "2023-09-21",
        "doda": 2,
        "skadade": 2,
        "status": null,
        "region": "Mitt",
        "polisomrade": "Gävleborg",
        "deso": "2181C1070",
        "regso": "Sandviken centrum",
        "regsokod": "2181R003",
        "ts": 1695254400000,
        "uid": "d44278b0c8",
        "month": "09",
        "year": "2023",
        "link": "https://www.svt.se/nyheter/lokalt/gavleborg/misstankt-skottlossning-i-sandviken-1",
        "source": "polis",
        "geo": true,
        "tatort": "Sandviken",
        "stadsdel": "Nya Bruket",
        "distrikt": "Sandviken",
        "plats": "Nya Bruket, Sandviken"
      },
      "geometry": {
        "type": "Point",
        "coordinates": [
          16.77592969641574,
          60.616631348570685
        ]
      }
    },
    {
      "type": "Feature",
      "properties": {
        "index": 2081,
        "brottsdatum": "2023-09-27",
        "doda": 1,
        "skadade": 1,
        "status": null,
        "region": "Stockholm",
        "polisomrade": "PO Stockholm Syd",
        "deso": "0136C1120",
        "regso": "Jordbro centrala",
        "regsokod": "0136R010",
        "ts": 1695772800000,
        "uid": "25476e8d26",
        "month": "09",
        "year": "2023",
        "link": "https://www.svt.se/nyheter/lokalt/stockholm/larm-om-skottlossning-i-jordbro--gc7xu1",
        "source": "polis",
        "geo": true,
        "tatort": "Jordbro",
        "stadsdel": "Jordbro",
        "distrikt": "Österhaninge",
        "plats": "Jordbro, Haninge"
      },
      "geometry": {
        "type": "Point",
        "coordinates": [
          18.130868145844104,
          59.14050768914918
        ]
      }
    },
    {
      "type": "Feature",
      "properties": {
        "index": 2082,
        "brottsdatum": "2023-09-27",
        "doda": 1,
        "skadade": 0,
        "status": null,
        "region": "Stockholm",
        "polisomrade": "PO Stockholm Syd",
        "deso": "0180C2030",
        "regso": "Fruängen",
        "regsokod": "0180R024",
        "ts": 1695772800000,
        "uid": "be9c5bd458",
        "month": "09",
        "year": "2023",
        "link": "https://www.svt.se/nyheter/lokalt/stockholm/skottlossning-i-fruangen--1xvtil",
        "source": "polis",
        "geo": true,
        "tatort": "Stockholm",
        "stadsdel": "Fruängen ",
        "distrikt": "Brännkyrka",
        "plats": "Fruängen, Stockholm"
      },
      "geometry": {
        "type": "Point",
        "coordinates": [
          17.952846191272673,
          59.28665963139594
        ]
      }
    },
    {
      "type": "Feature",
      "properties": {
        "index": 2098,
        "brottsdatum": "2023-10-09",
        "doda": 1,
        "skadade": 0,
        "status": null,
        "region": "Syd",
        "polisomrade": "POKK",
        "deso": "0780C1200",
        "regso": "Västra mark",
        "regsokod": "0780R018",
        "ts": 1696809600000,
        "uid": "aca64bd5e0",
        "month": "10",
        "year": "2023",
        "link": "https://www.svt.se/nyheter/lokalt/smaland/man-misstanks-mordad-i-vaxjo",
        "source": "polis",
        "geo": true,
        "tatort": "Växjö",
        "stadsdel": "Araby",
        "distrikt": "Skogslyckan",
        "plats": "Araby, Växjö"
      },
      "geometry": {
        "type": "Point",
        "coordinates": [
          14.787096156667587,
          56.88891285974244
        ]
      }
    },
    {
      "type": "Feature",
      "properties": {
        "index": 2102,
        "brottsdatum": "2023-10-12",
        "doda": 1,
        "skadade": 1,
        "status": null,
        "region": "Stockholm",
        "polisomrade": "PO Stockholm Syd",
        "deso": "0180C2380",
        "regso": "Västberga",
        "regsokod": "0180R110",
        "ts": 1697068800000,
        "uid": "f3d893c8d4",
        "month": "10",
        "year": "2023",
        "link": "https://www.svt.se/nyheter/lokalt/stockholm/skjutning-i-vastberga-en-person-skadad",
        "source": "polis",
        "geo": true,
        "tatort": "Stockholm",
        "stadsdel": "Västberga ",
        "distrikt": "Hägersten",
        "plats": "Västberga, Stockholm"
      },
      "geometry": {
        "type": "Point",
        "coordinates": [
          17.995859687532956,
          59.296459871546745
        ]
      }
    },
    {
      "type": "Feature",
      "properties": {
        "index": 2103,
        "brottsdatum": "2023-10-13",
        "doda": 2,
        "skadade": 0,
        "status": null,
        "region": "Stockholm",
        "polisomrade": "PO Stockholm Syd",
        "deso": "0127C1260",
        "regso": "Tullinge villastad",
        "regsokod": "0127R015",
        "ts": 1697155200000,
        "uid": "95dc14e49f",
        "month": "10",
        "year": "2023",
        "link": "https://www.svt.se/nyheter/lokalt/stockholm/skottlossning-mot-villa-i-tullinge",
        "source": "polis",
        "geo": true,
        "tatort": "Stockholm",
        "stadsdel": "Tullinge Villastad",
        "distrikt": "Tullinge",
        "plats": "Tullinge Villastad, Botkyrka"
      },
      "geometry": {
        "type": "Point",
        "coordinates": [
          17.91036731560875,
          59.22112141085882
        ]
      }
    },
    {
      "type": "Feature",
      "properties": {
        "index": 2132,
        "brottsdatum": "2023-11-17",
        "doda": 1,
        "skadade": 0,
        "status": null,
        "region": "Mitt",
        "polisomrade": "Po Västmanland",
        "deso": "1980C1530",
        "regso": "Södra Skallberget",
        "regsokod": "1980R031",
        "ts": 1700179200000,
        "uid": "898b21b9ba",
        "month": "11",
        "year": "2023",
        "link": "https://www.svt.se/nyheter/lokalt/vastmanland/en-man-skjuten-i-vasteras--4sfg1z",
        "source": "polis",
        "geo": true,
        "tatort": "Västerås",
        "stadsdel": "Skallberget",
        "distrikt": "Gideonsberg",
        "plats": "Skallberget, Västerås"
      },
      "geometry": {
        "type": "Point",
        "coordinates": [
          16.545994131972453,
          59.6253183507758
        ]
      }
    },
    {
      "type": "Feature",
      "properties": {
        "index": 2136,
        "brottsdatum": "2023-11-27",
        "doda": 1,
        "skadade": 0,
        "status": null,
        "region": "Öst",
        "polisomrade": "PO Östergötland",
        "deso": "0581C1470",
        "regso": "Nordvästra Marielund",
        "regsokod": "0581R016",
        "ts": 1701043200000,
        "uid": "1e760b074d",
        "month": "11",
        "year": "2023",
        "link": "https://www.svt.se/nyheter/lokalt/ost/grovt-valdsbrott-i-norrkoping-en-dod--pe39uc",
        "source": "polis",
        "geo": true,
        "tatort": "Norrköping",
        "stadsdel": "Marielund",
        "distrikt": "Norrköpings Matteus",
        "plats": "Marielund, Norrköping"
      },
      "geometry": {
        "type": "Point",
        "coordinates": [
          16.16833411979407,
          58.59906502172563
        ]
      }
    },
    {
      "type": "Feature",
      "properties": {
        "index": 2143,
        "brottsdatum": "2023-12-11",
        "doda": 1,
        "skadade": 0,
        "status": null,
        "region": "Öst",
        "polisomrade": "Södermanland",
        "deso": "0484C1470",
        "regso": "Göksten-Krusgården-Edvardslund-Glömsta",
        "regsokod": "0484R007",
        "ts": 1702252800000,
        "uid": "50d2c22570",
        "month": "12",
        "year": "2023",
        "link": "https://www.svt.se/nyheter/lokalt/sormland/uppgifter-kvinna-hittades-dod-i-eskilstuna-misstankts-nu-ha-blivit-skjuten--tgcacr",
        "source": "polis",
        "geo": true,
        "tatort": "Torshälla",
        "stadsdel": null,
        "distrikt": "Torshälla",
        "plats": "Torshälla, Eskilstuna"
      },
      "geometry": {
        "type": "Point",
        "coordinates": [
          16.483885506100474,
          59.42305699585498
        ]
      }
    },
    {
      "type": "Feature",
      "properties": {
        "index": 2149,
        "brottsdatum": "2023-12-20",
        "doda": 1,
        "skadade": 0,
        "status": null,
        "region": "Öst",
        "polisomrade": "PO Östergötland",
        "deso": "0581C1470",
        "regso": "Nordvästra Marielund",
        "regsokod": "0581R016",
        "ts": 1703030400000,
        "uid": "ce6a759735",
        "month": "12",
        "year": "2023",
        "link": "https://www.svt.se/nyheter/lokalt/ost/misstankt-skottlossning-i-norrkoping-en-skadad-suim32",
        "source": "polis",
        "geo": true,
        "tatort": "Norrköping",
        "stadsdel": "Marielund",
        "distrikt": "Norrköpings Matteus",
        "plats": "Marielund, Norrköping"
      },
      "geometry": {
        "type": "Point",
        "coordinates": [
          16.164804041061164,
          58.59640243103015
        ]
      }
    },
    {
      "type": "Feature",
      "properties": {
        "index": 2162,
        "brottsdatum": "2024-01-11",
        "doda": 1,
        "skadade": 0,
        "status": null,
        "region": "Mitt",
        "polisomrade": "Gästrikland",
        "deso": "2181C1070",
        "regso": "Sandviken centrum",
        "regsokod": "2181R003",
        "ts": 1704931200000,
        "uid": "a937a89de7",
        "month": "01",
        "year": "2024",
        "link": "https://www.svt.se/nyheter/lokalt/gavleborg/stor-polisinsats-i-sandviken-en-till-sjukhus",
        "source": "polis",
        "geo": true,
        "tatort": "Sandviken",
        "stadsdel": "Nya Bruket",
        "distrikt": "Sandviken",
        "plats": "Nya Bruket, Sandviken"
      },
      "geometry": {
        "type": "Point",
        "coordinates": [
          16.775831033273114,
          60.614836526527085
        ]
      }
    },
    {
      "type": "Feature",
      "properties": {
        "index": 2166,
        "brottsdatum": "2024-01-15",
        "doda": 1,
        "skadade": 0,
        "status": null,
        "region": "Syd",
        "polisomrade": "Helsingborg",
        "deso": "1260B2010",
        "regso": "Ekeby västra",
        "regsokod": "1260R007",
        "ts": 1705276800000,
        "uid": "546824900b",
        "month": "01",
        "year": "2024",
        "link": "https://www.hd.se/2024-01-18/en-person-misstankt-for-mord-i-helsingborg/",
        "source": "polis",
        "geo": true,
        "tatort": null,
        "stadsdel": null,
        "distrikt": "Ekeby",
        "plats": "Ekeby, Bjuv"
      },
      "geometry": {
        "type": "Point",
        "coordinates": [
          12.916654780218973,
          56.00684649512584
        ]
      }
    },
    {
      "type": "Feature",
      "properties": {
        "index": 2176,
        "brottsdatum": "2024-02-03",
        "doda": 2,
        "skadade": 0,
        "status": null,
        "region": "Väst",
        "polisomrade": "Storgöteborg Syd",
        "deso": "1480C1580",
        "regso": "Grimmered",
        "regsokod": "1480R035",
        "ts": 1706918400000,
        "uid": "b189c446c2",
        "month": "02",
        "year": "2024",
        "link": "https://www.svt.se/nyheter/lokalt/vast/misstankt-mordforsok-i-goteborg-tva-man-allvarligt-skadade",
        "source": "polis",
        "geo": true,
        "tatort": "Göteborg",
        "stadsdel": "Grimmered",
        "distrikt": "Älvsborg",
        "plats": "Grimmered, Göteborg"
      },
      "geometry": {
        "type": "Point",
        "coordinates": [
          11.89901878448984,
          57.67807383520648
        ]
      }
    },
    {
      "type": "Feature",
      "properties": {
        "index": 2188,
        "brottsdatum": "2024-03-01",
        "doda": 1,
        "skadade": 0,
        "status": null,
        "region": "Stockholm",
        "polisomrade": "Skärholmen",
        "deso": "0180C1860",
        "regso": "Skärholmen",
        "regsokod": "0180R079",
        "ts": 1709251200000,
        "uid": "cd3e5427e5",
        "month": "03",
        "year": "2024",
        "link": "https://www.svt.se/nyheter/lokalt/stockholm/larm-om-skottlossning-i-skarholmen-en-skadad",
        "source": "polis",
        "geo": true,
        "tatort": "Stockholm",
        "stadsdel": "Skärholmen ",
        "distrikt": "Skärholmen",
        "plats": "Skärholmen, Stockholm"
      },
      "geometry": {
        "type": "Point",
        "coordinates": [
          17.899418817366463,
          59.27797656365748
        ]
      }
    },
    {
      "type": "Feature",
      "properties": {
        "index": 2194,
        "brottsdatum": "2024-03-07",
        "doda": 1,
        "skadade": 0,
        "status": null,
        "region": "Stockholm",
        "polisomrade": "Skärholmen",
        "deso": "0180C2500",
        "regso": "Bredäng",
        "regsokod": "0180R010",
        "ts": 1709769600000,
        "uid": "7f4a5a345b",
        "month": "03",
        "year": "2024",
        "link": "https://www.svt.se/nyheter/lokalt/stockholm/man-ihjalskjuten-i-bredang",
        "source": "polis",
        "geo": true,
        "tatort": "Stockholm",
        "stadsdel": "Bredäng ",
        "distrikt": "Skärholmen",
        "plats": "Bredäng, Stockholm"
      },
      "geometry": {
        "type": "Point",
        "coordinates": [
          17.92541606243609,
          59.29446779501759
        ]
      }
    },
    {
      "type": "Feature",
      "properties": {
        "index": 2195,
        "brottsdatum": "2024-03-11",
        "doda": 1,
        "skadade": 0,
        "status": null,
        "region": "Syd",
        "polisomrade": "Kristianstad",
        "deso": "1290C1220",
        "regso": "Gamlegården",
        "regsokod": "1290R005",
        "ts": 1710115200000,
        "uid": "1674f92b6e",
        "month": "03",
        "year": "2024",
        "link": "https://www.svt.se/nyheter/lokalt/skane/skottlossning-i-kristianstad-8r3mhw",
        "source": "polis",
        "geo": true,
        "tatort": "Kristianstad",
        "stadsdel": "Gamlegården",
        "distrikt": "Kristianstads Heliga Trefaldighet",
        "plats": "Gamlegården, Kristianstad"
      },
      "geometry": {
        "type": "Point",
        "coordinates": [
          14.152099835244336,
          56.0592669724679
        ]
      }
    },
    {
      "type": "Feature",
      "properties": {
        "index": 2202,
        "brottsdatum": "2024-03-21",
        "doda": 1,
        "skadade": 0,
        "status": null,
        "region": "Stockholm",
        "polisomrade": "Botkyrka",
        "deso": "0127C1420",
        "regso": "Fittja",
        "regsokod": "0127R005",
        "ts": 1710979200000,
        "uid": "82b452156d",
        "month": "03",
        "year": "2024",
        "link": "https://www.svt.se/nyheter/lokalt/stockholm/skottlossning-soder-om-stockholm",
        "source": "polis",
        "geo": true,
        "tatort": "Stockholm",
        "stadsdel": "Krögarvägen",
        "distrikt": "Botkyrka",
        "plats": "Krögarvägen, Botkyrka"
      },
      "geometry": {
        "type": "Point",
        "coordinates": [
          17.85823053040661,
          59.24743812980007
        ]
      }
    },
    {
      "type": "Feature",
      "properties": {
        "index": 2218,
        "brottsdatum": "2024-04-05",
        "doda": 1,
        "skadade": 0,
        "status": null,
        "region": "Syd",
        "polisomrade": "Helsingborg",
        "deso": "1283C1370",
        "regso": "Adolfsberg-Västergård",
        "regsokod": "1283R001",
        "ts": 1712275200000,
        "uid": "b1d619d1f9",
        "month": "04",
        "year": "2024",
        "link": "https://www.svt.se/nyheter/lokalt/helsingborg/misstankt-skottlossning-i-helsingborg-5mewh8",
        "source": "polis",
        "geo": true,
        "tatort": "Helsingborg",
        "stadsdel": "Adolfsberg",
        "distrikt": "Helsingborgs Gustav Adolf",
        "plats": "Adolfsberg, Helsingborg"
      },
      "geometry": {
        "type": "Point",
        "coordinates": [
          12.745937716272046,
          56.04608465549155
        ]
      }
    },
    {
      "type": "Feature",
      "properties": {
        "index": 2221,
        "brottsdatum": "2024-04-09",
        "doda": 1,
        "skadade": 0,
        "status": null,
        "region": "Syd",
        "polisomrade": "Helsingborg",
        "deso": "1283C1530",
        "regso": "Ringstorp-Stattena",
        "regsokod": "1283R022",
        "ts": 1712620800000,
        "uid": "dff3455eeb",
        "month": "04",
        "year": "2024",
        "link": "https://www.svt.se/nyheter/lokalt/helsingborg/en-dod-efter-skottlossning-i-helsingborg",
        "source": "polis",
        "geo": true,
        "tatort": "Helsingborg",
        "stadsdel": "Ringstorp",
        "distrikt": "Helsingborgs Maria",
        "plats": "Ringstorp, Helsingborg"
      },
      "geometry": {
        "type": "Point",
        "coordinates": [
          12.70798000255767,
          56.06336030643085
        ]
      }
    },
    {
      "type": "Feature",
      "properties": {
        "index": 2222,
        "brottsdatum": "2024-04-10",
        "doda": 1,
        "skadade": 0,
        "status": null,
        "region": "Stockholm",
        "polisomrade": "Skärholmen",
        "deso": "0180C1660",
        "regso": "Skärholmen",
        "regsokod": "0180R079",
        "ts": 1712707200000,
        "uid": "f5ac88136b",
        "month": "04",
        "year": "2024",
        "link": "https://www.svt.se/nyheter/lokalt/stockholm/person-skjuten-i-skarholmen-stor-polisinsats",
        "source": "polis",
        "geo": true,
        "tatort": "Stockholm",
        "stadsdel": "Skärholmen ",
        "distrikt": "Skärholmen",
        "plats": "Skärholmen, Stockholm"
      },
      "geometry": {
        "type": "Point",
        "coordinates": [
          17.9027710096964,
          59.27610467101375
        ]
      }
    },
    {
      "type": "Feature",
      "properties": {
        "index": 2223,
        "brottsdatum": "2024-04-14",
        "doda": 1,
        "skadade": 0,
        "status": null,
        "region": "Öst",
        "polisomrade": "Norrköping",
        "deso": "0581C1030",
        "regso": "Navestad-Åselstad",
        "regsokod": "0581R015",
        "ts": 1713052800000,
        "uid": "401845e73d",
        "month": "04",
        "year": "2024",
        "link": null,
        "source": "polis",
        "geo": true,
        "tatort": "Norrköping",
        "stadsdel": "Navestad",
        "distrikt": "Tingstad",
        "plats": "Navestad, Norrköping"
      },
      "geometry": {
        "type": "Point",
        "coordinates": [
          16.213474384996573,
          58.56092189731268
        ]
      }
    },
    {
      "type": "Feature",
      "properties": {
        "index": 2236,
        "brottsdatum": "2024-05-06",
        "doda": 1,
        "skadade": 0,
        "status": null,
        "region": "Stockholm",
        "polisomrade": "Södermalm",
        "deso": "0181C1280",
        "regso": "Telge-Snäckviken-Torekälla",
        "regsokod": "0181R026",
        "ts": 1714953600000,
        "uid": "a28eb5949b",
        "month": "05",
        "year": "2024",
        "link": "https://www.svt.se/nyheter/lokalt/stockholm/misstankt-skottlossning-pa-sodermalm",
        "source": "polis",
        "geo": true,
        "tatort": "Södertälje",
        "stadsdel": "Tälje",
        "distrikt": "Södertälje",
        "plats": "Tälje, Södertälje"
      },
      "geometry": {
        "type": "Point",
        "coordinates": [
          17.61640953968855,
          59.20490808263148
        ]
      }
    },
    {
      "type": "Feature",
      "properties": {
        "index": 2252,
        "brottsdatum": "2024-05-20",
        "doda": 1,
        "skadade": 0,
        "status": null,
        "region": "Stockholm",
        "polisomrade": "Skärholmen",
        "deso": "0180C2290",
        "regso": "Bredäng",
        "regsokod": "0180R010",
        "ts": 1716163200000,
        "uid": "8a7d8ceb06",
        "month": "05",
        "year": "2024",
        "link": "https://www.svt.se/nyheter/lokalt/stockholm/en-person-skjuten-i-bredang",
        "source": "polis",
        "geo": true,
        "tatort": "Stockholm",
        "stadsdel": "Bredäng ",
        "distrikt": "Skärholmen",
        "plats": "Bredäng, Stockholm"
      },
      "geometry": {
        "type": "Point",
        "coordinates": [
          17.941195552034916,
          59.29411218528903
        ]
      }
    },
    {
      "type": "Feature",
      "properties": {
        "index": 2268,
        "brottsdatum": "2024-06-03",
        "doda": 2,
        "skadade": 0,
        "status": null,
        "region": "Öst",
        "polisomrade": "Norrköping",
        "deso": "0581C1160",
        "regso": "Nordöstra Hageby",
        "regsokod": "0581R019",
        "ts": 1717372800000,
        "uid": "afab33db87",
        "month": "06",
        "year": "2024",
        "link": "https://www.svt.se/nyheter/lokalt/ost/grovt-valdsbrott-i-norrkoping",
        "source": "polis",
        "geo": true,
        "tatort": "Norrköping",
        "stadsdel": "Hageby",
        "distrikt": "Norrköpings Sankt Johannes",
        "plats": "Hageby, Norrköping"
      },
      "geometry": {
        "type": "Point",
        "coordinates": [
          16.203124222860186,
          58.576931795149214
        ]
      }
    },
    {
      "type": "Feature",
      "properties": {
        "index": 2269,
        "brottsdatum": "2024-06-04",
        "doda": 1,
        "skadade": 0,
        "status": null,
        "region": "Väst",
        "polisomrade": "Storgöteborg Hisingen",
        "deso": "1480C3450",
        "regso": "Skälltorp Bäckebol",
        "regsokod": "1480R126",
        "ts": 1717459200000,
        "uid": "57ef45fd59",
        "month": "06",
        "year": "2024",
        "link": "https://www.svt.se/nyheter/lokalt/vast/man-skjuten-till-dods-i-parkeringsgarage-i-goteborg",
        "source": "polis",
        "geo": true,
        "tatort": "Göteborg",
        "stadsdel": "Skälltorp",
        "distrikt": "Bäckebol",
        "plats": "Skälltorp, Göteborg"
      },
      "geometry": {
        "type": "Point",
        "coordinates": [
          11.980338546765207,
          57.749248227928064
        ]
      }
    },
    {
      "type": "Feature",
      "properties": {
        "index": 2282,
        "brottsdatum": "2024-06-17",
        "doda": 1,
        "skadade": 0,
        "status": null,
        "region": "Stockholm",
        "polisomrade": "Södertälje",
        "deso": "0128C1010",
        "regso": "Rönninge",
        "regsokod": "0128R001",
        "ts": 1718582400000,
        "uid": "687193ee40",
        "month": "06",
        "year": "2024",
        "link": "https://www.svt.se/nyheter/lokalt/sodertalje/polisinsats-i-salem-efter-larm-om-hoga-smallar-en-person-skadad",
        "source": "polis",
        "geo": true,
        "tatort": null,
        "stadsdel": null,
        "distrikt": "Salem",
        "plats": "Salem"
      },
      "geometry": {
        "type": "Point",
        "coordinates": [
          17.767844116937418,
          59.192785564775114
        ]
      }
    },
    {
      "type": "Feature",
      "properties": {
        "index": 2300,
        "brottsdatum": "2024-07-02",
        "doda": 1,
        "skadade": 0,
        "status": null,
        "region": "Stockholm",
        "polisomrade": "Södertälje",
        "deso": "0181C1160",
        "regso": "Blombacka",
        "regsokod": "0181R001",
        "ts": 1719878400000,
        "uid": "998e231cad",
        "month": "07",
        "year": "2024",
        "link": "https://www.svt.se/nyheter/lokalt/sodertalje/man-skjuten-i-sodertalje-uwdgum",
        "source": "polis",
        "geo": true,
        "tatort": "Södertälje",
        "stadsdel": "Blombacka",
        "distrikt": "Södertälje",
        "plats": "Blombacka, Södertälje"
      },
      "geometry": {
        "type": "Point",
        "coordinates": [
          17.596146606501133,
          59.191837303718465
        ]
      }
    },
    {
      "type": "Feature",
      "properties": {
        "index": 2302,
        "brottsdatum": "2024-07-04",
        "doda": 1,
        "skadade": 0,
        "status": null,
        "region": "Väst",
        "polisomrade": "",
        "deso": "1480C2830",
        "regso": "Bagaregården",
        "regsokod": "1480R008",
        "ts": 1720051200000,
        "uid": "fbdd4ab747",
        "month": "07",
        "year": "2024",
        "link": "https://www.svt.se/nyheter/lokalt/vast/polis-larmad-om-skottlossning-i-goteborg-en-skadad",
        "source": "polis",
        "geo": true,
        "tatort": "Göteborg",
        "stadsdel": "Bagaregården",
        "distrikt": "Härlanda",
        "plats": "Bagaregården, Göteborg"
      },
      "geometry": {
        "type": "Point",
        "coordinates": [
          12.01968703584338,
          57.72052137218526
        ]
      }
    },
    {
      "type": "Feature",
      "properties": {
        "index": 2305,
        "brottsdatum": "2024-07-09",
        "doda": 1,
        "skadade": 0,
        "status": null,
        "region": "Stockholm",
        "polisomrade": "Globen",
        "deso": "0180C1940",
        "regso": "Bagarmossen",
        "regsokod": "0180R005",
        "ts": 1720483200000,
        "uid": "80d83b6592",
        "month": "07",
        "year": "2024",
        "link": "https://www.svt.se/nyheter/lokalt/stockholm/larm-om-skottlossning-i-bagarmossen-jcjwuz",
        "source": "polis",
        "geo": true,
        "tatort": "Stockholm",
        "stadsdel": "Bagarmossen ",
        "distrikt": "Skarpnäck",
        "plats": "Bagarmossen, Stockholm"
      },
      "geometry": {
        "type": "Point",
        "coordinates": [
          18.126190090951447,
          59.280813325230646
        ]
      }
    },
    {
      "type": "Feature",
      "properties": {
        "index": 2321,
        "brottsdatum": "2024-07-27",
        "doda": 1,
        "skadade": 2,
        "status": null,
        "region": "Mitt",
        "polisomrade": "Gästrikland",
        "deso": "2180C1270",
        "regso": "Gävle centrum",
        "regsokod": "2180R006",
        "ts": 1722038400000,
        "uid": "c470927a64",
        "month": "07",
        "year": "2024",
        "link": "https://www.svt.se/nyheter/lokalt/gavleborg/misstankt-grovt-brott-i-gavle-en-till-sjukhus",
        "source": "polis",
        "geo": true,
        "tatort": "Gävle",
        "stadsdel": "Norr",
        "distrikt": "Gävle Heliga Trefaldighet",
        "plats": "Norr, Gävle"
      },
      "geometry": {
        "type": "Point",
        "coordinates": [
          17.139698934949028,
          60.67327938394625
        ]
      }
    },
    {
      "type": "Feature",
      "properties": {
        "index": 2327,
        "brottsdatum": "2024-07-30",
        "doda": 1,
        "skadade": 0,
        "status": null,
        "region": "Stockholm",
        "polisomrade": "Järfälla",
        "deso": "0139B2020",
        "regso": "Centrala Bro",
        "regsokod": "0139R002",
        "ts": 1722297600000,
        "uid": "42f0e7fa9a",
        "month": "07",
        "year": "2024",
        "link": "https://www.svt.se/nyheter/lokalt/stockholm/person-hittad-skjuten-i-upplands-bro",
        "source": "polis",
        "geo": true,
        "tatort": "Bro",
        "stadsdel": "Bro",
        "distrikt": "Bro",
        "plats": "Bro, Upplands-Bro"
      },
      "geometry": {
        "type": "Point",
        "coordinates": [
          17.650732006143404,
          59.51149160275526
        ]
      }
    },
    {
      "type": "Feature",
      "properties": {
        "index": 2330,
        "brottsdatum": "2024-08-02",
        "doda": 1,
        "skadade": 0,
        "status": null,
        "region": "Väst",
        "polisomrade": "Borås",
        "deso": "1490C1500",
        "regso": "Sjöbo norra",
        "regsokod": "1490R034",
        "ts": 1722556800000,
        "uid": "83c4bbc3f5",
        "month": "08",
        "year": "2024",
        "link": "https://www.svt.se/nyheter/lokalt/vast/polisinsats-i-boras-grovt-brott",
        "source": "polis",
        "geo": true,
        "tatort": "Borås",
        "stadsdel": "Sjöbo",
        "distrikt": "Borås Caroli",
        "plats": "Sjöbo, Borås"
      },
      "geometry": {
        "type": "Point",
        "coordinates": [
          12.943142474184347,
          57.75416863009952
        ]
      }
    },
    {
      "type": "Feature",
      "properties": {
        "index": 2331,
        "brottsdatum": "2024-08-03",
        "doda": 1,
        "skadade": 0,
        "status": null,
        "region": "Stockholm",
        "polisomrade": "Skärholmen",
        "deso": "0180C2720",
        "regso": "Midsommarkransen",
        "regsokod": "0180R062",
        "ts": 1722643200000,
        "uid": "741cfd375c",
        "month": "08",
        "year": "2024",
        "link": "https://www.svt.se/nyheter/lokalt/stockholm/uppgifter-om-skottlossning-nara-midsommarkransens-tunnelbana",
        "source": "polis",
        "geo": true,
        "tatort": "Stockholm",
        "stadsdel": "Midsommarkransen ",
        "distrikt": "Hägersten",
        "plats": "Midsommarkransen, Stockholm"
      },
      "geometry": {
        "type": "Point",
        "coordinates": [
          18.010282226583673,
          59.30062019476116
        ]
      }
    },
    {
      "type": "Feature",
      "properties": {
        "index": 2337,
        "brottsdatum": "2024-08-10",
        "doda": 1,
        "skadade": 0,
        "status": null,
        "region": "Syd",
        "polisomrade": "Södra Skåne",
        "deso": "1264C1020",
        "regso": "Skurup sydväst",
        "regsokod": "1264R008",
        "ts": 1723248000000,
        "uid": "0e0a51b70e",
        "month": "08",
        "year": "2024",
        "link": "https://www.svt.se/nyheter/lokalt/skane/skottlossning-i-skurup",
        "source": "polis",
        "geo": true,
        "tatort": "Skurup",
        "stadsdel": null,
        "distrikt": "Skurup",
        "plats": "Skurup"
      },
      "geometry": {
        "type": "Point",
        "coordinates": [
          13.488488110164237,
          55.47366910773101
        ]
      }
    },
    {
      "type": "Feature",
      "properties": {
        "index": 2342,
        "brottsdatum": "2024-08-12",
        "doda": 1,
        "skadade": 0,
        "status": null,
        "region": "Öst",
        "polisomrade": "Norrköping",
        "deso": "0581C1310",
        "regso": "Strömbacken-Berget-Södertull",
        "regsokod": "0581R029",
        "ts": 1723420800000,
        "uid": "539a9b4052",
        "month": "08",
        "year": "2024",
        "link": "https://www.svt.se/nyheter/lokalt/ost/19-aring-mordades-i-norrkoping-tva-man-begars-haktade",
        "source": "polis",
        "geo": true,
        "tatort": "Norrköping",
        "stadsdel": "Berget",
        "distrikt": "Norrköpings Sankt Olai",
        "plats": "Berget, Norrköping"
      },
      "geometry": {
        "type": "Point",
        "coordinates": [
          16.174922457712352,
          58.58673520976587
        ]
      }
    },
    {
      "type": "Feature",
      "properties": {
        "index": 2344,
        "brottsdatum": "2024-08-13",
        "doda": 1,
        "skadade": 0,
        "status": null,
        "region": "Öst",
        "polisomrade": "Linköping",
        "deso": "0580C1220",
        "regso": "Berga",
        "regsokod": "0580R001",
        "ts": 1723507200000,
        "uid": "6c68ef931f",
        "month": "08",
        "year": "2024",
        "link": "https://www.svt.se/nyheter/lokalt/ost/larm-om-hoga-smallar-i-berga-skadad-person-antraffad",
        "source": "polis",
        "geo": true,
        "tatort": "Linköping",
        "stadsdel": "Berga",
        "distrikt": "Berga",
        "plats": "Berga, Linköping"
      },
      "geometry": {
        "type": "Point",
        "coordinates": [
          15.638040059745773,
          58.39262005237604
        ]
      }
    },
    {
      "type": "Feature",
      "properties": {
        "index": 2349,
        "brottsdatum": "2024-08-26",
        "doda": 1,
        "skadade": 0,
        "status": null,
        "region": "Syd",
        "polisomrade": "Rosengård",
        "deso": "1280C1760",
        "regso": "RegSO-Örtagården syd-Herrgården syd",
        "regsokod": "1280R088",
        "ts": 1724630400000,
        "uid": "db1cec1e9c",
        "month": "08",
        "year": "2024",
        "link": "https://www.svt.se/nyheter/lokalt/skane/skottlossning-i-malmo-en-person-skadad-l1z2ye",
        "source": "polis",
        "geo": true,
        "tatort": "Malmö",
        "stadsdel": "Herrgården",
        "distrikt": "Västra Skrävlinge",
        "plats": "Herrgården, Malmö"
      },
      "geometry": {
        "type": "Point",
        "coordinates": [
          13.047197593489885,
          55.580295449030196
        ]
      }
    },
    {
      "type": "Feature",
      "properties": {
        "index": 2352,
        "brottsdatum": "2024-08-27",
        "doda": 1,
        "skadade": 0,
        "status": null,
        "region": "Stockholm",
        "polisomrade": "Botkyrka",
        "deso": "0127C1410",
        "regso": "Norsborg",
        "regsokod": "0127R010",
        "ts": 1724716800000,
        "uid": "ef765cb5ba",
        "month": "08",
        "year": "2024",
        "link": "https://www.svt.se/nyheter/lokalt/stockholm/en-allvarligt-skadad-efter-misstankt-skjutning-hittades-i-bil",
        "source": "polis",
        "geo": true,
        "tatort": "Stockholm",
        "stadsdel": "Norsborg Kärsby",
        "distrikt": "Botkyrka",
        "plats": "Norsborg Kärsby, Botkyrka"
      },
      "geometry": {
        "type": "Point",
        "coordinates": [
          17.807376175249637,
          59.24764729532942
        ]
      }
    },
    {
      "type": "Feature",
      "properties": {
        "index": 2355,
        "brottsdatum": "2024-08-30",
        "doda": 1,
        "skadade": 0,
        "status": null,
        "region": "Öst",
        "polisomrade": "Eskilstuna",
        "deso": "0484C1370",
        "regso": "Årby-Vallby",
        "regsokod": "0484R028",
        "ts": 1724976000000,
        "uid": "9f7fb4a426",
        "month": "08",
        "year": "2024",
        "link": "https://www.svt.se/nyheter/inrikes/misstankt-skottlossning-i-eskilstuna-en-till-sjukhus-qosm82",
        "source": "polis",
        "geo": true,
        "tatort": "Eskilstuna",
        "stadsdel": "Årby",
        "distrikt": "Eskilstuna Kloster",
        "plats": "Årby, Eskilstuna"
      },
      "geometry": {
        "type": "Point",
        "coordinates": [
          16.52086977009745,
          59.38311235238329
        ]
      }
    },
    {
      "type": "Feature",
      "properties": {
        "index": 2372,
        "brottsdatum": "2024-09-19",
        "doda": 1,
        "skadade": 0,
        "status": null,
        "region": "Mitt",
        "polisomrade": "Västra Mälardalen",
        "deso": "1961C1030",
        "regso": "Surbrunnsvägen-Tuna",
        "regsokod": "1961R008",
        "ts": 1726704000000,
        "uid": "49695fff36",
        "month": "09",
        "year": "2024",
        "link": "https://www.svt.se/nyheter/lokalt/vastmanland/stor-polisinsats-i-hallstahammar",
        "source": "polis",
        "geo": true,
        "tatort": "Hallstahammar",
        "stadsdel": null,
        "distrikt": "Hallstahammar",
        "plats": "Hallstahammar"
      },
      "geometry": {
        "type": "Point",
        "coordinates": [
          16.23165618267984,
          59.611585050575876
        ]
      }
    },
    {
      "type": "Feature",
      "properties": {
        "index": 2373,
        "brottsdatum": "2024-09-21",
        "doda": 1,
        "skadade": 0,
        "status": null,
        "region": "Väst",
        "polisomrade": "Västra Fyrbodal",
        "deso": "1485C1220",
        "regso": "Norra Dalaberg-Norra Hovhult",
        "regsokod": "1485R012",
        "ts": 1726876800000,
        "uid": "3109c66476",
        "month": "09",
        "year": "2024",
        "link": "https://www.svt.se/nyheter/lokalt/vast/misstankt-mordforsok-i-uddevalla-man-skadad",
        "source": "polis",
        "geo": true,
        "tatort": "Uddevalla",
        "stadsdel": "Dalaberg",
        "distrikt": "Bäve",
        "plats": "Dalaberg, Uddevalla"
      },
      "geometry": {
        "type": "Point",
        "coordinates": [
          11.937622081095501,
          58.3710644271729
        ]
      }
    },
    {
      "type": "Feature",
      "properties": {
        "index": 2377,
        "brottsdatum": "2024-09-25",
        "doda": 1,
        "skadade": 0,
        "status": null,
        "region": "Bergslagen",
        "polisomrade": "Örebro",
        "deso": "1880A0130",
        "regso": "Garphyttan-Närkes Kil",
        "regsokod": "1880R010",
        "ts": 1727222400000,
        "uid": "a1035f1565",
        "month": "09",
        "year": "2024",
        "link": null,
        "source": "polis",
        "geo": true,
        "tatort": null,
        "stadsdel": null,
        "distrikt": "Kil",
        "plats": "Kil, Örebro"
      },
      "geometry": {
        "type": "Point",
        "coordinates": [
          15.11603549927259,
          59.34343079661199
        ]
      }
    },
    {
      "type": "Feature",
      "properties": {
        "index": 2382,
        "brottsdatum": "2024-10-01",
        "doda": 1,
        "skadade": 0,
        "status": null,
        "region": "Stockholm",
        "polisomrade": "Sollentuna",
        "deso": "0163C1280",
        "regso": "Viby-Järvafältet",
        "regsokod": "0163R020",
        "ts": 1727740800000,
        "uid": "1d44711a8a",
        "month": "10",
        "year": "2024",
        "link": null,
        "source": "polis",
        "geo": true,
        "tatort": "Sollentuna",
        "stadsdel": "Södra Viby",
        "distrikt": "Sollentuna",
        "plats": "Södra Viby, Sollentuna"
      },
      "geometry": {
        "type": "Point",
        "coordinates": [
          17.895394933118506,
          59.45777917906104
        ]
      }
    },
    {
      "type": "Feature",
      "properties": {
        "index": 2389,
        "brottsdatum": "2024-10-07",
        "doda": 1,
        "skadade": 0,
        "status": null,
        "region": "Syd",
        "polisomrade": "Fosie",
        "deso": "1280C1170",
        "regso": "RegSO-Almvik syd-Lindängen syd",
        "regsokod": "1280R002",
        "ts": 1728259200000,
        "uid": "b80cab41ee",
        "month": "10",
        "year": "2024",
        "link": "https://www.svt.se/nyheter/lokalt/skane/en-person-allvarligt-skadad-vid-skjutning-i-malmo",
        "source": "polis",
        "geo": true,
        "tatort": "Malmö",
        "stadsdel": "Almvik",
        "distrikt": "Fosie",
        "plats": "Almvik, Malmö"
      },
      "geometry": {
        "type": "Point",
        "coordinates": [
          13.00385772627014,
          55.558925904153206
        ]
      }
    },
    {
      "type": "Feature",
      "properties": {
        "index": 2399,
        "brottsdatum": "2024-10-16",
        "doda": 1,
        "skadade": 0,
        "status": null,
        "region": "Syd",
        "polisomrade": "Hässleholm",
        "deso": "1273C1010",
        "regso": "Osby södra",
        "regsokod": "1273R006",
        "ts": 1729036800000,
        "uid": "f81e914851",
        "month": "10",
        "year": "2024",
        "link": "https://www.svt.se/nyheter/lokalt/skane/misstankt-skottlossning-i-osby-man-antraffad-skadad",
        "source": "polis",
        "geo": true,
        "tatort": "Osby",
        "stadsdel": null,
        "distrikt": "Osby",
        "plats": "Osby"
      },
      "geometry": {
        "type": "Point",
        "coordinates": [
          13.991248327583111,
          56.37613170294769
        ]
      }
    },
    {
      "type": "Feature",
      "properties": {
        "index": 2402,
        "brottsdatum": "2024-10-21",
        "doda": 1,
        "skadade": 0,
        "status": null,
        "region": "Öst",
        "polisomrade": "Södra Vätterbygden",
        "deso": "0680C1240",
        "regso": "Öxnehaga centrum",
        "regsokod": "0680R035",
        "ts": 1729468800000,
        "uid": "c838ef8d01",
        "month": "10",
        "year": "2024",
        "link": "https://www.svt.se/nyheter/lokalt/jonkoping/mordforsok-i-jonkoping-man-patraffad-skadad",
        "source": "polis",
        "geo": true,
        "tatort": "Jönköping",
        "stadsdel": "Husqvarna",
        "distrikt": "Huskvarna",
        "plats": "Jönköping, Husqvarna"
      },
      "geometry": {
        "type": "Point",
        "coordinates": [
          14.256915528073439,
          57.773175419673585
        ]
      }
    },
    {
      "type": "Feature",
      "properties": {
        "index": 2403,
        "brottsdatum": "2024-10-22",
        "doda": 1,
        "skadade": 0,
        "status": null,
        "region": "Stockholm",
        "polisomrade": "Järva",
        "deso": "0180C6410",
        "regso": "Akalla",
        "regsokod": "0180R002",
        "ts": 1729555200000,
        "uid": "914d401deb",
        "month": "10",
        "year": "2024",
        "link": "https://www.svt.se/nyheter/lokalt/stockholm/grovt-brott-inomhus-i-akalla-polisinsats-pagar",
        "source": "polis",
        "geo": true,
        "tatort": "Stockholm",
        "stadsdel": "Akalla ",
        "distrikt": "Kista",
        "plats": "Akalla, Stockholm"
      },
      "geometry": {
        "type": "Point",
        "coordinates": [
          17.909466084979567,
          59.41613248321906
        ]
      }
    },
    {
      "type": "Feature",
      "properties": {
        "index": 2417,
        "brottsdatum": "2024-11-11",
        "doda": 1,
        "skadade": 0,
        "status": null,
        "region": "Syd",
        "polisomrade": "Rosengård",
        "deso": "1280C1510",
        "regso": "RegSO-Hindby",
        "regsokod": "1280R029",
        "ts": 1731283200000,
        "uid": "101344b6af",
        "month": "11",
        "year": "2024",
        "link": "https://www.svt.se/nyheter/lokalt/skane/misstankt-skottlossning-i-malmo-en-person-skadad",
        "source": "polis",
        "geo": true,
        "tatort": "Malmö",
        "stadsdel": "Hindby",
        "distrikt": "Västra Skrävlinge",
        "plats": "Hindby, Malmö"
      },
      "geometry": {
        "type": "Point",
        "coordinates": [
          13.031389449865854,
          55.57914381346324
        ]
      }
    },
    {
      "type": "Feature",
      "properties": {
        "index": 2435,
        "brottsdatum": "2024-12-16",
        "doda": 1,
        "skadade": 1,
        "status": null,
        "region": "Syd",
        "polisomrade": "Växjö",
        "deso": "0780C1040",
        "regso": "Teleborg centrum",
        "regsokod": "0780R016",
        "ts": 1734307200000,
        "uid": "57644b2708",
        "month": "12",
        "year": "2024",
        "link": "https://www.svt.se/nyheter/lokalt/smaland/tva-personer-har-antraffats-skadade-i-vaxjo-en-allvarligt-skadad",
        "source": "polis",
        "geo": true,
        "tatort": "Växjö",
        "stadsdel": "Teleborg",
        "distrikt": "Teleborg",
        "plats": "Teleborg, Växjö"
      },
      "geometry": {
        "type": "Point",
        "coordinates": [
          14.819678958731775,
          56.843681633259486
        ]
      }
    },
    {
      "type": "Feature",
      "properties": {
        "index": 2436,
        "brottsdatum": "2024-12-19",
        "doda": 1,
        "skadade": 0,
        "status": null,
        "region": "Öst",
        "polisomrade": "Norrköping",
        "deso": "0581C1320",
        "regso": "Strömbacken-Berget-Södertull",
        "regsokod": "0581R029",
        "ts": 1734566400000,
        "uid": "251008d4cb",
        "month": "12",
        "year": "2024",
        "link": "https://www.svt.se/nyheter/lokalt/ost/misstankt-grovt-brott-i-centrala-norrkoping",
        "source": "polis",
        "geo": true,
        "tatort": "Norrköping",
        "stadsdel": "Gamla staden",
        "distrikt": "Norrköpings Sankt Olai",
        "plats": "Gamla staden, Norrköping"
      },
      "geometry": {
        "type": "Point",
        "coordinates": [
          16.18683099670973,
          58.58632068998653
        ]
      }
    },
    {
      "type": "Feature",
      "properties": {
        "index": 2440,
        "brottsdatum": "2024-12-25",
        "doda": 1,
        "skadade": 0,
        "status": null,
        "region": "Väst",
        "polisomrade": "Borås",
        "deso": "1401B2020",
        "regso": "Hindås",
        "regsokod": "1401R002",
        "ts": 1735084800000,
        "uid": "a5b009be25",
        "month": "12",
        "year": "2024",
        "link": null,
        "source": "polis",
        "geo": true,
        "tatort": "Hindås",
        "stadsdel": null,
        "distrikt": "Björketorp",
        "plats": "Hindås, Härryda"
      },
      "geometry": {
        "type": "Point",
        "coordinates": [
          12.443362232131573,
          57.714512186887866
        ]
      }
    },
    {
      "type": "Feature",
      "properties": {
        "index": 2441,
        "brottsdatum": "2024-12-31",
        "doda": 1,
        "skadade": 1,
        "status": null,
        "region": "Syd",
        "polisomrade": "Malmö",
        "deso": "1280C1880",
        "regso": "RegSO-Herrgården norr",
        "regsokod": "1280R028",
        "ts": 1735603200000,
        "uid": "710cf22c1c",
        "month": "12",
        "year": "2024",
        "link": "https://www.svt.se/nyheter/lokalt/skane/skottlossning-i-malmo-afohkp",
        "source": "polis",
        "geo": true,
        "tatort": "Malmö",
        "stadsdel": "Herrgården",
        "distrikt": "Västra Skrävlinge",
        "plats": "Herrgården, Malmö"
      },
      "geometry": {
        "type": "Point",
        "coordinates": [
          13.04860604055016,
          55.58340301309275
        ]
      }
    },
    {
      "type": "Feature",
      "properties": {
        "index": 2458,
        "brottsdatum": "2025-01-28",
        "doda": 1,
        "skadade": 0,
        "status": null,
        "region": "Syd",
        "polisomrade": "Lund",
        "deso": "1281C1250",
        "regso": "Lund centrala staden",
        "regsokod": "1281R013",
        "ts": 1738022400000,
        "uid": "c571394e49",
        "month": "01",
        "year": "2025",
        "link": "https://www.svt.se/nyheter/lokalt/skane/skottlossning-i-lund-en-person-skadad",
        "source": "polis",
        "geo": true,
        "tatort": "Lund",
        "stadsdel": null,
        "distrikt": "Lunds domkyrkodistrikt",
        "plats": "Lund"
      },
      "geometry": {
        "type": "Point",
        "coordinates": [
          13.186731063276602,
          55.70683951217972
        ]
      }
    },
    {
      "type": "Feature",
      "properties": {
        "index": 2460,
        "brottsdatum": "2025-01-29",
        "doda": 1,
        "skadade": 0,
        "status": null,
        "region": "Stockholm",
        "polisomrade": "Södertälje",
        "deso": "0181C1050",
        "regso": "Hovsjö",
        "regsokod": "0181R012",
        "ts": 1738108800000,
        "uid": "b0cb5b2d8f",
        "month": "01",
        "year": "2025",
        "link": "https://www.svt.se/nyheter/lokalt/sodertalje/person-hittad-skjuten-i-sodertalje",
        "source": "polis",
        "geo": true,
        "tatort": "Södertälje",
        "stadsdel": "Hovsjö",
        "distrikt": "Tveta",
        "plats": "Hovsjö, Södertälje"
      },
      "geometry": {
        "type": "Point",
        "coordinates": [
          17.603523548145983,
          59.17372009959192
        ]
      }
    },
    {
      "type": "Feature",
      "properties": {
        "index": 2461,
        "brottsdatum": "2025-01-29",
        "doda": 1,
        "skadade": 0,
        "status": null,
        "region": "Stockholm",
        "polisomrade": "Järva",
        "deso": "0180C6350",
        "regso": "Husby",
        "regsokod": "0180R036",
        "ts": 1738108800000,
        "uid": "b3f54d5ce7",
        "month": "01",
        "year": "2025",
        "link": "https://www.svt.se/nyheter/lokalt/stockholm/uppgifter-en-person-skjuten-vid-kiosk",
        "source": "polis",
        "geo": true,
        "tatort": "Stockholm",
        "stadsdel": "Husby ",
        "distrikt": "Kista",
        "plats": "Husby, Stockholm"
      },
      "geometry": {
        "type": "Point",
        "coordinates": [
          17.928124182469805,
          59.40762790305004
        ]
      }
    },
    {
      "type": "Feature",
      "properties": {
        "index": 2466,
        "brottsdatum": "2025-02-04",
        "doda": 10,
        "skadade": 6,
        "status": null,
        "region": "Bergslagen",
        "polisomrade": "Örebro",
        "deso": "1880C1310",
        "regso": "Västhaga-Solhaga",
        "regsokod": "1880R030",
        "ts": 1738627200000,
        "uid": "c511f4b1ed",
        "month": "02",
        "year": "2025",
        "link": "https://www.svt.se/nyheter/lokalt/orebro/stor-polisinsats-i-orebro-r77xx0",
        "source": "polis",
        "geo": true,
        "tatort": "Örebro",
        "stadsdel": "Västhaga",
        "distrikt": "Längbro",
        "plats": "Västhaga, Örebro"
      },
      "geometry": {
        "type": "Point",
        "coordinates": [
          15.166659985043983,
          59.269737977382334
        ]
      }
    },
    {
      "type": "Feature",
      "properties": {
        "index": 2474,
        "brottsdatum": "2025-02-21",
        "doda": 1,
        "skadade": 0,
        "status": null,
        "region": "Gästrikland",
        "polisomrade": "Gävle",
        "deso": "2180C1360",
        "regso": "Gävle Strand-Näringen-Öster",
        "regsokod": "2180R007",
        "ts": 1740096000000,
        "uid": "54a781c369",
        "month": "02",
        "year": "2025",
        "link": "https://www.svt.se/nyheter/lokalt/gavleborg/polis-utreder-grovt-valdsbrott-en-person-till-sjukhus",
        "source": "polis",
        "geo": true,
        "tatort": "Gävle",
        "stadsdel": "Öster",
        "distrikt": "Gävle Heliga Trefaldighet",
        "plats": "Öster, Gävle"
      },
      "geometry": {
        "type": "Point",
        "coordinates": [
          17.15244930554686,
          60.67926099531432
        ]
      }
    },
    {
      "type": "Feature",
      "properties": {
        "index": 2476,
        "brottsdatum": "2025-02-24",
        "doda": 1,
        "skadade": 0,
        "status": null,
        "region": "Stockholm",
        "polisomrade": "Botkyrka",
        "deso": "0127C1270",
        "regso": "Albydalen",
        "regsokod": "0127R002",
        "ts": 1740355200000,
        "uid": "47b143aa52",
        "month": "02",
        "year": "2025",
        "link": "https://www.svt.se/nyheter/lokalt/stockholm/man-skjuten-i-alby",
        "source": "polis",
        "geo": true,
        "tatort": null,
        "stadsdel": "Albyslätten SV",
        "distrikt": "Botkyrka",
        "plats": "Albyslätten SV, Botkyrka"
      },
      "geometry": {
        "type": "Point",
        "coordinates": [
          17.839675504436862,
          59.23526480417154
        ]
      }
    },
    {
      "type": "Feature",
      "properties": {
        "index": 2477,
        "brottsdatum": "2025-02-26",
        "doda": 1,
        "skadade": 0,
        "status": null,
        "region": "Gästrikland",
        "polisomrade": "Gävle",
        "deso": "2180C1090",
        "regso": "Andersberg",
        "regsokod": "2180R001",
        "ts": 1740528000000,
        "uid": "41a573bed7",
        "month": "02",
        "year": "2025",
        "link": "https://www.svt.se/nyheter/lokalt/gavleborg/polisinsats-i-andersberg-flera-patruller-pa-plats",
        "source": "polis",
        "geo": true,
        "tatort": "Gävle",
        "stadsdel": "Sörby",
        "distrikt": "Gävle Tomas",
        "plats": "Sörby, Gävle"
      },
      "geometry": {
        "type": "Point",
        "coordinates": [
          17.136668114940438,
          60.65369778059049
        ]
      }
    },
    {
      "type": "Feature",
      "properties": {
        "index": 2479,
        "brottsdatum": "2025-03-02",
        "doda": 1,
        "skadade": 1,
        "status": null,
        "region": "Stockholm",
        "polisomrade": "Skärholmen",
        "deso": "0180C1980",
        "regso": "Fruängen",
        "regsokod": "0180R024",
        "ts": 1740873600000,
        "uid": "95f1b98c61",
        "month": "03",
        "year": "2025",
        "link": "https://www.svt.se/nyheter/lokalt/stockholm/skottlossning-i-fruangen-i-stockholm-tva-skadade",
        "source": "polis",
        "geo": true,
        "tatort": "Stockholm",
        "stadsdel": "Fruängen ",
        "distrikt": "Brännkyrka",
        "plats": "Fruängen, Stockholm"
      },
      "geometry": {
        "type": "Point",
        "coordinates": [
          17.963207214834906,
          59.28462692772474
        ]
      }
    },
    {
      "type": "Feature",
      "properties": {
        "index": 2483,
        "brottsdatum": "2025-03-07",
        "doda": 1,
        "skadade": 0,
        "status": null,
        "region": "Väst",
        "polisomrade": "Varberg",
        "deso": "1383C1060",
        "regso": "Sörse",
        "regsokod": "1383R008",
        "ts": 1741305600000,
        "uid": "51c54458cc",
        "month": "03",
        "year": "2025",
        "link": "https://www.svt.se/nyheter/lokalt/halland/polisen-mannen-som-hittades-dod-i-varberg-blev-skjuten",
        "source": "polis",
        "geo": true,
        "tatort": "Varberg",
        "stadsdel": null,
        "distrikt": "Varberg",
        "plats": "Varberg"
      },
      "geometry": {
        "type": "Point",
        "coordinates": [
          12.266638263823953,
          57.09429656129215
        ]
      }
    },
    {
      "type": "Feature",
      "properties": {
        "index": 2486,
        "brottsdatum": "2025-03-21",
        "doda": 1,
        "skadade": 0,
        "status": null,
        "region": "Stockholm",
        "polisomrade": "Södertälje",
        "deso": "0181C1220",
        "regso": "Geneta norra-Bårsta västra",
        "regsokod": "0181R007",
        "ts": 1742515200000,
        "uid": "c551e6124e",
        "month": "03",
        "year": "2025",
        "link": "https://www.svt.se/nyheter/lokalt/sodertalje/en-person-skottskadad-i-sodertalje",
        "source": "polis",
        "geo": true,
        "tatort": "Södertälje",
        "stadsdel": "Geneta",
        "distrikt": "Västertälje",
        "plats": "Geneta, Södertälje"
      },
      "geometry": {
        "type": "Point",
        "coordinates": [
          17.591240858326852,
          59.19642760443603
        ]
      }
    },
    {
      "type": "Feature",
      "properties": {
        "index": 2492,
        "brottsdatum": "2025-04-14",
        "doda": 2,
        "skadade": 0,
        "status": null,
        "region": "Väst",
        "polisomrade": "Storgöteborg Hisingen",
        "deso": "1480C3120",
        "regso": "Svartedalen",
        "regsokod": "1480R061",
        "ts": 1744588800000,
        "uid": "cf07c58a0a",
        "month": "04",
        "year": "2025",
        "link": "https://www.svt.se/nyheter/lokalt/vast/grovt-brott-i-goteborg-tva-till-sjukhus",
        "source": "polis",
        "geo": true,
        "tatort": "Göteborg",
        "stadsdel": "Svartedalen",
        "distrikt": "Biskopsgården",
        "plats": "Svartedalen, Göteborg"
      },
      "geometry": {
        "type": "Point",
        "coordinates": [
          11.894949845968211,
          57.72561113995571
        ]
      }
    },
    {
      "type": "Feature",
      "properties": {
        "index": 2497,
        "brottsdatum": "2025-04-27",
        "doda": 1,
        "skadade": 0,
        "status": null,
        "region": "Öst",
        "polisomrade": "Eskilstuna",
        "deso": "0484C1360",
        "regso": "Årby-Vallby",
        "regsokod": "0484R028",
        "ts": 1745712000000,
        "uid": "ddad060ee3",
        "month": "04",
        "year": "2025",
        "link": "https://www.svt.se/nyheter/lokalt/sormland/larm-om-smallar-i-eskilstuna-en-person-till-sjukhus",
        "source": "polis",
        "geo": true,
        "tatort": "Eskilstuna",
        "stadsdel": "Årby",
        "distrikt": "Eskilstuna Kloster",
        "plats": "Årby, Eskilstuna"
      },
      "geometry": {
        "type": "Point",
        "coordinates": [
          16.52258906579579,
          59.38219413491485
        ]
      }
    },
    {
      "type": "Feature",
      "properties": {
        "index": 2498,
        "brottsdatum": "2025-04-29",
        "doda": 3,
        "skadade": 0,
        "status": null,
        "region": "Mitt",
        "polisomrade": "Uppsala-Knivsta",
        "deso": "0380C1600",
        "regso": "Uppsala sydöstra Centrum-Västra Fålhagen",
        "regsokod": "0380R039",
        "ts": 1745884800000,
        "uid": "585181fb5a",
        "month": "04",
        "year": "2025",
        "link": "https://www.svt.se/nyheter/lokalt/uppsala/trippelmordet-i-uppsala-det-har-har-hant",
        "source": "polis",
        "geo": true,
        "tatort": "Uppsala",
        "stadsdel": "Centrum",
        "distrikt": "Uppsala domkyrkodistrikt",
        "plats": "Centrum, Uppsala"
      },
      "geometry": {
        "type": "Point",
        "coordinates": [
          17.648229855617092,
          59.86181465859901
        ]
      }
    },
    {
      "type": "Feature",
      "properties": {
        "index": 2503,
        "brottsdatum": "2025-05-13",
        "doda": 1,
        "skadade": 0,
        "status": null,
        "region": "Mitt",
        "polisomrade": "Uppsala-Knivsta",
        "deso": "0380C1510",
        "regso": "Östra Fålhagen-Boländerna",
        "regsokod": "0380R056",
        "ts": 1747094400000,
        "uid": "b9cab455b6",
        "month": "05",
        "year": "2025",
        "link": "https://www.svt.se/nyheter/lokalt/uppsala/man-dod-efter-skjutning-i-bolanderna-utreds-som-mord",
        "source": "polis",
        "geo": true,
        "tatort": "Uppsala",
        "stadsdel": "Boländerna",
        "distrikt": "Uppsala domkyrkodistrikt",
        "plats": "Boländerna, Uppsala"
      },
      "geometry": {
        "type": "Point",
        "coordinates": [
          17.669448634050198,
          59.84756185398142
        ]
      }
    },
    {
      "type": "Feature",
      "properties": {
        "index": 2518,
        "brottsdatum": "2025-06-21",
        "doda": 1,
        "skadade": 0,
        "status": null,
        "region": "Stockholm",
        "polisomrade": "Gotland",
        "deso": "0980B2010",
        "regso": "Hemse",
        "regsokod": "0980R006",
        "ts": 1750464000000,
        "uid": "9b8ea3be47",
        "month": "06",
        "year": "2025",
        "link": null,
        "source": "polis",
        "geo": true,
        "tatort": null,
        "stadsdel": null,
        "distrikt": "Hemse",
        "plats": "Hemse, Gotland"
      },
      "geometry": {
        "type": "Point",
        "coordinates": [
          18.3709286710324,
          57.241471326317146
        ]
      }
    },
    {
      "type": "Feature",
      "properties": {
        "index": 2527,
        "brottsdatum": "2025-07-11",
        "doda": 2,
        "skadade": 0,
        "status": null,
        "region": "Syd",
        "polisomrade": "Växjö",
        "deso": "0764C1020",
        "regso": "Alvesta södra",
        "regsokod": "0764R004",
        "ts": 1752192000000,
        "uid": "ea87489044",
        "month": "07",
        "year": "2025",
        "link": "https://www.svt.se/nyheter/lokalt/smaland/skottlossning-i-alvesta-en-skadad",
        "source": "polis",
        "geo": true,
        "tatort": null,
        "stadsdel": null,
        "distrikt": "Alvesta",
        "plats": "Alvesta"
      },
      "geometry": {
        "type": "Point",
        "coordinates": [
          14.548663394075783,
          56.88791519491729
        ]
      }
    },
    {
      "type": "Feature",
      "properties": {
        "index": 2534,
        "brottsdatum": "2025-07-27",
        "doda": 1,
        "skadade": 0,
        "status": null,
        "region": "Stockholm",
        "polisomrade": "Järfälla",
        "deso": "0123C1200",
        "regso": "Ålsta",
        "regsokod": "0123R025",
        "ts": 1753574400000,
        "uid": "d651597f7f",
        "month": "07",
        "year": "2025",
        "link": "https://www.svt.se/nyheter/lokalt/stockholm/person-skottskadad-i-barkarby-ford-till-sjukhus",
        "source": "polis",
        "geo": true,
        "tatort": null,
        "stadsdel": "Barkarby",
        "distrikt": "Barkarby",
        "plats": "Barkarby, Järfälla"
      },
      "geometry": {
        "type": "Point",
        "coordinates": [
          17.86409365015555,
          59.421629134652214
        ]
      }
    },
    {
      "type": "Feature",
      "properties": {
        "index": 2544,
        "brottsdatum": "2025-08-15",
        "doda": 1,
        "skadade": 1,
        "status": null,
        "region": "Bergslagen",
        "polisomrade": "Örebro",
        "deso": "1880C1650",
        "regso": "Lundby",
        "regsokod": "1880R018",
        "ts": 1755216000000,
        "uid": "7092e4b47b",
        "month": "08",
        "year": "2025",
        "link": "https://www.svt.se/nyheter/lokalt/orebro/hoga-smallar-har-horts-i-orebro",
        "source": "polis",
        "geo": true,
        "tatort": "Örebro",
        "stadsdel": "Boglundsängen",
        "distrikt": "Örebro Mikael",
        "plats": "Boglundsängen, Örebro"
      },
      "geometry": {
        "type": "Point",
        "coordinates": [
          15.196648807303301,
          59.298433021888854
        ]
      }
    },
    {
      "type": "Feature",
      "properties": {
        "index": 2547,
        "brottsdatum": "2025-08-25",
        "doda": 2,
        "skadade": 0,
        "status": null,
        "region": "Stockholm",
        "polisomrade": "Järfälla",
        "deso": "0123C1350",
        "regso": "Centrala Kallhäll",
        "regsokod": "0123R006",
        "ts": 1756080000000,
        "uid": "04a447c5b5",
        "month": "08",
        "year": "2025",
        "link": "https://www.svt.se/nyheter/lokalt/stockholm/skottlossning-i-jarfalla-o6bdtj",
        "source": "polis",
        "geo": true,
        "tatort": "Stockholm",
        "stadsdel": "Kallhäll",
        "distrikt": "Kallhäll",
        "plats": "Kallhäll, Järfälla"
      },
      "geometry": {
        "type": "Point",
        "coordinates": [
          17.80883804023346,
          59.456974196140685
        ]
      }
    },
    {
      "type": "Feature",
      "properties": {
        "index": 2553,
        "brottsdatum": "2025-09-01",
        "doda": 2,
        "skadade": 0,
        "status": null,
        "region": "Väst",
        "polisomrade": "",
        "deso": "1480C2440",
        "regso": "Lunden västra",
        "regsokod": "1480R093",
        "ts": 1756684800000,
        "uid": "e0e539e9c0",
        "month": "09",
        "year": "2025",
        "link": "https://www.svt.se/nyheter/lokalt/vast/stor-polisinsats-i-lunden-i-goteborg-misstankt-grovt-brott",
        "source": "polis",
        "geo": true,
        "tatort": "Göteborg",
        "stadsdel": "Lunden",
        "distrikt": "Örgryte",
        "plats": "Lunden, Göteborg"
      },
      "geometry": {
        "type": "Point",
        "coordinates": [
          12.002211167653844,
          57.70842449233311
        ]
      }
    },
    {
      "type": "Feature",
      "properties": {
        "index": 2557,
        "brottsdatum": "2025-09-09",
        "doda": 1,
        "skadade": 0,
        "status": null,
        "region": "Väst",
        "polisomrade": "",
        "deso": "1480C3200",
        "regso": "Kärrdalen",
        "regsokod": "1480R086",
        "ts": 1757376000000,
        "uid": "5306548d1d",
        "month": "09",
        "year": "2025",
        "link": "https://www.svt.se/nyheter/lokalt/vast/grovt-valdsbrott-pa-hisingen",
        "source": "polis",
        "geo": true,
        "tatort": "Göteborg",
        "stadsdel": "Kärrdalen",
        "distrikt": "Lundby",
        "plats": "Kärrdalen, Göteborg"
      },
      "geometry": {
        "type": "Point",
        "coordinates": [
          11.916210050832854,
          57.73242265937679
        ]
      }
    },
    {
      "type": "Feature",
      "properties": {
        "index": 2558,
        "brottsdatum": "2025-09-09",
        "doda": 1,
        "skadade": 0,
        "status": null,
        "region": "Öst",
        "polisomrade": "",
        "deso": "0580C1680",
        "regso": "Skäggetorp-Tornby",
        "regsokod": "0580R018",
        "ts": 1757376000000,
        "uid": "923a10b16d",
        "month": "09",
        "year": "2025",
        "link": "https://www.svt.se/nyheter/lokalt/ost/stor-polisinsats-i-skaggetorp-misstankt-grovt-brott-utreds",
        "source": "polis",
        "geo": true,
        "tatort": "Linköping",
        "stadsdel": "Skäggetorp",
        "distrikt": "Skäggetorp",
        "plats": "Skäggetorp, Linköping"
      },
      "geometry": {
        "type": "Point",
        "coordinates": [
          15.570172650549228,
          58.427070413184026
        ]
      }
    },
    {
      "type": "Feature",
      "properties": {
        "index": 2563,
        "brottsdatum": "2025-09-20",
        "doda": 1,
        "skadade": 0,
        "status": null,
        "region": "",
        "polisomrade": "",
        "deso": "0581C1240",
        "regso": "Norra Ektorp",
        "regsokod": "0581R020",
        "ts": 1758326400000,
        "uid": "cd83e026ed",
        "month": "09",
        "year": "2025",
        "link": "https://www.svt.se/nyheter/lokalt/ost/misstankt-grovt-valdsbrott-i-norrkoping",
        "source": "polis",
        "geo": true,
        "tatort": "Norrköping",
        "stadsdel": "Ektorp",
        "distrikt": "Vrinnevi",
        "plats": "Ektorp, Norrköping"
      },
      "geometry": {
        "type": "Point",
        "coordinates": [
          16.173314705650647,
          58.57985044871293
        ]
      }
    },
    {
      "type": "Feature",
      "properties": {
        "index": 2564,
        "brottsdatum": "2025-09-20",
        "doda": 1,
        "skadade": 0,
        "status": null,
        "region": "Stockholm",
        "polisomrade": "",
        "deso": "0180C1360",
        "regso": "Hagsätra",
        "regsokod": "0180R031",
        "ts": 1758326400000,
        "uid": "35643e7ccd",
        "month": "09",
        "year": "2025",
        "link": "https://www.svt.se/nyheter/lokalt/stockholm/person-skjuten-i-sodra-stockholm-8l9viz",
        "source": "polis",
        "geo": true,
        "tatort": "Stockholm",
        "stadsdel": "Hagsätra ",
        "distrikt": "Vantör",
        "plats": "Hagsätra, Stockholm"
      },
      "geometry": {
        "type": "Point",
        "coordinates": [
          18.012290268243962,
          59.263730351903774
        ]
      }
    },
    {
      "type": "Feature",
      "properties": {
        "index": 6,
        "brottsdatum": "2025-10-24",
        "doda": 1,
        "skadade": 1,
        "status": null,
        "region": null,
        "polisomrade": null,
        "deso": "0181C1210",
        "regso": "Fornhöjden",
        "regsokod": "0181R006",
        "ts": 1761264000000,
        "uid": "26e0386465",
        "month": "10",
        "year": "2025",
        "link": "https://www.svt.se/nyheter/lokalt/sodertalje/uppgifter-person-skjuten-i-sodertalje",
        "source": "svt",
        "geo": true,
        "tatort": "Södertälje",
        "stadsdel": "Fornhöjden",
        "distrikt": "Östertälje",
        "plats": "Fornhöjden, Södertälje"
      },
      "geometry": {
        "type": "Point",
        "coordinates": [
          17.661666947139114,
          59.19185711329311
        ]
      }
    },
    {
      "type": "Feature",
      "properties": {
        "index": 7,
        "brottsdatum": "2025-10-25",
        "doda": 1,
        "skadade": 1,
        "status": null,
        "region": null,
        "polisomrade": null,
        "deso": "2180C1280",
        "regso": "Norra Brynäs",
        "regsokod": "2180R015",
        "ts": 1761350400000,
        "uid": "d1a6921d98",
        "month": "10",
        "year": "2025",
        "link": "https://www.svt.se/nyheter/lokalt/gavleborg/stor-polisinsats-i-gavle-efter-larm-om-smallar",
        "source": "svt",
        "geo": true,
        "tatort": "Gävle",
        "stadsdel": "Brynäs",
        "distrikt": "Gävle Staffan",
        "plats": "Brynäs, Gävle"
      },
      "geometry": {
        "type": "Point",
        "coordinates": [
          17.161222094376537,
          60.67316980229159
        ]
      }
    },
    {
      "type": "Feature",
      "properties": {
        "index": 9,
        "brottsdatum": "2025-11-05",
        "doda": 1,
        "skadade": 0,
        "status": null,
        "region": null,
        "polisomrade": null,
        "deso": "0180C4590",
        "regso": "Riksby-Åkeshov",
        "regsokod": "0180R075",
        "ts": 1762300800000,
        "uid": "eb77be936f",
        "month": "11",
        "year": "2025",
        "link": "https://www.svt.se/nyheter/lokalt/stockholm/en-skottskadad-i-bromma",
        "source": "svt",
        "geo": true,
        "tatort": "Stockholm",
        "stadsdel": "Riksby ",
        "distrikt": "Bromma",
        "plats": "Bromma, Stockholm"
      },
      "geometry": {
        "type": "Point",
        "coordinates": [
          17.949881006153785,
          59.338659258077776
        ]
      }
    }
  ]
}