{
"type": "FeatureCollection",
"name": "svt_sprangning",
"crs": { "type": "name", "properties": { "name": "urn:ogc:def:crs:OGC:1.3:CRS84" } },
"features": [
{ "type": "Feature", "properties": { "index": 0, "handelsekod": "svt_64227c23d3", "kommunnamn": "Linköping", "datum": "2019-06-07", "region": null, "polisomrade": null, "deso": "0580C1390", "regso": "Hejdegården", "antal": "1", "regsokod": "0580R008", "ts": 1559865600000, "uid": "e8daeee54f", "month": "06", "year": "2019", "link": "https://www.svt.se/nyheter/lokalt/ost/fastighetsbolagets-nota-efter-stora-explosionen-i-linkoping-2019-79-miljoner", "source": "svt", "geo": true, "tatort": "Linköping", "stadsdel": "Innerstaden", "distrikt": "Linköpings Sankt Lars", "plats": "Linköping" }, "geometry": { "type": "Point", "coordinates": [ 15.631931957856262, 58.408631190259356 ] } },
{ "type": "Feature", "properties": { "index": 0, "handelsekod": "5000-K3075-23", "kommunnamn": "Stockholm", "datum": "2023-01-02", "region": "Stockholm", "polisomrade": "Stockholm Syd", "deso": "0180C1750", "regso": "Bagarmossen", "antal": "1", "regsokod": "0180R005", "ts": 1672617600000, "uid": "39d3c33af8", "month": "01", "year": "2023", "link": "https://www.svt.se/nyheter/lokalt/stockholm/explosion-vid-flerfamiljshus-i-vallingby", "source": "polis", "geo": true, "tatort": "Stockholm", "stadsdel": "Bagarmossen ", "distrikt": "Skarpnäck", "plats": "Bagarmossen, Stockholm" }, "geometry": { "type": "Point", "coordinates": [ 18.134672919907977, 59.275973981440359 ] } },
{ "type": "Feature", "properties": { "index": 1, "handelsekod": "5000-K3065-23", "kommunnamn": "Stockholm", "datum": "2023-01-02", "region": "Stockholm", "polisomrade": "Stockholm Nord", "deso": "0180C5240", "regso": "Grimsta", "antal": "1", "regsokod": "0180R026", "ts": 1672617600000, "uid": "aa1590b94f", "month": "01", "year": "2023", "link": "https://www.svt.se/nyheter/lokalt/stockholm/explosion-vid-flerfamiljshus-i-vallingby", "source": "polis", "geo": true, "tatort": "Stockholm", "stadsdel": "Grimsta ", "distrikt": "Vällingby", "plats": "Grimsta, Stockholm" }, "geometry": { "type": "Point", "coordinates": [ 17.877985587908082, 59.353943202156479 ] } },
{ "type": "Feature", "properties": { "index": 2, "handelsekod": "5000-K17621-23", "kommunnamn": "Stockholm", "datum": "2023-01-05", "region": "Stockholm", "polisomrade": "Stockholm Syd", "deso": "0180C1020", "regso": "Östra Farsta Strand", "antal": "1", "regsokod": "0180R123", "ts": 1672876800000, "uid": "6517a7a016", "month": "01", "year": "2023", "link": "https://www.svt.se/nyheter/lokalt/stockholm/larm-om-explosion-i-flerfamiljshus", "source": "polis", "geo": true, "tatort": "Stockholm", "stadsdel": "Farsta Strand ", "distrikt": "Farsta", "plats": "Farsta Strand, Stockholm" }, "geometry": { "type": "Point", "coordinates": [ 18.098481260177, 59.233512013560116 ] } },
{ "type": "Feature", "properties": { "index": 3, "handelsekod": "5000-K25020-23", "kommunnamn": "Norrköping", "datum": "2023-01-07", "region": "Öst", "polisomrade": "Östergötland", "deso": "0581C1310", "regso": "Strömbacken-Berget-Södertull", "antal": "1", "regsokod": "0581R029", "ts": 1673049600000, "uid": "c1b5eddeb9", "month": "01", "year": "2023", "link": "https://www.svt.se/nyheter/snabbkollen/explosion-i-norrkoping-i-natt", "source": "polis", "geo": true, "tatort": "Norrköping", "stadsdel": "Berget", "distrikt": "Norrköpings Sankt Olai", "plats": "Berget, Norrköping" }, "geometry": { "type": "Point", "coordinates": [ 16.179984000964062, 58.586160079864442 ] } },
{ "type": "Feature", "properties": { "index": 4, "handelsekod": "5000-K27590-23", "kommunnamn": "Göteborg", "datum": "2023-01-08", "region": "Väst", "polisomrade": "Storgöteborg", "deso": "1480C1230", "regso": "Grevegården", "antal": "1", "regsokod": "1480R034", "ts": 1673136000000, "uid": "160c50d222", "month": "01", "year": "2023", "link": "https://www.svt.se/nyheter/lokalt/vast/explosion-vid-bostadshus-i-goteborg-zmtj0a", "source": "polis", "geo": true, "tatort": "Göteborg", "stadsdel": "Kannebäck", "distrikt": "Tynnered", "plats": "Kannebäck, Göteborg" }, "geometry": { "type": "Point", "coordinates": [ 11.898977195927957, 57.643781202505565 ] } },
{ "type": "Feature", "properties": { "index": 5, "handelsekod": "5000-K52510-23", "kommunnamn": "Kalmar", "datum": "2023-01-13", "region": "Syd", "polisomrade": "Kalmar Kronoberg", "deso": "0880C1060", "regso": "Östra Norrgård-Östra Malmen", "antal": "1", "regsokod": "0880R016", "ts": 1673568000000, "uid": "9275f52e93", "month": "01", "year": "2023", "link": null, "source": "polis", "geo": true, "tatort": "Kalmar", "stadsdel": "Bremerlyckan", "distrikt": "Kalmar domkyrkodistrikt", "plats": "Bremerlyckan, Kalmar" }, "geometry": { "type": "Point", "coordinates": [ 16.349917711518675, 56.663123659639048 ] } },
{ "type": "Feature", "properties": { "index": 6, "handelsekod": "5000-K56463-23", "kommunnamn": "Uppsala", "datum": "2023-01-15", "region": "Mitt", "polisomrade": "Uppsala", "deso": "0380C1860", "regso": "Västra Kapellgärdet", "antal": "1", "regsokod": "0380R049", "ts": 1673740800000, "uid": "d04924eb9f", "month": "01", "year": "2023", "link": "https://www.svt.se/nyheter/lokalt/uppsala/detonation-i-bostadsomrade", "source": "polis", "geo": true, "tatort": "Uppsala", "stadsdel": "Kapellgärdet", "distrikt": "Uppsala domkyrkodistrikt", "plats": "Kapellgärdet, Uppsala" }, "geometry": { "type": "Point", "coordinates": [ 17.636673312523147, 59.867526764942987 ] } },
{ "type": "Feature", "properties": { "index": 7, "handelsekod": "5000-K63897-23", "kommunnamn": "Stockholm", "datum": "2023-01-17", "region": "Stockholm", "polisomrade": "Stockholm City", "deso": "0180C3250", "regso": "Östra Katarina", "antal": "1", "regsokod": "0180R124", "ts": 1673913600000, "uid": "2f631412c0", "month": "01", "year": "2023", "link": "https://www.svt.se/nyheter/lokalt/stockholm/explosion-pa-nytorget-i-stockholm", "source": "polis", "geo": true, "tatort": "Stockholm", "stadsdel": "Södermalm ", "distrikt": "Stockholms Katarina", "plats": "Södermalm, Stockholm" }, "geometry": { "type": "Point", "coordinates": [ 18.080866214467981, 59.311049308272416 ] } },
{ "type": "Feature", "properties": { "index": 8, "handelsekod": "5000-K68798-23", "kommunnamn": "Stockholm", "datum": "2023-01-18", "region": "Stockholm", "polisomrade": "Stockholm Nord", "deso": "0180C6330", "regso": "Kista", "antal": "1", "regsokod": "0180R046", "ts": 1674000000000, "uid": "974a24291b", "month": "01", "year": "2023", "link": "https://www.svt.se/nyheter/lokalt/stockholm/nytt-sprangdad-i-stockholm", "source": "polis", "geo": true, "tatort": "Upplands Väsby och Sollentuna", "stadsdel": "Kista ", "distrikt": "Kista", "plats": "Kista, Upplands Väsby och Sollentuna, Stockholm" }, "geometry": { "type": "Point", "coordinates": [ 17.947963603575136, 59.403995449251582 ] } },
{ "type": "Feature", "properties": { "index": 9, "handelsekod": "5000-K77509-23", "kommunnamn": "Stockholm", "datum": "2023-01-20", "region": "Stockholm", "polisomrade": "Stockholm Syd", "deso": "0180C2340", "regso": "Östberga", "antal": "1", "regsokod": "0180R122", "ts": 1674172800000, "uid": "cf8b7d7b0f", "month": "01", "year": "2023", "link": null, "source": "polis", "geo": true, "tatort": "Stockholm", "stadsdel": "Östberga ", "distrikt": "Brännkyrka", "plats": "Östberga, Stockholm" }, "geometry": { "type": "Point", "coordinates": [ 18.042845796607129, 59.293748011149475 ] } },
{ "type": "Feature", "properties": { "index": 10, "handelsekod": "5000-K81955-23", "kommunnamn": "Stockholm", "datum": "2023-01-21", "region": "Stockholm", "polisomrade": "Stockholm Syd", "deso": "0180C1510", "regso": "Norra Skarpnäcks Gård", "antal": "1", "regsokod": "0180R069", "ts": 1674259200000, "uid": "b27ef3b4f9", "month": "01", "year": "2023", "link": "https://www.svt.se/nyheter/lokalt/stockholm/explosion-vid-bostadshus-i-sodra-stockholm", "source": "polis", "geo": true, "tatort": "Stockholm", "stadsdel": "Skarpnäcks Gård ", "distrikt": "Skarpnäck", "plats": "Skarpnäcks Gård, Stockholm" }, "geometry": { "type": "Point", "coordinates": [ 18.125300443380365, 59.267161171449857 ] } },
{ "type": "Feature", "properties": { "index": 11, "handelsekod": "5000-K101404-23", "kommunnamn": "Botkyrka", "datum": "2023-01-26", "region": "Stockholm", "polisomrade": "Stockholm Syd", "deso": "0127C1080", "regso": "Storvreten", "antal": "1", "regsokod": "0127R013", "ts": 1674691200000, "uid": "c362ec6f85", "month": "01", "year": "2023", "link": "https://www.svt.se/nyheter/lokalt/stockholm/uppgifter-larm-om-hog-small-soder-om-stockholm", "source": "polis", "geo": true, "tatort": null, "stadsdel": "Storvreten Himmelsboda", "distrikt": "Tumba", "plats": "Storvreten Himmelsboda, Botkyrka" }, "geometry": { "type": "Point", "coordinates": [ 17.866720593059576, 59.196982371564367 ] } },
{ "type": "Feature", "properties": { "index": 12, "handelsekod": "5000-K105936-23", "kommunnamn": "Stockholm", "datum": "2023-01-27", "region": "Stockholm", "polisomrade": "Stockholm Nord", "deso": "0180C6420", "regso": "Akalla", "antal": "1", "regsokod": "0180R002", "ts": 1674777600000, "uid": "cbd50ce8f3", "month": "01", "year": "2023", "link": "https://www.svt.se/nyheter/lokalt/stockholm/larm-om-kraftig-small-i-norra-stockholm", "source": "polis", "geo": true, "tatort": "Upplands Väsby och Sollentuna", "stadsdel": "Akalla ", "distrikt": "Kista", "plats": "Akalla, Upplands Väsby och Sollentuna, Stockholm" }, "geometry": { "type": "Point", "coordinates": [ 17.9203733508716, 59.413424740417824 ] } },
{ "type": "Feature", "properties": { "index": 13, "handelsekod": "5000-K113344-23", "kommunnamn": "Upplands Väsby", "datum": "2023-01-29", "region": "Stockholm", "polisomrade": "Stockholm Nord", "deso": "0114C1110", "regso": "Runby södra-Ed", "antal": "1", "regsokod": "0114R006", "ts": 1674950400000, "uid": "da7f6cfb79", "month": "01", "year": "2023", "link": "https://www.svt.se/nyheter/lokalt/stockholm/tva-explosioner-nordvast-om-stockholm", "source": "polis", "geo": true, "tatort": "Upplands Väsby och Sollentuna", "stadsdel": null, "distrikt": "Ed", "plats": "Upplands Väsby och Sollentuna, Upplands Väsby" }, "geometry": { "type": "Point", "coordinates": [ 17.891689412698103, 59.519841117757281 ] } },
{ "type": "Feature", "properties": { "index": 14, "handelsekod": "5000-K113363-23", "kommunnamn": "Upplands-Bro", "datum": "2023-01-29", "region": "Stockholm", "polisomrade": "Stockholm Nord", "deso": "0139B2020", "regso": "Centrala Bro", "antal": "1", "regsokod": "0139R002", "ts": 1674950400000, "uid": "56d7c45b00", "month": "01", "year": "2023", "link": "https://www.svt.se/nyheter/lokalt/stockholm/tva-explosioner-nordvast-om-stockholm", "source": "polis", "geo": true, "tatort": "Bro", "stadsdel": "Bro", "distrikt": "Bro", "plats": "Bro, Upplands-Bro" }, "geometry": { "type": "Point", "coordinates": [ 17.653088046441095, 59.51143600032578 ] } },
{ "type": "Feature", "properties": { "index": 15, "handelsekod": "5000-K135968-23", "kommunnamn": "Göteborg", "datum": "2023-02-03", "region": "Väst", "polisomrade": "Storgöteborg", "deso": "1480C2330", "regso": "Vasastaden västra", "antal": "1", "regsokod": "1480R144", "ts": 1675382400000, "uid": "a65bfc9ef0", "month": "02", "year": "2023", "link": "https://www.svt.se/nyheter/lokalt/vast/explosion-pa-avenyn-i-goteborg", "source": "polis", "geo": true, "tatort": "Göteborg", "stadsdel": "Vasastaden", "distrikt": "Göteborgs domkyrkodistrikt", "plats": "Vasastaden, Göteborg" }, "geometry": { "type": "Point", "coordinates": [ 11.973402695104744, 57.700885435036177 ] } },
{ "type": "Feature", "properties": { "index": 16, "handelsekod": "5000-K140351-23", "kommunnamn": "Halmstad", "datum": "2023-02-04", "region": "Väst", "polisomrade": "Halland", "deso": "1380C1260", "regso": "Söndrum-Eketånga", "antal": "1", "regsokod": "1380R005", "ts": 1675468800000, "uid": "4b918ef131", "month": "02", "year": "2023", "link": null, "source": "polis", "geo": true, "tatort": "Halmstad", "stadsdel": null, "distrikt": "Söndrum", "plats": "Halmstad" }, "geometry": { "type": "Point", "coordinates": [ 12.807039066348922, 56.666805699578823 ] } },
{ "type": "Feature", "properties": { "index": 17, "handelsekod": "5000-K140458-23", "kommunnamn": "Helsingborg", "datum": "2023-02-04", "region": "Syd", "polisomrade": "Nordvästra Skåne", "deso": "1283C1201", "regso": "Söder-Oceanhamnen-Oljehamnen", "antal": "1", "regsokod": "1283R026", "ts": 1675468800000, "uid": "22e03f23c1", "month": "02", "year": "2023", "link": "https://www.svt.se/nyheter/lokalt/helsingborg/explosion-i-helsingborg-2", "source": "polis", "geo": true, "tatort": "Helsingborg", "stadsdel": "Söder", "distrikt": "Raus", "plats": "Söder, Helsingborg" }, "geometry": { "type": "Point", "coordinates": [ 12.712129715475855, 56.030979425808908 ] } },
{ "type": "Feature", "properties": { "index": 18, "handelsekod": "5000-K155410-23", "kommunnamn": "Helsingborg", "datum": "2023-02-08", "region": "Syd", "polisomrade": "Nordvästra Skåne", "deso": "1283C1030", "regso": "Råå-Pålstorp-Örby", "antal": "1", "regsokod": "1283R025", "ts": 1675814400000, "uid": "4258a7e8de", "month": "02", "year": "2023", "link": "https://www.svt.se/nyheter/lokalt/helsingborg/mottes-av-sprangd-port-nar-hon-kom-till-jobbet-fick-en-chock", "source": "polis", "geo": true, "tatort": "Helsingborg", "stadsdel": "Råå", "distrikt": "Raus", "plats": "Råå, Helsingborg" }, "geometry": { "type": "Point", "coordinates": [ 12.741634453554633, 56.002960979821957 ] } },
{ "type": "Feature", "properties": { "index": 19, "handelsekod": "5000-K168483-23", "kommunnamn": "Helsingborg", "datum": "2023-02-10", "region": "Syd", "polisomrade": "Nordvästra Skåne", "deso": "1283C1570", "regso": "Dalhem-Väla södra", "antal": "1", "regsokod": "1283R004", "ts": 1675987200000, "uid": "bbdecc9696", "month": "02", "year": "2023", "link": "https://www.svt.se/nyheter/lokalt/helsingborg/kraftig-explosion-i-helsingborg-7", "source": "polis", "geo": true, "tatort": "Helsingborg", "stadsdel": "Dalhem", "distrikt": "Filborna", "plats": "Dalhem, Helsingborg" }, "geometry": { "type": "Point", "coordinates": [ 12.731913344861475, 56.064722989265157 ] } },
{ "type": "Feature", "properties": { "index": 20, "handelsekod": "5000-K174334-23", "kommunnamn": "Landskrona", "datum": "2023-02-12", "region": "Syd", "polisomrade": "Nordvästra Skåne", "deso": "1282C1050", "regso": "Hyllingelyckan-Örja-Örja industriområde", "antal": "1", "regsokod": "1282R007", "ts": 1676160000000, "uid": "58e5bc15dc", "month": "02", "year": "2023", "link": "https://www.svt.se/nyheter/lokalt/helsingborg/tva-detonationer-vid-bostadsomraden-i-landskrona", "source": "polis", "geo": true, "tatort": "Landskrona", "stadsdel": "Hyllingelyckan", "distrikt": "Landskrona", "plats": "Hyllingelyckan, Landskrona" }, "geometry": { "type": "Point", "coordinates": [ 12.852196657859146, 55.878062189288492 ] } },
{ "type": "Feature", "properties": { "index": 21, "handelsekod": "5000-K174415-23", "kommunnamn": "Landskrona", "datum": "2023-02-12", "region": "Syd", "polisomrade": "Nordvästra Skåne", "deso": "1282C1200", "regso": "Pilåkern-Silvergården-Karlslund-Säbyholm", "antal": "1", "regsokod": "1282R012", "ts": 1676160000000, "uid": "2554f810d8", "month": "02", "year": "2023", "link": "https://www.svt.se/nyheter/lokalt/helsingborg/tva-detonationer-vid-bostadsomraden-i-landskrona", "source": "polis", "geo": true, "tatort": "Landskrona", "stadsdel": "Karlslund", "distrikt": "Landskrona", "plats": "Karlslund, Landskrona" }, "geometry": { "type": "Point", "coordinates": [ 12.843466703901774, 55.887736749891495 ] } },
{ "type": "Feature", "properties": { "index": 22, "handelsekod": "5000-K198897-23", "kommunnamn": "Göteborg", "datum": "2023-02-17", "region": "Väst", "polisomrade": "Storgöteborg", "deso": "1480C1220", "regso": "Ängås", "antal": "1", "regsokod": "1480R145", "ts": 1676592000000, "uid": "ea147c565c", "month": "02", "year": "2023", "link": null, "source": "polis", "geo": true, "tatort": "Göteborg", "stadsdel": "Ängås", "distrikt": "Tynnered", "plats": "Ängås, Göteborg" }, "geometry": { "type": "Point", "coordinates": [ 11.910479367814778, 57.645934087836316 ] } },
{ "type": "Feature", "properties": { "index": 23, "handelsekod": "5000-K194379-23", "kommunnamn": "Södertälje", "datum": "2023-02-17", "region": "Stockholm", "polisomrade": "Stockholm Syd", "deso": "0181C1390", "regso": "Ragnhildsborg-Ritorp-Viksberg", "antal": "2", "regsokod": "0181R020", "ts": 1676592000000, "uid": "efdc19baa6", "month": "02", "year": "2023", "link": "https://www.svt.se/nyheter/lokalt/sodertalje/tva-explosioner-i-samma-bostadsomrade", "source": "polis", "geo": true, "tatort": "Södertälje", "stadsdel": "Ragnhildsborg", "distrikt": "Östertälje", "plats": "Ragnhildsborg, Södertälje" }, "geometry": { "type": "Point", "coordinates": [ 17.637011479610127, 59.221969879223586 ] } },
{ "type": "Feature", "properties": { "index": 24, "handelsekod": "5000-K209956-23", "kommunnamn": "Norrköping", "datum": "2023-02-21", "region": "Öst", "polisomrade": "Östergötland", "deso": "0581C1310", "regso": "Strömbacken-Berget-Södertull", "antal": "1", "regsokod": "0581R029", "ts": 1676937600000, "uid": "44a746db57", "month": "02", "year": "2023", "link": "https://www.svt.se/nyheter/lokalt/ost/larm-om-explosion-vid-flerfamiljshus-i-norrkoping", "source": "polis", "geo": true, "tatort": "Norrköping", "stadsdel": "Kneippen", "distrikt": "Borg", "plats": "Kneippen, Norrköping" }, "geometry": { "type": "Point", "coordinates": [ 16.169649901155982, 58.584394168177326 ] } },
{ "type": "Feature", "properties": { "index": 25, "handelsekod": "5000-K213358-23", "kommunnamn": "Mölndal", "datum": "2023-02-21", "region": "Väst", "polisomrade": "Storgöteborg", "deso": "1481C1060", "regso": "Lindome östra", "antal": "1", "regsokod": "1481R017", "ts": 1676937600000, "uid": "40586a3579", "month": "02", "year": "2023", "link": null, "source": "polis", "geo": true, "tatort": "Göteborg", "stadsdel": null, "distrikt": "Lindome", "plats": "Mölndal, Göteborg" }, "geometry": { "type": "Point", "coordinates": [ 12.093081367497367, 57.581335177423064 ] } },
{ "type": "Feature", "properties": { "index": 26, "handelsekod": "5000-K214574-23", "kommunnamn": "Halmstad", "datum": "2023-02-22", "region": "Väst", "polisomrade": "Halland", "deso": "1380C1030", "regso": "Fyllinge", "antal": "1", "regsokod": "1380R011", "ts": 1677024000000, "uid": "2bf361d1fe", "month": "02", "year": "2023", "link": null, "source": "polis", "geo": true, "tatort": "Halmstad", "stadsdel": null, "distrikt": "Snöstorp", "plats": "Halmstad" }, "geometry": { "type": "Point", "coordinates": [ 12.925890686604131, 56.648948414268652 ] } },
{ "type": "Feature", "properties": { "index": 27, "handelsekod": "5000-K244767-23", "kommunnamn": "Borlänge", "datum": "2023-03-01", "region": "Bergslagen", "polisomrade": "Dalarna", "deso": "2081C1170", "regso": "Övre Tjärna", "antal": "1", "regsokod": "2081R017", "ts": 1677628800000, "uid": "a709ff7bee", "month": "03", "year": "2023", "link": "https://www.svt.se/nyheter/lokalt/dalarna/explosion-vid-matbutik-i-borlange-bombtekniker-pa-vag", "source": "polis", "geo": true, "tatort": "Borlänge", "stadsdel": "Tjärna Ängar", "distrikt": "Stora Tuna", "plats": "Tjärna Ängar, Borlänge" }, "geometry": { "type": "Point", "coordinates": [ 15.399404492114083, 60.494434569962131 ] } },
{ "type": "Feature", "properties": { "index": 28, "handelsekod": "5000-K261430-23", "kommunnamn": "Helsingborg", "datum": "2023-03-05", "region": "Syd", "polisomrade": "Nordvästra Skåne", "deso": "1283C1160", "regso": "Påarp-Bårslöv", "antal": "1", "regsokod": "1283R020", "ts": 1677974400000, "uid": "36f5909539", "month": "03", "year": "2023", "link": "https://www.svt.se/nyheter/snabbkollen/explosion-vid-bostad-i-helsingborg-1", "source": "polis", "geo": true, "tatort": "Påarp", "stadsdel": "Bårslöv", "distrikt": "Välluv", "plats": "Påarp, Bårslöv, Helsingborg" }, "geometry": { "type": "Point", "coordinates": [ 12.801692714716445, 56.01432455189525 ] } },
{ "type": "Feature", "properties": { "index": 29, "handelsekod": "5000-K265203-23", "kommunnamn": "Gävle", "datum": "2023-03-06", "region": "Mitt", "polisomrade": "Gävleborg", "deso": "2180C1030", "regso": "Valbo", "antal": "1", "regsokod": "2180R021", "ts": 1678060800000, "uid": "7da4f41f74", "month": "03", "year": "2023", "link": "https://www.svt.se/nyheter/lokalt/gavleborg/granatattacken-i-valbo-barnbarnen-far-inte-sova-har-langre", "source": "polis", "geo": true, "tatort": "Gävle", "stadsdel": "Valbo-ön", "distrikt": "Valbo", "plats": "Valbo-ön, Gävle" }, "geometry": { "type": "Point", "coordinates": [ 16.989274484682877, 60.637014770973828 ] } },
{ "type": "Feature", "properties": { "index": 30, "handelsekod": "5000-K263788-23", "kommunnamn": "Helsingborg", "datum": "2023-03-06", "region": "Syd", "polisomrade": "Nordvästra Skåne", "deso": "1283C1430", "regso": "Norr-Pålsjö", "antal": "1", "regsokod": "1283R016", "ts": 1678060800000, "uid": "4e7078fb26", "month": "03", "year": "2023", "link": "https://www.svt.se/nyheter/lokalt/helsingborg/portexplosion-i-centrala-helsingborg", "source": "polis", "geo": true, "tatort": "Helsingborg", "stadsdel": "Norr", "distrikt": "Helsingborgs Maria", "plats": "Norr, Helsingborg" }, "geometry": { "type": "Point", "coordinates": [ 12.686294638008874, 56.0527938367579 ] } },
{ "type": "Feature", "properties": { "index": 31, "handelsekod": "5000-K263880-23", "kommunnamn": "Haninge", "datum": "2023-03-06", "region": "Stockholm", "polisomrade": "Stockholm Syd", "deso": "0136C1220", "regso": "Handen västra", "antal": "1", "regsokod": "0136R008", "ts": 1678060800000, "uid": "d84a318a55", "month": "03", "year": "2023", "link": null, "source": "polis", "geo": true, "tatort": "Stockholm", "stadsdel": "Handen", "distrikt": "Österhaninge", "plats": "Handen, Haninge" }, "geometry": { "type": "Point", "coordinates": [ 18.143010980584847, 59.167163535216716 ] } },
{ "type": "Feature", "properties": { "index": 32, "handelsekod": "5000-K268697-23", "kommunnamn": "Malmö", "datum": "2023-03-07", "region": "Syd", "polisomrade": "Malmö", "deso": "1280C1180", "regso": "RegSO-Fosieby-Kastanjegården", "antal": "1", "regsokod": "1280R019", "ts": 1678147200000, "uid": "002aceaf97", "month": "03", "year": "2023", "link": "https://www.svt.se/nyheter/lokalt/skane/bilar-och-byggnad-skadade-efter-explosion-i-malmo", "source": "polis", "geo": true, "tatort": "Malmö", "stadsdel": "Fosieby Industriområde", "distrikt": "Fosie", "plats": "Fosieby Industriområde, Malmö" }, "geometry": { "type": "Point", "coordinates": [ 13.053250042254536, 55.566436220138371 ] } },
{ "type": "Feature", "properties": { "index": 33, "handelsekod": "5000-K282400-23", "kommunnamn": "Malmö", "datum": "2023-03-09", "region": "Syd", "polisomrade": "Malmö", "deso": "1280C2510", "regso": "RegSO-Davidshall-Lugnet", "antal": "1", "regsokod": "1280R013", "ts": 1678320000000, "uid": "aa27b67431", "month": "03", "year": "2023", "link": "https://www.svt.se/nyheter/lokalt/skane/detonation-i-centrala-malmo-1", "source": "polis", "geo": true, "tatort": "Malmö", "stadsdel": "Lugnet", "distrikt": "Malmö Sankt Pauli", "plats": "Lugnet, Malmö" }, "geometry": { "type": "Point", "coordinates": [ 13.00497403522273, 55.5985891401656 ] } },
{ "type": "Feature", "properties": { "index": 34, "handelsekod": "5000-K286731-23", "kommunnamn": "Malmö", "datum": "2023-03-11", "region": "Syd", "polisomrade": "Malmö", "deso": "1280C1890", "regso": "RegSO-Persborg-Törnrosen", "antal": "1", "regsokod": "1280R056", "ts": 1678492800000, "uid": "af776c4a2e", "month": "03", "year": "2023", "link": "https://www.svt.se/nyheter/lokalt/skane/explosion-i-flerfamiljshus-i-rosengard", "source": "polis", "geo": true, "tatort": "Malmö", "stadsdel": "Törnrosen", "distrikt": "Västra Skrävlinge", "plats": "Törnrosen, Malmö" }, "geometry": { "type": "Point", "coordinates": [ 13.032733373466627, 55.587539129722195 ] } },
{ "type": "Feature", "properties": { "index": 35, "handelsekod": "5000-K297369-23", "kommunnamn": "Hässleholm", "datum": "2023-03-14", "region": "Syd", "polisomrade": "Blekinge Nordöstra Skåne", "deso": "1293C1030", "regso": "Hässleholm-Fredentorp", "antal": "1", "regsokod": "1293R013", "ts": 1678752000000, "uid": "9f8325ead4", "month": "03", "year": "2023", "link": "https://www.svt.se/nyheter/lokalt/skane/nattens-explosion-i-hassleholm-bombskyddet-kallas-in", "source": "polis", "geo": true, "tatort": "Hässleholm", "stadsdel": "Fredentorp", "distrikt": "Hässleholm", "plats": "Fredentorp, Hässleholm" }, "geometry": { "type": "Point", "coordinates": [ 13.750146772051181, 56.155065330499504 ] } },
{ "type": "Feature", "properties": { "index": 36, "handelsekod": "5000-K306557-23", "kommunnamn": "Stockholm", "datum": "2023-03-16", "region": "Stockholm", "polisomrade": "Stockholm Nord", "deso": "0180C6050", "regso": "Hässelby Villastad", "antal": "1", "regsokod": "0180R041", "ts": 1678924800000, "uid": "44f8ee6430", "month": "03", "year": "2023", "link": "https://www.svt.se/nyheter/lokalt/stockholm/larm-om-kraftig-small-i-hasselby", "source": "polis", "geo": true, "tatort": "Stockholm", "stadsdel": "Hässelby Villastad ", "distrikt": "Hässelby", "plats": "Hässelby Villastad, Stockholm" }, "geometry": { "type": "Point", "coordinates": [ 17.800769177011613, 59.386574229744589 ] } },
{ "type": "Feature", "properties": { "index": 37, "handelsekod": "5000-K318410-23", "kommunnamn": "Borås", "datum": "2023-03-19", "region": "Väst", "polisomrade": "Älvsborg", "deso": "1490C1310", "regso": "Sjömarken-Lundaskog", "antal": "1", "regsokod": "1490R036", "ts": 1679184000000, "uid": "c1c517f02c", "month": "03", "year": "2023", "link": null, "source": "polis", "geo": true, "tatort": "Sjömarken och Viared", "stadsdel": "Sandhult", "distrikt": "Sandhult", "plats": "Sjömarken och Viared, Sandhult, Borås" }, "geometry": { "type": "Point", "coordinates": [ 12.826344520957887, 57.717567492298052 ] } },
{ "type": "Feature", "properties": { "index": 41, "handelsekod": "5000-K332758-23", "kommunnamn": null, "datum": "2023-03-22", "region": "Stockholm", "polisomrade": "Stockholm Nord", "deso": null, "regso": null, "antal": "1", "regsokod": null, "ts": 1679443200000, "uid": "7599abb793", "month": "03", "year": "2023", "link": null, "source": "polis", "geo": false, "tatort": null, "stadsdel": null, "distrikt": null, "plats": "Vällingby, Stockholm Nord" }, "geometry": null },
{ "type": "Feature", "properties": { "index": 38, "handelsekod": "5000-K343637-23", "kommunnamn": "Stockholm", "datum": "2023-03-24", "region": "Stockholm", "polisomrade": "Stockholm Nord", "deso": "0180C6050", "regso": "Hässelby Villastad", "antal": "1", "regsokod": "0180R041", "ts": 1679616000000, "uid": "f8aa7bc115", "month": "03", "year": "2023", "link": null, "source": "polis", "geo": true, "tatort": "Stockholm", "stadsdel": "Hässelby Villastad ", "distrikt": "Hässelby", "plats": "Hässelby Villastad, Stockholm" }, "geometry": { "type": "Point", "coordinates": [ 17.80097720230518, 59.386875148024053 ] } },
{ "type": "Feature", "properties": { "index": 39, "handelsekod": "5000-K348287-23", "kommunnamn": "Hässleholm", "datum": "2023-03-26", "region": "Syd", "polisomrade": "Blekinge Nordöstra Skåne", "deso": "1293C1110", "regso": "Hässleholm-Kristinehem", "antal": "1", "regsokod": "1293R015", "ts": 1679788800000, "uid": "64a67dfb20", "month": "03", "year": "2023", "link": null, "source": "polis", "geo": true, "tatort": "Hässleholm", "stadsdel": "Ekedal", "distrikt": "Hässleholm", "plats": "Ekedal, Hässleholm" }, "geometry": { "type": "Point", "coordinates": [ 13.779945983874153, 56.16993075493005 ] } },
{ "type": "Feature", "properties": { "index": 40, "handelsekod": "5000-K350838-23", "kommunnamn": "Burlöv", "datum": "2023-03-27", "region": "Syd", "polisomrade": "Södra Skåne", "deso": "1231C1010", "regso": "Svenshög-Elisetorp", "antal": "1", "regsokod": "1231R003", "ts": 1679875200000, "uid": "2cffb179a9", "month": "03", "year": "2023", "link": "https://www.svt.se/nyheter/lokalt/skane/explosion-vid-port-i-arlov", "source": "polis", "geo": true, "tatort": "Malmö", "stadsdel": null, "distrikt": "Burlöv", "plats": "Burlöv, Malmö" }, "geometry": { "type": "Point", "coordinates": [ 13.07561672089564, 55.632531578939364 ] } },
{ "type": "Feature", "properties": { "index": 41, "handelsekod": "5000-K356226-23", "kommunnamn": "Landskrona", "datum": "2023-03-28", "region": "Syd", "polisomrade": "Nordvästra Skåne", "deso": "1282C1060", "regso": "Landskrona centrum-Öster", "antal": "1", "regsokod": "1282R010", "ts": 1679961600000, "uid": "79de22c284", "month": "03", "year": "2023", "link": "https://www.svt.se/nyheter/lokalt/helsingborg/kraftig-explosion-pa-oster-i-landskrona", "source": "polis", "geo": true, "tatort": "Landskrona", "stadsdel": "Öster", "distrikt": "Landskrona", "plats": "Öster, Landskrona" }, "geometry": { "type": "Point", "coordinates": [ 12.84303342389495, 55.872450230028619 ] } },
{ "type": "Feature", "properties": { "index": 46, "handelsekod": "5000-K363293-23", "kommunnamn": null, "datum": "2023-03-29", "region": "Stockholm", "polisomrade": "Stockholm Nord", "deso": null, "regso": null, "antal": "1", "regsokod": null, "ts": 1680048000000, "uid": "66f29655ad", "month": "03", "year": "2023", "link": null, "source": "polis", "geo": false, "tatort": null, "stadsdel": null, "distrikt": null, "plats": "Vällingby, Stockholm Nord" }, "geometry": null },
{ "type": "Feature", "properties": { "index": 42, "handelsekod": "5000-K370989-23", "kommunnamn": "Malmö", "datum": "2023-03-31", "region": "Syd", "polisomrade": "Malmö", "deso": "1280C1590", "regso": "RegSO-Ärtholmen-Södertorp-Gröndal", "antal": "1", "regsokod": "1280R085", "ts": 1680220800000, "uid": "ab97e576bf", "month": "03", "year": "2023", "link": "https://www.svt.se/nyheter/lokalt/skane/detonation-i-malmo-bombskyddet-pa-vag", "source": "polis", "geo": true, "tatort": "Malmö", "stadsdel": "Gröndal", "distrikt": "Eriksfält", "plats": "Gröndal, Malmö" }, "geometry": { "type": "Point", "coordinates": [ 12.993839740133742, 55.57676815067552 ] } },
{ "type": "Feature", "properties": { "index": 43, "handelsekod": "5000-K375369-23", "kommunnamn": "Burlöv", "datum": "2023-04-01", "region": "Syd", "polisomrade": "Södra Skåne", "deso": "1231C1020", "regso": "Södra Arlöv", "antal": "1", "regsokod": "1231R004", "ts": 1680307200000, "uid": "2c5d71a129", "month": "04", "year": "2023", "link": null, "source": "polis", "geo": true, "tatort": "Malmö", "stadsdel": null, "distrikt": "Burlöv", "plats": "Burlöv, Malmö" }, "geometry": { "type": "Point", "coordinates": [ 13.081898077257353, 55.633569865210433 ] } },
{ "type": "Feature", "properties": { "index": 44, "handelsekod": "5000-K378508-23", "kommunnamn": "Söderköping", "datum": "2023-04-02", "region": "Öst", "polisomrade": "Östergötland", "deso": "0582C1050", "regso": "Söderköpings centrum", "antal": "1", "regsokod": "0582R005", "ts": 1680393600000, "uid": "d22e5027b2", "month": "04", "year": "2023", "link": "https://www.svt.se/nyheter/lokalt/ost/explosionen-i-soderkoping-inget-genombrott-i-utredningen", "source": "polis", "geo": true, "tatort": "Söderköping", "stadsdel": null, "distrikt": "Söderköpings Sankt Laurentii", "plats": "Söderköping" }, "geometry": { "type": "Point", "coordinates": [ 16.317709390943666, 58.480645516915622 ] } },
{ "type": "Feature", "properties": { "index": 45, "handelsekod": "5000-K386205-23", "kommunnamn": "Trelleborg", "datum": "2023-04-04", "region": "Syd", "polisomrade": "Södra Skåne", "deso": "1287C1060", "regso": "Kyrkoköpinge-Malörten-Akka-Pilevall", "antal": "1", "regsokod": "1287R006", "ts": 1680566400000, "uid": "9823a8b6c5", "month": "04", "year": "2023", "link": "https://www.svt.se/nyheter/lokalt/skane/explosion-vid-flerfamiljshus-i-trelleborg", "source": "polis", "geo": true, "tatort": "Trelleborg", "stadsdel": null, "distrikt": "Trelleborg", "plats": "Trelleborg" }, "geometry": { "type": "Point", "coordinates": [ 13.170720260252223, 55.374933579707957 ] } },
{ "type": "Feature", "properties": { "index": 46, "handelsekod": "5000-K413453-23", "kommunnamn": "Bjuv", "datum": "2023-04-11", "region": "Syd", "polisomrade": "Nordvästra Skåne", "deso": "1260B2010", "regso": "Ekeby västra", "antal": "1", "regsokod": "1260R007", "ts": 1681171200000, "uid": "9b022060a0", "month": "04", "year": "2023", "link": "https://www.svt.se/nyheter/lokalt/helsingborg/rok-i-ekebyvilla-sedan-foremal-kastats-in", "source": "polis", "geo": true, "tatort": "Ekeby", "stadsdel": null, "distrikt": "Ekeby", "plats": "Ekeby, Bjuv" }, "geometry": { "type": "Point", "coordinates": [ 12.949675646058758, 56.008857710197717 ] } },
{ "type": "Feature", "properties": { "index": 47, "handelsekod": "5000-K418640-23", "kommunnamn": "Hässleholm", "datum": "2023-04-12", "region": "Syd", "polisomrade": "Blekinge Nordöstra Skåne", "deso": "1293C1030", "regso": "Hässleholm-Fredentorp", "antal": "1", "regsokod": "1293R013", "ts": 1681257600000, "uid": "c6f1741fea", "month": "04", "year": "2023", "link": "https://www.svt.se/nyheter/lokalt/skane/explosion-i-hassleholm", "source": "polis", "geo": true, "tatort": "Hässleholm", "stadsdel": "Fredentorp", "distrikt": "Hässleholm", "plats": "Fredentorp, Hässleholm" }, "geometry": { "type": "Point", "coordinates": [ 13.748538620110592, 56.155038557556487 ] } },
{ "type": "Feature", "properties": { "index": 48, "handelsekod": "5000-K449640-23", "kommunnamn": "Malmö", "datum": "2023-04-18", "region": "Syd", "polisomrade": "Malmö", "deso": "1280C2830", "regso": "RegSO-Kirsebergsstaden-Rostorp", "antal": "1", "regsokod": "1280R039", "ts": 1681776000000, "uid": "538dd86512", "month": "04", "year": "2023", "link": "https://www.svt.se/nyheter/lokalt/skane/detonation-i-malmo-bombgruppen-larmad", "source": "polis", "geo": true, "tatort": "Malmö", "stadsdel": "Kirsebergsstaden", "distrikt": "Kirseberg", "plats": "Kirsebergsstaden, Malmö" }, "geometry": { "type": "Point", "coordinates": [ 13.040659216549606, 55.610182467562723 ] } },
{ "type": "Feature", "properties": { "index": 49, "handelsekod": "5000-K444249-23", "kommunnamn": "Jönköping", "datum": "2023-04-18", "region": "Öst", "polisomrade": "Jönköping", "deso": "0680C1190", "regso": "Huskvarna söder", "antal": "1", "regsokod": "0680R014", "ts": 1681776000000, "uid": "aa7a3b3479", "month": "04", "year": "2023", "link": null, "source": "polis", "geo": true, "tatort": "Jönköping", "stadsdel": "Husqvarna", "distrikt": "Huskvarna", "plats": "Husqvarna, Jönköping" }, "geometry": { "type": "Point", "coordinates": [ 14.285593432853753, 57.782119484197757 ] } },
{ "type": "Feature", "properties": { "index": 50, "handelsekod": "5000-K465274-23", "kommunnamn": "Alingsås", "datum": "2023-04-22", "region": "Väst", "polisomrade": "Älvsborg", "deso": "1489C1070", "regso": "Nygård-Stockslycke", "antal": "1", "regsokod": "1489R018", "ts": 1682121600000, "uid": "4623df9927", "month": "04", "year": "2023", "link": null, "source": "polis", "geo": true, "tatort": "Alingsås", "stadsdel": null, "distrikt": "Alingsås", "plats": "Alingsås" }, "geometry": { "type": "Point", "coordinates": [ 12.552681818952045, 57.92287027291168 ] } },
{ "type": "Feature", "properties": { "index": 51, "handelsekod": "5000-K465268-23", "kommunnamn": "Eskilstuna", "datum": "2023-04-22", "region": "Öst", "polisomrade": "Södermanland", "deso": "0484C1050", "regso": "Fröslunda-Vilsta", "antal": "1", "regsokod": "0484R005", "ts": 1682121600000, "uid": "359b382b86", "month": "04", "year": "2023", "link": "https://www.svt.se/nyheter/lokalt/sormland/explosion-i-foretagslokal-i-eskilstuna-bombskyddet-kallades-in", "source": "polis", "geo": true, "tatort": "Eskilstuna", "stadsdel": "Vilsta", "distrikt": "Eskilstuna Fors", "plats": "Vilsta, Eskilstuna" }, "geometry": { "type": "Point", "coordinates": [ 16.488917759531031, 59.349760850443914 ] } },
{ "type": "Feature", "properties": { "index": 52, "handelsekod": "5000-K486316-23", "kommunnamn": "Falkenberg", "datum": "2023-04-26", "region": "Väst", "polisomrade": "Halland", "deso": "1382C1060", "regso": "Falkenberg södra", "antal": "1", "regsokod": "1382R002", "ts": 1682467200000, "uid": "07e06c8bbe", "month": "04", "year": "2023", "link": null, "source": "polis", "geo": true, "tatort": "Falkenberg", "stadsdel": null, "distrikt": "Falkenberg", "plats": "Falkenberg" }, "geometry": { "type": "Point", "coordinates": [ 12.504755627195605, 56.894587872883164 ] } },
{ "type": "Feature", "properties": { "index": 53, "handelsekod": "5000-K502889-23", "kommunnamn": "Helsingborg", "datum": "2023-05-01", "region": "Syd", "polisomrade": "Nordvästra Skåne", "deso": "1283C1210", "regso": "Närlunda-Elineberg", "antal": "1", "regsokod": "1283R017", "ts": 1682899200000, "uid": "da13cd6a77", "month": "05", "year": "2023", "link": "https://www.svt.se/nyheter/lokalt/helsingborg/explosion-i-narlivsbutik-i-helsingborg", "source": "polis", "geo": true, "tatort": "Helsingborg", "stadsdel": "Närlunda", "distrikt": "Helsingborgs Gustav Adolf", "plats": "Närlunda, Helsingborg" }, "geometry": { "type": "Point", "coordinates": [ 12.718249828992111, 56.034727359456767 ] } },
{ "type": "Feature", "properties": { "index": 54, "handelsekod": "5000-K516634-23", "kommunnamn": "Helsingborg", "datum": "2023-05-03", "region": "Syd", "polisomrade": "Nordvästra Skåne", "deso": "1283C1632", "regso": "Mariastaden-Käftaåra", "antal": "1", "regsokod": "1283R014", "ts": 1683072000000, "uid": "7dc563cafd", "month": "05", "year": "2023", "link": null, "source": "polis", "geo": true, "tatort": "Helsingborg", "stadsdel": "Mariastaden", "distrikt": "Helsingborgs Maria", "plats": "Mariastaden, Helsingborg" }, "geometry": { "type": "Point", "coordinates": [ 12.698696527717622, 56.0782683398876 ] } },
{ "type": "Feature", "properties": { "index": 55, "handelsekod": "5000-K518022-23", "kommunnamn": "Malmö", "datum": "2023-05-04", "region": "Syd", "polisomrade": "Malmö", "deso": "1280C2612", "regso": "RegSO-Värnhem-Västra Sorgenfri", "antal": "1", "regsokod": "1280R077", "ts": 1683158400000, "uid": "5b911db89d", "month": "05", "year": "2023", "link": "https://www.svt.se/nyheter/lokalt/skane/explosion-i-flerfamiljshus-i-malmo-1", "source": "polis", "geo": true, "tatort": "Malmö", "stadsdel": "Värnhem", "distrikt": "Malmö Sankt Pauli", "plats": "Värnhem, Malmö" }, "geometry": { "type": "Point", "coordinates": [ 13.023733420642673, 55.602610812592516 ] } },
{ "type": "Feature", "properties": { "index": 56, "handelsekod": "5000-K533790-23", "kommunnamn": "Botkyrka", "datum": "2023-05-08", "region": "Stockholm", "polisomrade": "Stockholm Syd", "deso": "0127C1410", "regso": "Norsborg", "antal": "1", "regsokod": "0127R010", "ts": 1683504000000, "uid": "79aa798d4a", "month": "05", "year": "2023", "link": "https://www.svt.se/nyheter/lokalt/stockholm/explosion-i-norsborg", "source": "polis", "geo": true, "tatort": "Stockholm", "stadsdel": "Norsborg Kärsby", "distrikt": "Botkyrka", "plats": "Norsborg Kärsby, Botkyrka" }, "geometry": { "type": "Point", "coordinates": [ 17.810100261956432, 59.24635584298165 ] } },
{ "type": "Feature", "properties": { "index": 57, "handelsekod": "5000-K555495-23", "kommunnamn": "Upplands Väsby", "datum": "2023-05-12", "region": "Stockholm", "polisomrade": "Stockholm Nord", "deso": "0114C1210", "regso": "Vilunda östra", "antal": "1", "regsokod": "0114R012", "ts": 1683849600000, "uid": "646b1241c4", "month": "05", "year": "2023", "link": "https://www.svt.se/nyheter/lokalt/stockholm/en-explosion-i-flerfamiljshus-i-upplands-vasby", "source": "polis", "geo": true, "tatort": "Upplands Väsby och Sollentuna", "stadsdel": null, "distrikt": "Hammarby", "plats": "Upplands Väsby och Sollentuna, Upplands Väsby" }, "geometry": { "type": "Point", "coordinates": [ 17.909846174574721, 59.527631630278137 ] } },
{ "type": "Feature", "properties": { "index": 58, "handelsekod": "5000-K567441-23", "kommunnamn": "Stockholm", "datum": "2023-05-15", "region": "Stockholm", "polisomrade": "Stockholm Syd", "deso": "0180C1340", "regso": "Hagsätra", "antal": "1", "regsokod": "0180R031", "ts": 1684108800000, "uid": "85648cae8d", "month": "05", "year": "2023", "link": "https://www.svt.se/nyheter/lokalt/stockholm/detonoation-inne-pa-foretag-i-hagsatra", "source": "polis", "geo": true, "tatort": "Stockholm", "stadsdel": "Hagsätra ", "distrikt": "Vantör", "plats": "Hagsätra, Stockholm" }, "geometry": { "type": "Point", "coordinates": [ 18.007674276701973, 59.265612100450852 ] } },
{ "type": "Feature", "properties": { "index": 59, "handelsekod": "5000-K567422-23", "kommunnamn": "Kungsbacka", "datum": "2023-05-15", "region": "Väst", "polisomrade": "Halland", "deso": "1384C1170", "regso": "Kungsbacka Innerstaden", "antal": "1", "regsokod": "1384R008", "ts": 1684108800000, "uid": "719eb9c941", "month": "05", "year": "2023", "link": "https://www.svt.se/nyheter/lokalt/halland/explosion-i-bostadshus-i-kungsbacka", "source": "polis", "geo": true, "tatort": "Göteborg", "stadsdel": null, "distrikt": "Kungsbacka", "plats": "Göteborg, Kungsbacka" }, "geometry": { "type": "Point", "coordinates": [ 12.077598748689393, 57.487412297569584 ] } },
{ "type": "Feature", "properties": { "index": 60, "handelsekod": "5000-K578858-23", "kommunnamn": "Söderköping", "datum": "2023-05-17", "region": "Öst", "polisomrade": "Östergötland", "deso": "0582C1030", "regso": "Alboga-Bossgård", "antal": "1", "regsokod": "0582R001", "ts": 1684281600000, "uid": "f41d400f8e", "month": "05", "year": "2023", "link": null, "source": "polis", "geo": true, "tatort": "Söderköping", "stadsdel": null, "distrikt": "Söderköpings Sankt Laurentii", "plats": "Söderköping" }, "geometry": { "type": "Point", "coordinates": [ 16.317657226191056, 58.477054566792852 ] } },
{ "type": "Feature", "properties": { "index": 61, "handelsekod": "5000-K584038-23", "kommunnamn": "Södertälje", "datum": "2023-05-18", "region": "Stockholm", "polisomrade": "Stockholm Syd", "deso": "0181C1390", "regso": "Ragnhildsborg-Ritorp-Viksberg", "antal": "1", "regsokod": "0181R020", "ts": 1684368000000, "uid": "ad91e07b32", "month": "05", "year": "2023", "link": "https://www.svt.se/nyheter/lokalt/sodertalje/explosion-orsakade-stora-skador-pa-bil", "source": "polis", "geo": true, "tatort": "Södertälje", "stadsdel": "Brunnsäng", "distrikt": "Östertälje", "plats": "Brunnsäng, Södertälje" }, "geometry": { "type": "Point", "coordinates": [ 17.637608009642982, 59.221901501889157 ] } },
{ "type": "Feature", "properties": { "index": 62, "handelsekod": "5000-K595187-23", "kommunnamn": "Hässleholm", "datum": "2023-05-21", "region": "Syd", "polisomrade": "Blekinge Nordöstra Skåne", "deso": "1293C1050", "regso": "Hässleholm centrum", "antal": "1", "regsokod": "1293R009", "ts": 1684627200000, "uid": "369c219b96", "month": "05", "year": "2023", "link": "https://www.svt.se/nyheter/lokalt/skane/explosion-pa-skola-i-hassleholm-1", "source": "polis", "geo": true, "tatort": "Hässleholm", "stadsdel": "Centrum", "distrikt": "Hässleholm", "plats": "Centrum, Hässleholm" }, "geometry": { "type": "Point", "coordinates": [ 13.767789082360324, 56.156255991085615 ] } },
{ "type": "Feature", "properties": { "index": 63, "handelsekod": "5000-K604148-23", "kommunnamn": "Västervik", "datum": "2023-05-22", "region": "Syd", "polisomrade": "Kalmar Kronoberg", "deso": "0883C1070", "regso": "Västralund-Jenny", "antal": "1", "regsokod": "0883R013", "ts": 1684713600000, "uid": "5995224c20", "month": "05", "year": "2023", "link": "https://www.svt.se/nyheter/lokalt/smaland/explosion-i-fordon-i-vastervik-bilar-skadade", "source": "polis", "geo": true, "tatort": "Västervik", "stadsdel": null, "distrikt": "Västervik", "plats": "Västervik" }, "geometry": { "type": "Point", "coordinates": [ 16.593193915270437, 57.76545222193721 ] } },
{ "type": "Feature", "properties": { "index": 64, "handelsekod": "5000-K609772-23", "kommunnamn": "Täby", "datum": "2023-05-24", "region": "Stockholm", "polisomrade": "Stockholm Nord", "deso": "0160C1030", "regso": "Roslags-Näsby", "antal": "1", "regsokod": "0160R016", "ts": 1684886400000, "uid": "6a4564ea02", "month": "05", "year": "2023", "link": "https://www.svt.se/nyheter/lokalt/stockholm/explosion-i-garage-norr-om-stockholm", "source": "polis", "geo": true, "tatort": "Stockholm", "stadsdel": null, "distrikt": "Täby", "plats": "Täby, Stockholm" }, "geometry": { "type": "Point", "coordinates": [ 18.076605433875983, 59.431453962564049 ] } },
{ "type": "Feature", "properties": { "index": 65, "handelsekod": "5000-K615981-23", "kommunnamn": "Norrköping", "datum": "2023-05-25", "region": "Öst", "polisomrade": "Östergötland", "deso": "0581C1430", "regso": "Sydöstra Marielund", "antal": "1", "regsokod": "0581R032", "ts": 1684972800000, "uid": "770e3c4df3", "month": "05", "year": "2023", "link": "https://www.svt.se/nyheter/lokalt/ost/tva-explosioner-i-norrkoping-portarna-sondersprangda", "source": "polis", "geo": true, "tatort": "Norrköping", "stadsdel": "Marielund", "distrikt": "Norrköpings Matteus", "plats": "Marielund, Norrköping" }, "geometry": { "type": "Point", "coordinates": [ 16.166340662903337, 58.596972197434454 ] } },
{ "type": "Feature", "properties": { "index": 66, "handelsekod": "5000-K615979-23", "kommunnamn": "Norrköping", "datum": "2023-05-25", "region": "Öst", "polisomrade": "Östergötland", "deso": "0581C1410", "regso": "Generalen", "antal": "1", "regsokod": "0581R007", "ts": 1684972800000, "uid": "98ff5e34f6", "month": "05", "year": "2023", "link": "https://www.svt.se/nyheter/lokalt/ost/tva-explosioner-i-norrkoping-portarna-sondersprangda", "source": "polis", "geo": true, "tatort": "Norrköping", "stadsdel": "Östantill", "distrikt": "Norrköpings Hedvig", "plats": "Östantill, Norrköping" }, "geometry": { "type": "Point", "coordinates": [ 16.193807423585483, 58.59240352789174 ] } },
{ "type": "Feature", "properties": { "index": 67, "handelsekod": "5000-K615933-23", "kommunnamn": "Hässleholm", "datum": "2023-05-25", "region": "Syd", "polisomrade": "Blekinge Nordöstra Skåne", "deso": "1293C1040", "regso": "Hässleholm-Djupadal-Galgbacken", "antal": "1", "regsokod": "1293R012", "ts": 1684972800000, "uid": "e1df8a0d6e", "month": "05", "year": "2023", "link": "https://www.svt.se/nyheter/lokalt/skane/bil-har-exploderat-i-hassleholm-brinner-kraftigt", "source": "polis", "geo": true, "tatort": "Hässleholm", "stadsdel": "Centrum", "distrikt": "Hässleholm", "plats": "Centrum, Hässleholm" }, "geometry": { "type": "Point", "coordinates": [ 13.769254776405953, 56.158975131407288 ] } },
{ "type": "Feature", "properties": { "index": 68, "handelsekod": "5000-K635168-23", "kommunnamn": "Linköping", "datum": "2023-05-29", "region": "Öst", "polisomrade": "Östergötland", "deso": "0580C1360", "regso": "Trädgårdsföreningen-Folkungavallen", "antal": "1", "regsokod": "0580R022", "ts": 1685318400000, "uid": "1503a6b7cf", "month": "05", "year": "2023", "link": null, "source": "polis", "geo": true, "tatort": "Linköping", "stadsdel": "Innerstaden", "distrikt": "Linköpings Sankt Lars", "plats": "Innerstaden, Linköping" }, "geometry": { "type": "Point", "coordinates": [ 15.627278177152492, 58.408819566209566 ] } },
{ "type": "Feature", "properties": { "index": 69, "handelsekod": "5000-K644959-23", "kommunnamn": "Helsingborg", "datum": "2023-05-30", "region": "Syd", "polisomrade": "Nordvästra Skåne", "deso": "1283C1210", "regso": "Närlunda-Elineberg", "antal": "1", "regsokod": "1283R017", "ts": 1685404800000, "uid": "9a7ae549d7", "month": "05", "year": "2023", "link": "https://www.svt.se/nyheter/lokalt/helsingborg/explosion-i-narlivsbutik-i-helsingborg", "source": "polis", "geo": true, "tatort": "Helsingborg", "stadsdel": "Närlunda", "distrikt": "Helsingborgs Gustav Adolf", "plats": "Närlunda, Helsingborg" }, "geometry": { "type": "Point", "coordinates": [ 12.721596723053157, 56.033013925799125 ] } },
{ "type": "Feature", "properties": { "index": 70, "handelsekod": "5000-K650365-23", "kommunnamn": "Stockholm", "datum": "2023-06-01", "region": "Stockholm", "polisomrade": "Stockholm Syd", "deso": "0180C3330", "regso": "Gröndal", "antal": "1", "regsokod": "0180R027", "ts": 1685577600000, "uid": "34c5755679", "month": "06", "year": "2023", "link": "https://www.svt.se/nyheter/lokalt/stockholm/explosion-i-grondal-i-sodra-stockholm-port-sondersprangd", "source": "polis", "geo": true, "tatort": "Stockholm", "stadsdel": "Gröndal ", "distrikt": "Hägersten", "plats": "Gröndal, Stockholm" }, "geometry": { "type": "Point", "coordinates": [ 18.00022027212453, 59.313330634778879 ] } },
{ "type": "Feature", "properties": { "index": 71, "handelsekod": "5000-K663621-23", "kommunnamn": "Västerås", "datum": "2023-06-04", "region": "Mitt", "polisomrade": "Västmanland", "deso": "1980C1110", "regso": "Västra Bäckby-Nordöstra Skälby", "antal": "1", "regsokod": "1980R038", "ts": 1685836800000, "uid": "8b51a4cb1b", "month": "06", "year": "2023", "link": "https://www.svt.se/nyheter/lokalt/vastmanland/tre-gripna-efter-explosion-i-vasteras", "source": "polis", "geo": true, "tatort": "Västerås", "stadsdel": "Bäckby", "distrikt": "Lundby", "plats": "Bäckby, Västerås" }, "geometry": { "type": "Point", "coordinates": [ 16.474475124811963, 59.598488523004349 ] } },
{ "type": "Feature", "properties": { "index": 72, "handelsekod": "5000-K666357-23", "kommunnamn": "Västerås", "datum": "2023-06-04", "region": "Mitt", "polisomrade": "Västmanland", "deso": "1980C1350", "regso": "Herrgärdet-Kyrkbacken", "antal": "1", "regsokod": "1980R015", "ts": 1685836800000, "uid": "0659003ac2", "month": "06", "year": "2023", "link": "https://www.svt.se/nyheter/lokalt/vastmanland/larm-om-explosion-i-vasteras", "source": "polis", "geo": true, "tatort": "Västerås", "stadsdel": "Kyrkbacken", "distrikt": "Västerås domkyrkodistrikt", "plats": "Kyrkbacken, Västerås" }, "geometry": { "type": "Point", "coordinates": [ 16.540337711826375, 59.614293856523702 ] } },
{ "type": "Feature", "properties": { "index": 73, "handelsekod": "5000-K672496-23", "kommunnamn": "Botkyrka", "datum": "2023-06-06", "region": "Stockholm", "polisomrade": "Stockholm Syd", "deso": "0127C1110", "regso": "Storvreten", "antal": "1", "regsokod": "0127R013", "ts": 1686009600000, "uid": "a84a2fe731", "month": "06", "year": "2023", "link": "https://www.svt.se/nyheter/lokalt/stockholm/explosion-i-tumba-bostadshus-skadat", "source": "polis", "geo": true, "tatort": "Tumba", "stadsdel": "Storvreten Himmelsboda", "distrikt": "Tumba", "plats": "Storvreten Himmelsboda, Tumba, Botkyrka" }, "geometry": { "type": "Point", "coordinates": [ 17.854371894539561, 59.195381648960769 ] } },
{ "type": "Feature", "properties": { "index": 74, "handelsekod": "5000-K682260-23", "kommunnamn": "Hässleholm", "datum": "2023-06-08", "region": "Syd", "polisomrade": "Blekinge Nordöstra Skåne", "deso": "1293C1010", "regso": "Hässleholm-Stattena", "antal": "1", "regsokod": "1293R020", "ts": 1686182400000, "uid": "804777a21c", "month": "06", "year": "2023", "link": "https://www.svt.se/nyheter/lokalt/skane/bil-exploderade-i-bostadsomrade-i-hassleholm", "source": "polis", "geo": true, "tatort": "Hässleholm", "stadsdel": "Centrum", "distrikt": "Hässleholm", "plats": "Centrum, Hässleholm" }, "geometry": { "type": "Point", "coordinates": [ 13.764667876073942, 56.154407808885303 ] } },
{ "type": "Feature", "properties": { "index": 75, "handelsekod": "5000-K684771-23", "kommunnamn": "Falkenberg", "datum": "2023-06-08", "region": "Väst", "polisomrade": "Halland", "deso": "1382C1040", "regso": "Västra gärdet", "antal": "1", "regsokod": "1382R014", "ts": 1686182400000, "uid": "2241a157de", "month": "06", "year": "2023", "link": null, "source": "polis", "geo": true, "tatort": "Falkenberg", "stadsdel": null, "distrikt": "Falkenberg", "plats": "Falkenberg" }, "geometry": { "type": "Point", "coordinates": [ 12.489694671440276, 56.897783094218667 ] } },
{ "type": "Feature", "properties": { "index": 76, "handelsekod": "5000-K695899-23", "kommunnamn": "Sundbyberg", "datum": "2023-06-11", "region": "Stockholm", "polisomrade": "Stockholm Nord", "deso": "0183C1060", "regso": "Centrala Sundbyberg Västra", "antal": "1", "regsokod": "0183R001", "ts": 1686441600000, "uid": "3306cf256f", "month": "06", "year": "2023", "link": "https://www.svt.se/nyheter/lokalt/stockholm/misstankt-explosion-i-trapphus-i-sundbyberg", "source": "polis", "geo": true, "tatort": "Stockholm", "stadsdel": "Centrala Sundbyberg", "distrikt": "Sundbyberg", "plats": "Centrala Sundbyberg, Sundbyberg" }, "geometry": { "type": "Point", "coordinates": [ 17.963047643958614, 59.364237079693041 ] } },
{ "type": "Feature", "properties": { "index": 77, "handelsekod": "5000-K699736-23", "kommunnamn": "Landskrona", "datum": "2023-06-12", "region": "Syd", "polisomrade": "Nordvästra Skåne", "deso": "1282C1090", "regso": "Fröjdenborg-Larvi", "antal": "1", "regsokod": "1282R004", "ts": 1686528000000, "uid": "f7414e3223", "month": "06", "year": "2023", "link": "https://www.svt.se/nyheter/lokalt/helsingborg/explosion-pa-restaurang-i-landskrona", "source": "polis", "geo": true, "tatort": "Landskrona", "stadsdel": "Väster", "distrikt": "Landskrona", "plats": "Väster, Landskrona" }, "geometry": { "type": "Point", "coordinates": [ 12.826736469676813, 55.876549523569643 ] } },
{ "type": "Feature", "properties": { "index": 78, "handelsekod": "5000-K712353-23", "kommunnamn": "Norrköping", "datum": "2023-06-14", "region": "Öst", "polisomrade": "Östergötland", "deso": "0581C1260", "regso": "Norra Ljura", "antal": "1", "regsokod": "0581R021", "ts": 1686700800000, "uid": "3625670547", "month": "06", "year": "2023", "link": "https://www.svt.se/nyheter/lokalt/ost/explosion-vid-bostadshus-i-norrkoping", "source": "polis", "geo": true, "tatort": "Norrköping", "stadsdel": "Ljura", "distrikt": "Norrköpings Sankt Johannes", "plats": "Ljura, Norrköping" }, "geometry": { "type": "Point", "coordinates": [ 16.20225303770043, 58.578911276895035 ] } },
{ "type": "Feature", "properties": { "index": 79, "handelsekod": "5000-K723899-23", "kommunnamn": "Hässleholm", "datum": "2023-06-16", "region": "Syd", "polisomrade": "Blekinge Nordöstra Skåne", "deso": "1293C1050", "regso": "Hässleholm centrum", "antal": "1", "regsokod": "1293R009", "ts": 1686873600000, "uid": "b74c30ca2d", "month": "06", "year": "2023", "link": "https://www.svt.se/nyheter/lokalt/skane/explosion-vid-restaurang-i-hassleholm", "source": "polis", "geo": true, "tatort": "Hässleholm", "stadsdel": "Centrum", "distrikt": "Hässleholm", "plats": "Centrum, Hässleholm" }, "geometry": { "type": "Point", "coordinates": [ 13.762964432316116, 56.156176297013957 ] } },
{ "type": "Feature", "properties": { "index": 80, "handelsekod": "5000-K735538-23", "kommunnamn": "Stockholm", "datum": "2023-06-19", "region": "Stockholm", "polisomrade": "Stockholm Nord", "deso": "0180C5980", "regso": "Hässelby Villastad", "antal": "1", "regsokod": "0180R041", "ts": 1687132800000, "uid": "07ca0fc063", "month": "06", "year": "2023", "link": "https://www.svt.se/nyheter/lokalt/stockholm/misstankt-for-sprangning-i-hasselby-haktad-ytterligare-gripanden-i-fallet", "source": "polis", "geo": true, "tatort": "Stockholm", "stadsdel": "Hässelby Villastad ", "distrikt": "Hässelby", "plats": "Hässelby Villastad, Stockholm" }, "geometry": { "type": "Point", "coordinates": [ 17.819687576496303, 59.379100303800143 ] } },
{ "type": "Feature", "properties": { "index": 81, "handelsekod": "5000-K762352-23", "kommunnamn": "Stockholm", "datum": "2023-06-24", "region": "Stockholm", "polisomrade": "Stockholm Nord", "deso": "0180C5590", "regso": "Vällingby", "antal": "1", "regsokod": "0180R109", "ts": 1687564800000, "uid": "0157a71301", "month": "06", "year": "2023", "link": "https://www.svt.se/nyheter/lokalt/stockholm/detonation-vid-ett-flerbostadshus-i-vallingby", "source": "polis", "geo": true, "tatort": "Stockholm", "stadsdel": "Vällingby ", "distrikt": "Vällingby", "plats": "Vällingby, Stockholm" }, "geometry": { "type": "Point", "coordinates": [ 17.875017976904207, 59.362969641911818 ] } },
{ "type": "Feature", "properties": { "index": 82, "handelsekod": "5000-K764226-23", "kommunnamn": "Falkenberg", "datum": "2023-06-25", "region": "Väst", "polisomrade": "Halland", "deso": "1382C1110", "regso": "Skogstorp", "antal": "1", "regsokod": "1382R006", "ts": 1687651200000, "uid": "aec509ff80", "month": "06", "year": "2023", "link": null, "source": "polis", "geo": true, "tatort": "Falkenberg", "stadsdel": null, "distrikt": "Stafsinge", "plats": "Falkenberg" }, "geometry": { "type": "Point", "coordinates": [ 12.454006610157721, 56.911207828236144 ] } },
{ "type": "Feature", "properties": { "index": 92, "handelsekod": "5000-K773171-23", "kommunnamn": null, "datum": "2023-06-27", "region": "Stockholm", "polisomrade": "Stockholm Syd", "deso": null, "regso": null, "antal": "2", "regsokod": null, "ts": 1687824000000, "uid": "751ac148a6", "month": "06", "year": "2023", "link": null, "source": "polis", "geo": false, "tatort": null, "stadsdel": null, "distrikt": null, "plats": "Botkyrka, Stockholm Syd" }, "geometry": null },
{ "type": "Feature", "properties": { "index": 83, "handelsekod": "5000-K778830-23", "kommunnamn": "Lund", "datum": "2023-06-28", "region": "Syd", "polisomrade": "Södra Skåne", "deso": "1281A0030", "regso": "Södra Sanby omnejd", "antal": "1", "regsokod": "1281R030", "ts": 1687910400000, "uid": "104b5d9b11", "month": "06", "year": "2023", "link": "https://www.svt.se/nyheter/lokalt/skane/fyrverkeripjas-mot-hus-i-revingeby", "source": "polis", "geo": true, "tatort": null, "stadsdel": null, "distrikt": "Revinge", "plats": "Revinge, Lund" }, "geometry": { "type": "Point", "coordinates": [ 13.456088867520734, 55.723969763590048 ] } },
{ "type": "Feature", "properties": { "index": 84, "handelsekod": "5000-K838068-23", "kommunnamn": "Göteborg", "datum": "2023-07-10", "region": "Väst", "polisomrade": "Storgöteborg", "deso": "1480C2300", "regso": "Masthugget Masthuggsterassen", "antal": "1", "regsokod": "1480R102", "ts": 1688947200000, "uid": "05c193117d", "month": "07", "year": "2023", "link": "https://www.svt.se/nyheter/lokalt/vast/explosion-pa-krog-pa-andra-langgatan", "source": "polis", "geo": true, "tatort": "Göteborg", "stadsdel": "Masthugget", "distrikt": "Göteborgs Oscar Fredrik", "plats": "Masthugget, Göteborg" }, "geometry": { "type": "Point", "coordinates": [ 11.945146931579323, 57.698228087342791 ] } },
{ "type": "Feature", "properties": { "index": 85, "handelsekod": "5000-K838742-23", "kommunnamn": "Stockholm", "datum": "2023-07-11", "region": "Stockholm", "polisomrade": "Stockholm City", "deso": "0180C5270", "regso": "Norra Johannes", "antal": "1", "regsokod": "0180R068", "ts": 1689033600000, "uid": "ed44b92a1d", "month": "07", "year": "2023", "link": "https://www.svt.se/nyheter/inrikes/larm-om-explosion-vid-roslagsgatan", "source": "polis", "geo": true, "tatort": "Stockholm", "stadsdel": "Vasastaden ", "distrikt": "Stockholms Sankt Johannes", "plats": "Vasastaden, Stockholm" }, "geometry": { "type": "Point", "coordinates": [ 18.058619640896595, 59.346457404301816 ] } },
{ "type": "Feature", "properties": { "index": 86, "handelsekod": "5000-K838888-23", "kommunnamn": "Stockholm", "datum": "2023-07-11", "region": "Stockholm", "polisomrade": "Stockholm Syd", "deso": "0180C1490", "regso": "Skärholmen", "antal": "1", "regsokod": "0180R079", "ts": 1689033600000, "uid": "b22352df69", "month": "07", "year": "2023", "link": null, "source": "polis", "geo": true, "tatort": "Stockholm", "stadsdel": "Skärholmen ", "distrikt": "Skärholmen", "plats": "Skärholmen, Stockholm" }, "geometry": { "type": "Point", "coordinates": [ 17.897670277348457, 59.273711969213949 ] } },
{ "type": "Feature", "properties": { "index": 87, "handelsekod": "5000-K893674-23", "kommunnamn": "Uppsala", "datum": "2023-07-22", "region": "Mitt", "polisomrade": "Uppsala", "deso": "0380C1940", "regso": "Mellersta Sala backe", "antal": "1", "regsokod": "0380R015", "ts": 1689984000000, "uid": "35f9fc9db8", "month": "07", "year": "2023", "link": "https://www.svt.se/nyheter/lokalt/uppsala/kraftig-explosion-i-uppsala-2", "source": "polis", "geo": true, "tatort": "Uppsala", "stadsdel": "Sala backe", "distrikt": "Vaksala", "plats": "Sala backe, Uppsala" }, "geometry": { "type": "Point", "coordinates": [ 17.674339214388269, 59.870589150005202 ] } },
{ "type": "Feature", "properties": { "index": 88, "handelsekod": "5000-K902583-23", "kommunnamn": "Lund", "datum": "2023-07-24", "region": "Syd", "polisomrade": "Södra Skåne", "deso": "1281C1280", "regso": "Tuna-Galjevången", "antal": "1", "regsokod": "1281R032", "ts": 1690156800000, "uid": "3724122ff8", "month": "07", "year": "2023", "link": null, "source": "polis", "geo": true, "tatort": "Lund", "stadsdel": null, "distrikt": "Lunds Allhelgona", "plats": "Lund" }, "geometry": { "type": "Point", "coordinates": [ 13.205790755108877, 55.705445677245066 ] } },
{ "type": "Feature", "properties": { "index": 89, "handelsekod": "5000-K902731-23", "kommunnamn": "Huddinge", "datum": "2023-07-25", "region": "Stockholm", "polisomrade": "Stockholm Syd", "deso": "0126C1192", "regso": "Sjödalen södra", "antal": "1", "regsokod": "0126R013", "ts": 1690243200000, "uid": "17ba499be6", "month": "07", "year": "2023", "link": "https://www.svt.se/nyheter/lokalt/stockholm/ny-lastbilsbrand-i-huddinge", "source": "polis", "geo": true, "tatort": "Stockholm", "stadsdel": "Storängen", "distrikt": "Huddinge", "plats": "Storängen, Huddinge" }, "geometry": { "type": "Point", "coordinates": [ 17.993109583682173, 59.229938552844743 ] } },
{ "type": "Feature", "properties": { "index": 90, "handelsekod": "5000-K913931-23", "kommunnamn": "Norrköping", "datum": "2023-07-27", "region": "Öst", "polisomrade": "Östergötland", "deso": "0581C1380", "regso": "Nordvästra Nordantill", "antal": "1", "regsokod": "0581R017", "ts": 1690416000000, "uid": "0127ee4814", "month": "07", "year": "2023", "link": "https://www.svt.se/nyheter/lokalt/ost/explosion-i-centrala-i-norrkoping", "source": "polis", "geo": true, "tatort": "Norrköping", "stadsdel": "Nordantill", "distrikt": "Norrköpings Matteus", "plats": "Nordantill, Norrköping" }, "geometry": { "type": "Point", "coordinates": [ 16.174901779588261, 58.59335688053072 ] } },
{ "type": "Feature", "properties": { "index": 91, "handelsekod": "5000-K927131-23", "kommunnamn": "Göteborg", "datum": "2023-07-30", "region": "Väst", "polisomrade": "Storgöteborg", "deso": "1480C1330", "regso": "Järnbrott", "antal": "1", "regsokod": "1480R060", "ts": 1690675200000, "uid": "fe33974840", "month": "07", "year": "2023", "link": "https://www.svt.se/nyheter/lokalt/vast/explosion-i-flerfamiljshus-i-goteborg-1", "source": "polis", "geo": true, "tatort": "Göteborg", "stadsdel": "Järnbrott", "distrikt": "Västra Frölunda", "plats": "Järnbrott, Göteborg" }, "geometry": { "type": "Point", "coordinates": [ 11.922695546328994, 57.657095595397969 ] } },
{ "type": "Feature", "properties": { "index": 92, "handelsekod": "5000-K930150-23", "kommunnamn": "Linköping", "datum": "2023-07-31", "region": null, "polisomrade": null, "deso": "0580C1660", "regso": "Skäggetorp-Tornby", "antal": "1", "regsokod": "0580R018", "ts": 1690761600000, "uid": "158ce28a61", "month": "07", "year": "2023", "link": "https://www.svt.se/nyheter/lokalt/ost/sprangning-vid-restaurang-i-linkoping", "source": "polis", "geo": true, "tatort": "Linköping", "stadsdel": "Skäggetorp", "distrikt": "Skäggetorp", "plats": "Skäggetorp, Linköping" }, "geometry": { "type": "Point", "coordinates": [ 15.580584128043993, 58.426530964672274 ] } },
{ "type": "Feature", "properties": { "index": 93, "handelsekod": "5000-K930125-23", "kommunnamn": "Danderyd", "datum": "2023-07-31", "region": "Stockholm", "polisomrade": "Stockholm Nord", "deso": "0162C1120", "regso": "Djursholm södra", "antal": "1", "regsokod": "0162R005", "ts": 1690761600000, "uid": "89e716c577", "month": "07", "year": "2023", "link": "https://www.svt.se/nyheter/lokalt/stockholm/explosion-vid-villa-i-danderyd", "source": "polis", "geo": true, "tatort": "Stockholm", "stadsdel": "Ösby", "distrikt": "Danderyd", "plats": "Ösby, Danderyd" }, "geometry": { "type": "Point", "coordinates": [ 18.055333991545591, 59.403086925027011 ] } },
{ "type": "Feature", "properties": { "index": 94, "handelsekod": "5000-K935273-23", "kommunnamn": "Södertälje", "datum": "2023-08-01", "region": "Stockholm", "polisomrade": "Stockholm Syd", "deso": "0181C1260", "regso": "Ronna centrum-Ronna Park-Västra Ronna", "antal": "1", "regsokod": "0181R021", "ts": 1690848000000, "uid": "236f502a85", "month": "08", "year": "2023", "link": "https://www.svt.se/nyheter/lokalt/sodertalje/uppgifter-sprangning-var-riktad-mot-sis-anstalld", "source": "polis", "geo": true, "tatort": "Södertälje", "stadsdel": "Ronna", "distrikt": "Västertälje", "plats": "Ronna, Södertälje" }, "geometry": { "type": "Point", "coordinates": [ 17.590520137610856, 59.203760592101681 ] } },
{ "type": "Feature", "properties": { "index": 95, "handelsekod": "5000-K940820-23", "kommunnamn": "Göteborg", "datum": "2023-08-02", "region": null, "polisomrade": null, "deso": "1480C3350", "regso": "Backa centrala", "antal": "1", "regsokod": "1480R005", "ts": 1690934400000, "uid": "292588e7b9", "month": "08", "year": "2023", "link": "https://www.svt.se/nyheter/lokalt/vast/explosion-vid-port-till-flerfamiljshus", "source": "polis", "geo": true, "tatort": "Göteborg", "stadsdel": "Backa", "distrikt": "Backa", "plats": "Backa, Göteborg" }, "geometry": { "type": "Point", "coordinates": [ 11.975416546818465, 57.745182682144303 ] } },
{ "type": "Feature", "properties": { "index": 96, "handelsekod": "5000-K956577-23", "kommunnamn": "Södertälje", "datum": "2023-08-05", "region": "Stockholm", "polisomrade": "Stockholm Syd", "deso": "0181C1220", "regso": "Geneta norra-Bårsta västra", "antal": "1", "regsokod": "0181R007", "ts": 1691193600000, "uid": "0a65ebc2ec", "month": "08", "year": "2023", "link": "https://www.svt.se/nyheter/lokalt/sodertalje/detonation-i-sodertalje-1", "source": "polis", "geo": true, "tatort": "Södertälje", "stadsdel": "Geneta", "distrikt": "Västertälje", "plats": "Geneta, Södertälje" }, "geometry": { "type": "Point", "coordinates": [ 17.586554349668802, 59.194836174159029 ] } },
{ "type": "Feature", "properties": { "index": 97, "handelsekod": "5000-K973938-23", "kommunnamn": "Falkenberg", "datum": "2023-08-09", "region": "Väst", "polisomrade": "Halland", "deso": "1382C1040", "regso": "Västra gärdet", "antal": "1", "regsokod": "1382R014", "ts": 1691539200000, "uid": "516f9e607d", "month": "08", "year": "2023", "link": "https://www.svt.se/nyheter/lokalt/halland/explosion-vid-bostadshus-i-falkenberg", "source": "polis", "geo": true, "tatort": "Falkenberg", "stadsdel": null, "distrikt": "Falkenberg", "plats": "Falkenberg" }, "geometry": { "type": "Point", "coordinates": [ 12.488136004071078, 56.896843070709231 ] } },
{ "type": "Feature", "properties": { "index": 98, "handelsekod": "5000-K984350-23", "kommunnamn": "Falkenberg", "datum": "2023-08-11", "region": "Väst", "polisomrade": "Halland", "deso": "1382C1060", "regso": "Falkenberg södra", "antal": "1", "regsokod": "1382R002", "ts": 1691712000000, "uid": "ff8fdd4a0f", "month": "08", "year": "2023", "link": "https://www.svt.se/nyheter/snabbkollen/explosion-vid-port-i-falkenberg-1", "source": "polis", "geo": true, "tatort": "Falkenberg", "stadsdel": null, "distrikt": "Falkenberg", "plats": "Falkenberg" }, "geometry": { "type": "Point", "coordinates": [ 12.503117510613809, 56.894544541205846 ] } },
{ "type": "Feature", "properties": { "index": 99, "handelsekod": "5000-K1000802-23", "kommunnamn": "Upplands-Bro", "datum": "2023-08-14", "region": "Stockholm", "polisomrade": "Stockholm Nord", "deso": "0139B2050", "regso": "Centrala Bro", "antal": "1", "regsokod": "0139R002", "ts": 1691971200000, "uid": "33e9d1b5c0", "month": "08", "year": "2023", "link": "https://www.svt.se/nyheter/inrikes/explosion-i-port-norr-om-stockholm", "source": "polis", "geo": true, "tatort": "Bro", "stadsdel": "Bro", "distrikt": "Bro", "plats": "Bro, Upplands-Bro" }, "geometry": { "type": "Point", "coordinates": [ 17.631849107937537, 59.518338792910797 ] } },
{ "type": "Feature", "properties": { "index": 100, "handelsekod": "5000-K997066-23", "kommunnamn": "Askersund", "datum": "2023-08-14", "region": "Bergslagen", "polisomrade": "Örebro Län", "deso": "1882A0030", "regso": "Askersund omland väster", "antal": "1", "regsokod": "1882R003", "ts": 1691971200000, "uid": "abfc719e5f", "month": "08", "year": "2023", "link": null, "source": "polis", "geo": true, "tatort": null, "stadsdel": null, "distrikt": "Snavlunda", "plats": "Snavlunda, Askersund" }, "geometry": { "type": "Point", "coordinates": [ 14.827783424660103, 58.984291993107085 ] } },
{ "type": "Feature", "properties": { "index": 101, "handelsekod": "5000-K1021998-23", "kommunnamn": "Stockholm", "datum": "2023-08-19", "region": "Stockholm", "polisomrade": "Stockholm Syd", "deso": "0180C1610", "regso": "Norra Skarpnäcks Gård", "antal": "1", "regsokod": "0180R069", "ts": 1692403200000, "uid": "c7a65a563c", "month": "08", "year": "2023", "link": "https://www.svt.se/nyheter/lokalt/stockholm/explosion-vid-bostadshus-i-sodra-stockholm", "source": "polis", "geo": true, "tatort": "Stockholm", "stadsdel": "Skarpnäcks Gård ", "distrikt": "Skarpnäck", "plats": "Skarpnäcks Gård, Stockholm" }, "geometry": { "type": "Point", "coordinates": [ 18.125422424541597, 59.268955026045539 ] } },
{ "type": "Feature", "properties": { "index": 102, "handelsekod": "5000-K1028116-23", "kommunnamn": "Hässleholm", "datum": "2023-08-21", "region": "Syd", "polisomrade": "Blekinge Nordöstra Skåne", "deso": "1293C1120", "regso": "Hässleholm-Kärråkra-Gäddastorp", "antal": "1", "regsokod": "1293R016", "ts": 1692576000000, "uid": "fbab357d5e", "month": "08", "year": "2023", "link": "https://www.svt.se/nyheter/lokalt/skane/explosion-vid-port-i-hassleholm", "source": "polis", "geo": true, "tatort": "Hässleholm", "stadsdel": "Norden", "distrikt": "Hässleholm", "plats": "Norden, Hässleholm" }, "geometry": { "type": "Point", "coordinates": [ 13.761117724484052, 56.16063736310921 ] } },
{ "type": "Feature", "properties": { "index": 103, "handelsekod": "5000-K1039288-23", "kommunnamn": "Göteborg", "datum": "2023-08-23", "region": "Väst", "polisomrade": "Storgöteborg", "deso": "1480C2500", "regso": "Kålltorp södra", "antal": "1", "regsokod": "1480R081", "ts": 1692748800000, "uid": "6afc77742b", "month": "08", "year": "2023", "link": "https://www.svt.se/nyheter/lokalt/vast/explosion-vid-bostadshus-i-centrala-goteborg", "source": "polis", "geo": true, "tatort": "Göteborg", "stadsdel": "Kålltorp", "distrikt": "Härlanda", "plats": "Kålltorp, Göteborg" }, "geometry": { "type": "Point", "coordinates": [ 12.024812706200732, 57.706927191468985 ] } },
{ "type": "Feature", "properties": { "index": 104, "handelsekod": "5000-K1044743-23", "kommunnamn": "Malmö", "datum": "2023-08-24", "region": "Syd", "polisomrade": "Malmö", "deso": "1280C1171", "regso": "RegSO-Almvik syd-Lindängen syd", "antal": "1", "regsokod": "1280R002", "ts": 1692835200000, "uid": "3da7696ae0", "month": "08", "year": "2023", "link": "https://www.svt.se/nyheter/lokalt/skane/detonation-i-garage-i-malmo", "source": "polis", "geo": true, "tatort": "Malmö", "stadsdel": "Almvik", "distrikt": "Fosie", "plats": "Almvik, Malmö" }, "geometry": { "type": "Point", "coordinates": [ 13.003228337592795, 55.55631595003652 ] } },
{ "type": "Feature", "properties": { "index": 105, "handelsekod": "5000-K1049971-23", "kommunnamn": "Södertälje", "datum": "2023-08-25", "region": "Stockholm", "polisomrade": "Stockholm Syd", "deso": "0181C1302", "regso": "Glasberga", "antal": "1", "regsokod": "0181R009", "ts": 1692921600000, "uid": "58b0ebd2da", "month": "08", "year": "2023", "link": "https://www.svt.se/nyheter/lokalt/sodertalje/villadorr-bortsprangd-i-sodertalje", "source": "polis", "geo": true, "tatort": "Södertälje", "stadsdel": "Glasberga", "distrikt": "Östertälje", "plats": "Glasberga, Södertälje" }, "geometry": { "type": "Point", "coordinates": [ 17.68953785802001, 59.189793264171541 ] } },
{ "type": "Feature", "properties": { "index": 106, "handelsekod": "5000-K1058337-23", "kommunnamn": "Malmö", "datum": "2023-08-27", "region": "Syd", "polisomrade": "Malmö", "deso": "1280C1940", "regso": "RegSO-Sofielund norr", "antal": "1", "regsokod": "1280R066", "ts": 1693094400000, "uid": "7e5c3871c6", "month": "08", "year": "2023", "link": "https://www.svt.se/nyheter/lokalt/skane/detonation-vid-restaurang-pa-nobelvagen-i-malmo", "source": "polis", "geo": true, "tatort": "Malmö", "stadsdel": "Södra Sofielund", "distrikt": "Möllevången", "plats": "Södra Sofielund, Malmö" }, "geometry": { "type": "Point", "coordinates": [ 13.009100962441998, 55.585204753604991 ] } },
{ "type": "Feature", "properties": { "index": 107, "handelsekod": "5000-K1067298-23", "kommunnamn": "Trollhättan", "datum": "2023-08-29", "region": "Väst", "polisomrade": "Fyrbodal", "deso": "1488B2010", "regso": "Sjuntorpsområdet-Gärdhem-Edsvid", "antal": "1", "regsokod": "1488R009", "ts": 1693267200000, "uid": "a732c10629", "month": "08", "year": "2023", "link": "https://www.svt.se/nyheter/lokalt/vast/kraftig-explosion-i-trollhattan", "source": "polis", "geo": true, "tatort": "Sjuntorp", "stadsdel": null, "distrikt": "Fors", "plats": "Sjuntorp, Trollhättan" }, "geometry": { "type": "Point", "coordinates": [ 12.238191730893231, 58.198376904360686 ] } },
{ "type": "Feature", "properties": { "index": 108, "handelsekod": "5000-K1078825-23", "kommunnamn": "Botkyrka", "datum": "2023-08-31", "region": null, "polisomrade": null, "deso": "0127C1320", "regso": "Eriksberg-Sturehov", "antal": "1", "regsokod": "0127R004", "ts": 1693440000000, "uid": "f0cbc59f2f", "month": "08", "year": "2023", "link": "https://www.svt.se/nyheter/lokalt/stockholm/misstankt-detonation-vid-flerfamiljshus-i-stockholm", "source": "polis", "geo": true, "tatort": "Stockholm", "stadsdel": "Eriksberg  Trälberget", "distrikt": "Botkyrka", "plats": "Eriksberg  Trälberget, Botkyrka" }, "geometry": { "type": "Point", "coordinates": [ 17.819063854235811, 59.243487769423581 ] } },
{ "type": "Feature", "properties": { "index": 109, "handelsekod": "5000-K1078743-23", "kommunnamn": "Göteborg", "datum": "2023-08-31", "region": "Väst", "polisomrade": "Storgöteborg", "deso": "1480C2810", "regso": "Olskroken", "antal": "1", "regsokod": "1480R113", "ts": 1693440000000, "uid": "aecadf6a31", "month": "08", "year": "2023", "link": "https://www.svt.se/nyheter/lokalt/vast/flera-misstankta-explosioner-i-goteborg", "source": "polis", "geo": true, "tatort": "Göteborg", "stadsdel": "Olskroken", "distrikt": "Göteborgs Sankt Pauli", "plats": "Olskroken, Göteborg" }, "geometry": { "type": "Point", "coordinates": [ 11.997373891183697, 57.712394737792785 ] } },
{ "type": "Feature", "properties": { "index": 110, "handelsekod": "5000-K1078745-23", "kommunnamn": "Göteborg", "datum": "2023-08-31", "region": "Väst", "polisomrade": "Storgöteborg", "deso": "1480C3430", "regso": "Kortedala sydöstra", "antal": "1", "regsokod": "1480R069", "ts": 1693440000000, "uid": "56da79d25d", "month": "08", "year": "2023", "link": "https://www.svt.se/nyheter/lokalt/vast/flera-misstankta-explosioner-i-goteborg", "source": "polis", "geo": true, "tatort": "Göteborg", "stadsdel": "Södra Kortedala", "distrikt": "Kortedala", "plats": "Södra Kortedala, Göteborg" }, "geometry": { "type": "Point", "coordinates": [ 12.03521257366946, 57.752173649266844 ] } },
{ "type": "Feature", "properties": { "index": 111, "handelsekod": "5000-K1078812-23", "kommunnamn": "Nyköping", "datum": "2023-08-31", "region": "Öst", "polisomrade": "Södermanland", "deso": "0480C1030", "regso": "Högbrunn-Idbäcken", "antal": "1", "regsokod": "0480R008", "ts": 1693440000000, "uid": "322d5ddd15", "month": "08", "year": "2023", "link": "https://www.svt.se/nyheter/lokalt/sormland/explosion-vid-bostadshus-i-nykoping", "source": "polis", "geo": true, "tatort": "Nyköping", "stadsdel": "Högbrunn", "distrikt": "Nyköpings Sankt Nicolai", "plats": "Högbrunn, Nyköping" }, "geometry": { "type": "Point", "coordinates": [ 16.997154778753611, 58.751776287029877 ] } },
{ "type": "Feature", "properties": { "index": 124, "handelsekod": "5000-K1080805-23", "kommunnamn": null, "datum": "2023-08-31", "region": "Väst", "polisomrade": "Storgöteborg", "deso": null, "regso": null, "antal": "1", "regsokod": null, "ts": 1693440000000, "uid": "4bb5ad59f2", "month": "08", "year": "2023", "link": null, "source": "polis", "geo": false, "tatort": null, "stadsdel": null, "distrikt": null, "plats": "Storgöteborg Nordost, Storgöteborg" }, "geometry": null },
{ "type": "Feature", "properties": { "index": 112, "handelsekod": "5000-K1086690-23", "kommunnamn": "Norrköping", "datum": "2023-09-01", "region": "Öst", "polisomrade": "Östergötland", "deso": "0581C1430", "regso": "Sydöstra Marielund", "antal": "1", "regsokod": "0581R032", "ts": 1693526400000, "uid": "884eae50f9", "month": "09", "year": "2023", "link": "https://www.svt.se/nyheter/lokalt/ost/misstankt-bomb-utanfor-polishus", "source": "polis", "geo": true, "tatort": "Norrköping", "stadsdel": "Marielund", "distrikt": "Norrköpings Matteus", "plats": "Marielund, Norrköping" }, "geometry": { "type": "Point", "coordinates": [ 16.173200976600484, 58.595157275823951 ] } },
{ "type": "Feature", "properties": { "index": 113, "handelsekod": "5000-K1093983-23", "kommunnamn": "Norrköping", "datum": "2023-09-03", "region": "Öst", "polisomrade": "Östergötland", "deso": "0581C1390", "regso": "Nordvästra Nordantill", "antal": "1", "regsokod": "0581R017", "ts": 1693699200000, "uid": "256fdb7293", "month": "09", "year": "2023", "link": "https://www.svt.se/nyheter/lokalt/ost/samtliga-slapps-pa-fri-fot-efter-explosionen-i-norrkoping", "source": "polis", "geo": true, "tatort": "Norrköping", "stadsdel": "Nordantill", "distrikt": "Norrköpings Matteus", "plats": "Nordantill, Norrköping" }, "geometry": { "type": "Point", "coordinates": [ 16.174873454989811, 58.590663664182799 ] } },
{ "type": "Feature", "properties": { "index": 114, "handelsekod": "5000-K1113170-23", "kommunnamn": "Järfälla", "datum": "2023-09-06", "region": "Stockholm", "polisomrade": "Stockholm Nord", "deso": "0123C1230", "regso": "Hammaren västra", "antal": "1", "regsokod": "0123R011", "ts": 1693958400000, "uid": "295e320e32", "month": "09", "year": "2023", "link": "https://www.svt.se/nyheter/lokalt/stockholm/brand-i-flerfamiljshus-i-jakobsberg-efter-explosion", "source": "polis", "geo": true, "tatort": "Stockholm", "stadsdel": "Jakobsberg", "distrikt": "Jakobsberg", "plats": "Jakobsberg, Järfälla" }, "geometry": { "type": "Point", "coordinates": [ 17.836273736980839, 59.421045266888029 ] } },
{ "type": "Feature", "properties": { "index": 115, "handelsekod": "5000-K1148084-23", "kommunnamn": "Trollhättan", "datum": "2023-09-14", "region": "Väst", "polisomrade": "Fyrbodal", "deso": "1488C1010", "regso": "Södra Lextorp-Alingsåker", "antal": "1", "regsokod": "1488R013", "ts": 1694649600000, "uid": "1f7a083c60", "month": "09", "year": "2023", "link": "https://www.svt.se/nyheter/lokalt/vast/kraftig-explosion-i-trollhattan", "source": "polis", "geo": true, "tatort": "Trollhättan", "stadsdel": "Lextorp", "distrikt": "Lextorp", "plats": "Lextorp, Trollhättan" }, "geometry": { "type": "Point", "coordinates": [ 12.303826654883498, 58.257704017605079 ] } },
{ "type": "Feature", "properties": { "index": 116, "handelsekod": "5000-K1158974-23", "kommunnamn": "Upplands-Bro", "datum": "2023-09-16", "region": "Stockholm", "polisomrade": "Stockholm Nord", "deso": "0139B2020", "regso": "Centrala Bro", "antal": "1", "regsokod": "0139R002", "ts": 1694822400000, "uid": "ffb5519733", "month": "09", "year": "2023", "link": "https://www.svt.se/nyheter/lokalt/stockholm/explosion-vid-bostadshus-norr-om-stockholm", "source": "polis", "geo": true, "tatort": "Bro", "stadsdel": "Bro", "distrikt": "Bro", "plats": "Bro, Upplands-Bro" }, "geometry": { "type": "Point", "coordinates": [ 17.653017023732332, 59.512710977624216 ] } },
{ "type": "Feature", "properties": { "index": 117, "handelsekod": "5000-K1159275-23", "kommunnamn": "Mölndal", "datum": "2023-09-16", "region": "Väst", "polisomrade": "Storgöteborg", "deso": "1481C1140", "regso": "Balltorp", "antal": "1", "regsokod": "1481R001", "ts": 1694822400000, "uid": "9a0a46870a", "month": "09", "year": "2023", "link": "https://www.svt.se/nyheter/lokalt/vast/detonation-vid-bostadshus-i-molndal", "source": "polis", "geo": true, "tatort": "Östra Balltorp", "stadsdel": null, "distrikt": "Fässberg", "plats": "Östra Balltorp, Mölndal" }, "geometry": { "type": "Point", "coordinates": [ 12.021329815283435, 57.627734877951497 ] } },
{ "type": "Feature", "properties": { "index": 118, "handelsekod": "5000-K1164747-23", "kommunnamn": "Nyköping", "datum": "2023-09-18", "region": null, "polisomrade": null, "deso": "0480C1150", "regso": "Brandkärr", "antal": "1", "regsokod": "0480R004", "ts": 1694995200000, "uid": "3ac3f8334b", "month": "09", "year": "2023", "link": "https://www.svt.se/nyheter/lokalt/sormland/explosion-vid-fastighet-i-nykoping", "source": "polis", "geo": true, "tatort": "Nyköping", "stadsdel": "Brandkärr", "distrikt": "Nyköpings Alla Helgona", "plats": "Brandkärr, Nyköping" }, "geometry": { "type": "Point", "coordinates": [ 17.012538856076745, 58.764481173039329 ] } },
{ "type": "Feature", "properties": { "index": 119, "handelsekod": "5000-K1171069-23", "kommunnamn": "Trollhättan", "datum": "2023-09-19", "region": "Väst", "polisomrade": "Fyrbodal", "deso": "1488C1010", "regso": "Södra Lextorp-Alingsåker", "antal": "1", "regsokod": "1488R013", "ts": 1695081600000, "uid": "980fbcce42", "month": "09", "year": "2023", "link": "https://www.svt.se/nyheter/lokalt/vast/misstankt-explosion-vid-radhus-i-trollhattan", "source": "polis", "geo": true, "tatort": "Trollhättan", "stadsdel": "Lextorp", "distrikt": "Lextorp", "plats": "Lextorp, Trollhättan" }, "geometry": { "type": "Point", "coordinates": [ 12.304671089676264, 58.257395281092656 ] } },
{ "type": "Feature", "properties": { "index": 120, "handelsekod": "5000-K1195448-23", "kommunnamn": "Huddinge", "datum": "2023-09-24", "region": null, "polisomrade": null, "deso": "0126C1312", "regso": "Glömsta-Loviseberg", "antal": "1", "regsokod": "0126R007", "ts": 1695513600000, "uid": "5c82755ade", "month": "09", "year": "2023", "link": "https://www.svt.se/nyheter/lokalt/stockholm/explosion-pa-villatomt-i-huddinge", "source": "polis", "geo": true, "tatort": "Stockholm", "stadsdel": "Glömsta", "distrikt": "Flemingsberg", "plats": "Glömsta, Huddinge" }, "geometry": { "type": "Point", "coordinates": [ 17.924817208217032, 59.241341598555799 ] } },
{ "type": "Feature", "properties": { "index": 121, "handelsekod": "5000-K1204392-23", "kommunnamn": "Stockholm", "datum": "2023-09-25", "region": "Stockholm", "polisomrade": "Stockholm Nord", "deso": "0180C5470", "regso": "Hässelby Strand", "antal": "1", "regsokod": "0180R040", "ts": 1695600000000, "uid": "812bd91486", "month": "09", "year": "2023", "link": "https://www.svt.se/nyheter/lokalt/stockholm/larm-om-explosion-i-hasselby--wypbtj", "source": "polis", "geo": true, "tatort": "Stockholm", "stadsdel": "Hässelby Strand ", "distrikt": "Hässelby", "plats": "Hässelby Strand, Stockholm" }, "geometry": { "type": "Point", "coordinates": [ 17.827570646878225, 59.363713788836293 ] } },
{ "type": "Feature", "properties": { "index": 122, "handelsekod": "5000-K1205275-23", "kommunnamn": "Linköping", "datum": "2023-09-26", "region": "Öst", "polisomrade": "Östergötland", "deso": "0580C1150", "regso": "Ekholmen", "antal": "1", "regsokod": "0580R003", "ts": 1695686400000, "uid": "4afd13ecca", "month": "09", "year": "2023", "link": "https://www.svt.se/nyheter/lokalt/ost/explosion-i-bostadsomrade-i-linkoping--bimng1", "source": "polis", "geo": true, "tatort": "Linköping", "stadsdel": "Ekholmen", "distrikt": "Landeryd", "plats": "Ekholmen, Linköping" }, "geometry": { "type": "Point", "coordinates": [ 15.678694505831125, 58.381947483754523 ] } },
{ "type": "Feature", "properties": { "index": 123, "handelsekod": "5000-K1215618-23", "kommunnamn": "Uppsala", "datum": "2023-09-28", "region": null, "polisomrade": null, "deso": "0380A0080", "regso": "Uppsala inre norra omland", "antal": "1", "regsokod": "0380R035", "ts": 1695859200000, "uid": "9d8be43e69", "month": "09", "year": "2023", "link": "https://www.svt.se/nyheter/lokalt/uppsala/explosion-i-bostadsomrade-i-storvreta--k6hulw", "source": "polis", "geo": true, "tatort": "Sydöstra Fullerö", "stadsdel": "Storvretabygden", "distrikt": "Gamla Uppsala", "plats": "Sydöstra Fullerö, Storvretabygden, Uppsala" }, "geometry": { "type": "Point", "coordinates": [ 17.683497262883467, 59.9395726868769 ] } },
{ "type": "Feature", "properties": { "index": 124, "handelsekod": "5000-K1232434-23", "kommunnamn": "Huddinge", "datum": "2023-10-02", "region": "Stockholm", "polisomrade": "Stockholm Syd", "deso": "0126C1210", "regso": "Fullersta södra", "antal": "1", "regsokod": "0126R005", "ts": 1696204800000, "uid": "290a086028", "month": "10", "year": "2023", "link": "https://www.svt.se/nyheter/lokalt/stockholm/detonation-och-brand-hos-mordmisstankta", "source": "polis", "geo": true, "tatort": "Stockholm", "stadsdel": "Fullersta", "distrikt": "Huddinge", "plats": "Fullersta, Huddinge" }, "geometry": { "type": "Point", "coordinates": [ 17.963864216814997, 59.23850876203263 ] } },
{ "type": "Feature", "properties": { "index": 125, "handelsekod": "5000-K1232607-23", "kommunnamn": "Stockholm", "datum": "2023-10-02", "region": "Stockholm", "polisomrade": "Stockholm Nord", "deso": "0180C5950", "regso": "Hässelby Villastad", "antal": "1", "regsokod": "0180R041", "ts": 1696204800000, "uid": "aeda673551", "month": "10", "year": "2023", "link": "https://www.svt.se/nyheter/lokalt/stockholm/detonation-och-brand-hos-mordmisstankta", "source": "polis", "geo": true, "tatort": "Stockholm", "stadsdel": "Hässelby Villastad ", "distrikt": "Hässelby", "plats": "Hässelby Villastad, Stockholm" }, "geometry": { "type": "Point", "coordinates": [ 17.83210163532603, 59.380703918882261 ] } },
{ "type": "Feature", "properties": { "index": 126, "handelsekod": "5000-K1249131-23", "kommunnamn": "Upplands-Bro", "datum": "2023-10-05", "region": "Stockholm", "polisomrade": "Stockholm Nord", "deso": "0139A0020", "regso": "Upplands-Bro norra omland", "antal": "1", "regsokod": "0139R009", "ts": 1696464000000, "uid": "8f5430eca2", "month": "10", "year": "2023", "link": "https://www.svt.se/nyheter/lokalt/stockholm/larm-om-explosion-i-villa-i-upplands-bro--f9zklf", "source": "polis", "geo": true, "tatort": null, "stadsdel": "Håbo-Tibble kyrkby", "distrikt": "Håbo-Tibble", "plats": "Håbo-Tibble kyrkby, Upplands-Bro" }, "geometry": { "type": "Point", "coordinates": [ 17.708224770676306, 59.556756549608167 ] } },
{ "type": "Feature", "properties": { "index": 127, "handelsekod": "5000-K1264882-23", "kommunnamn": "Hässleholm", "datum": "2023-10-09", "region": "Syd", "polisomrade": "Blekinge Nordöstra Skåne", "deso": "1293C1120", "regso": "Hässleholm-Kärråkra-Gäddastorp", "antal": "1", "regsokod": "1293R016", "ts": 1696809600000, "uid": "0fc53ea166", "month": "10", "year": "2023", "link": null, "source": "polis", "geo": true, "tatort": "Hässleholm", "stadsdel": "T4", "distrikt": "Hässleholm", "plats": "T4, Hässleholm" }, "geometry": { "type": "Point", "coordinates": [ 13.751131807814044, 56.166759955080032 ] } },
{ "type": "Feature", "properties": { "index": 128, "handelsekod": "5000-K1275747-23", "kommunnamn": "Skara", "datum": "2023-10-10", "region": "Väst", "polisomrade": "Skaraborg", "deso": "1495C1070", "regso": "Skara tätort nordöstra", "antal": "1", "regsokod": "1495R006", "ts": 1696896000000, "uid": "f8b0267a58", "month": "10", "year": "2023", "link": "https://www.svt.se/nyheter/lokalt/vast/explosion-vid-fastighet-i-skara--niqpxl", "source": "polis", "geo": true, "tatort": "Skara", "stadsdel": null, "distrikt": "Skara domkyrkodistrikt", "plats": "Skara" }, "geometry": { "type": "Point", "coordinates": [ 13.45365238976323, 58.39542470579935 ] } },
{ "type": "Feature", "properties": { "index": 129, "handelsekod": "5000-K1282949-23", "kommunnamn": "Uppsala", "datum": "2023-10-12", "region": "Mitt", "polisomrade": "Uppsala", "deso": "0380A0080", "regso": "Uppsala inre norra omland", "antal": "1", "regsokod": "0380R035", "ts": 1697068800000, "uid": "60f0ff0b57", "month": "10", "year": "2023", "link": null, "source": "polis", "geo": true, "tatort": "Sydöstra Fullerö", "stadsdel": "Storvretabygden", "distrikt": "Gamla Uppsala", "plats": "Sydöstra Fullerö, Storvretabygden, Uppsala" }, "geometry": { "type": "Point", "coordinates": [ 17.681749117064157, 59.938717703734326 ] } },
{ "type": "Feature", "properties": { "index": 130, "handelsekod": "5000-K1293897-23", "kommunnamn": "Göteborg", "datum": "2023-10-15", "region": "Väst", "polisomrade": "Storgöteborg", "deso": "1480C3970", "regso": "Lövgärdet", "antal": "1", "regsokod": "1480R098", "ts": 1697328000000, "uid": "b697197ba2", "month": "10", "year": "2023", "link": "https://www.svt.se/nyheter/lokalt/vast/explosion-i-angered-ingen-skadad--gasdl2", "source": "polis", "geo": true, "tatort": "Nordöstra Göteborg", "stadsdel": "Lövgärdet", "distrikt": "Gunnared", "plats": "Lövgärdet, Nordöstra Göteborg, Göteborg" }, "geometry": { "type": "Point", "coordinates": [ 12.04106541076553, 57.808966694906502 ] } },
{ "type": "Feature", "properties": { "index": 131, "handelsekod": "5000-K1349710-23", "kommunnamn": "Nacka", "datum": "2023-10-26", "region": "Stockholm", "polisomrade": "Stockholm Syd", "deso": "0182C1500", "regso": "Orminge", "antal": "1", "regsokod": "0182R010", "ts": 1698278400000, "uid": "e42824ff8a", "month": "10", "year": "2023", "link": "https://www.svt.se/nyheter/lokalt/stockholm/larm-om-hog-small-i-nacka--4ok36j", "source": "polis", "geo": true, "tatort": "Stockholm", "stadsdel": "Rensättra", "distrikt": "Boo", "plats": "Rensättra, Nacka" }, "geometry": { "type": "Point", "coordinates": [ 18.268881328994585, 59.336367619347008 ] } },
{ "type": "Feature", "properties": { "index": 132, "handelsekod": "5000-K1422409-23", "kommunnamn": "Upplands-Bro", "datum": "2023-11-11", "region": "Stockholm", "polisomrade": "Stockholm Nord", "deso": "0139B2010", "regso": "Rosenängarna-Österhagen", "antal": "1", "regsokod": "0139R007", "ts": 1699660800000, "uid": "d6274d7a59", "month": "11", "year": "2023", "link": "https://www.svt.se/nyheter/lokalt/stockholm/explosion-vid-bostadshus-i-bro--e1encl", "source": "polis", "geo": true, "tatort": "Bro", "stadsdel": "Bro", "distrikt": "Bro", "plats": "Bro, Upplands-Bro" }, "geometry": { "type": "Point", "coordinates": [ 17.659605897805967, 59.508969862011256 ] } },
{ "type": "Feature", "properties": { "index": 133, "handelsekod": "5000-K1452979-23", "kommunnamn": "Linköping", "datum": "2023-11-18", "region": "Öst", "polisomrade": "Östergötland", "deso": "0580B2040", "regso": "Ljungsbro-Berg", "antal": "1", "regsokod": "0580R014", "ts": 1700265600000, "uid": "0c4a4a2dd4", "month": "11", "year": "2023", "link": "https://www.svt.se/nyheter/lokalt/ost/explosion-i-ljungsbro-i-linkoping--eanpza", "source": "polis", "geo": true, "tatort": "Ljungsbro", "stadsdel": null, "distrikt": "Vreta kloster", "plats": "Ljungsbro, Linköping" }, "geometry": { "type": "Point", "coordinates": [ 15.499881724668773, 58.501947686046293 ] } },
{ "type": "Feature", "properties": { "index": 134, "handelsekod": "5000-K1479430-23", "kommunnamn": "Klippan", "datum": "2023-11-24", "region": "Syd", "polisomrade": "Nordvästra Skåne", "deso": "1276C1010", "regso": "Solslätt-Pappersbruket", "antal": "1", "regsokod": "1276R004", "ts": 1700784000000, "uid": "a1e163c784", "month": "11", "year": "2023", "link": "https://www.svt.se/nyheter/lokalt/helsingborg/explosion-vid-flerfamiljehus-i-klippan--izlnx7", "source": "polis", "geo": true, "tatort": "Klippan", "stadsdel": null, "distrikt": "Klippan", "plats": "Klippan" }, "geometry": { "type": "Point", "coordinates": [ 13.128766003895858, 56.132377335736138 ] } },
{ "type": "Feature", "properties": { "index": 135, "handelsekod": "5000-K1518796-23", "kommunnamn": "Uppsala", "datum": "2023-12-02", "region": "Mitt", "polisomrade": "Uppsala", "deso": "0380B3030", "regso": "Bälinge-Lövstalöt", "antal": "1", "regsokod": "0380R004", "ts": 1701475200000, "uid": "2a4f7599c4", "month": "12", "year": "2023", "link": "https://www.svt.se/nyheter/lokalt/uppsala/larm-om-explosion-i-bostadsomrade-i-uppsala--0n4g0r", "source": "polis", "geo": true, "tatort": "Lövstalöt", "stadsdel": "Östra Bälingebygden", "distrikt": "Bälinge", "plats": "Lövstalöt, Östra Bälingebygden, Uppsala" }, "geometry": { "type": "Point", "coordinates": [ 17.582537147751708, 59.957149064274596 ] } },
{ "type": "Feature", "properties": { "index": 136, "handelsekod": "5000-K1551244-23", "kommunnamn": "Botkyrka", "datum": "2023-12-10", "region": "Stockholm", "polisomrade": "Stockholm Syd", "deso": "0127C1390", "regso": "Norsborg", "antal": "1", "regsokod": "0127R010", "ts": 1702166400000, "uid": "3ac3061493", "month": "12", "year": "2023", "link": null, "source": "polis", "geo": true, "tatort": "Stockholm", "stadsdel": "Tornet", "distrikt": "Botkyrka", "plats": "Tornet, Botkyrka" }, "geometry": { "type": "Point", "coordinates": [ 17.817211244558834, 59.248041984657704 ] } },
{ "type": "Feature", "properties": { "index": 137, "handelsekod": "5000-K1557916-23", "kommunnamn": "Lund", "datum": "2023-12-11", "region": "Syd", "polisomrade": "Södra Skåne", "deso": "1281C1010", "regso": "Råbyholm", "antal": "1", "regsokod": "1281R024", "ts": 1702252800000, "uid": "abb0df1fb3", "month": "12", "year": "2023", "link": null, "source": "polis", "geo": true, "tatort": "Lund", "stadsdel": null, "distrikt": "Lunds Helgeand", "plats": "Lund" }, "geometry": { "type": "Point", "coordinates": [ 13.186515027528488, 55.684369864749755 ] } },
{ "type": "Feature", "properties": { "index": 138, "handelsekod": "5000-K1558564-23", "kommunnamn": "Burlöv", "datum": "2023-12-12", "region": "Syd", "polisomrade": "Södra Skåne", "deso": "1231C1020", "regso": "Södra Arlöv", "antal": "1", "regsokod": "1231R004", "ts": 1702339200000, "uid": "9f79a0ea39", "month": "12", "year": "2023", "link": "https://www.svt.se/nyheter/lokalt/skane/explosion-i-bostadsomrade-utanfor-malmo--2q7xi4", "source": "polis", "geo": true, "tatort": "Malmö", "stadsdel": null, "distrikt": "Burlöv", "plats": "Burlöv, Malmö" }, "geometry": { "type": "Point", "coordinates": [ 13.068188056399281, 55.625177453147863 ] } },
{ "type": "Feature", "properties": { "index": 139, "handelsekod": "5000-K1568931-23", "kommunnamn": "Uppsala", "datum": "2023-12-14", "region": "Mitt", "polisomrade": "Uppsala", "deso": "0380C2090", "regso": "Norra Luthagen-Börjetull-Husbyborg", "antal": "1", "regsokod": "0380R019", "ts": 1702512000000, "uid": "e5ed4c56f7", "month": "12", "year": "2023", "link": "https://www.svt.se/nyheter/lokalt/uppsala/larm-om-hog-small-i-uppsala--gq017d", "source": "polis", "geo": true, "tatort": "Uppsala", "stadsdel": "Luthagen", "distrikt": "Uppsala Helga Trefaldighet", "plats": "Luthagen, Uppsala" }, "geometry": { "type": "Point", "coordinates": [ 17.608127928370632, 59.867920397089208 ] } },
{ "type": "Feature", "properties": { "index": 140, "handelsekod": "5000-K1638110-23", "kommunnamn": "Göteborg", "datum": "2023-12-31", "region": null, "polisomrade": null, "deso": "1480C3290", "regso": "Backa Röd", "antal": "1", "regsokod": "1480R006", "ts": 1703980800000, "uid": "db7fd95161", "month": "12", "year": "2023", "link": "https://www.svt.se/nyheter/lokalt/vast/explosion-vid-flerbostadshus-i-goteborg", "source": "polis", "geo": true, "tatort": "Göteborg", "stadsdel": "Backa", "distrikt": "Backa", "plats": "Backa, Göteborg" }, "geometry": { "type": "Point", "coordinates": [ 11.967726506217193, 57.743206029119406 ] } },
{ "type": "Feature", "properties": { "index": 141, "handelsekod": "5000-K3365-24", "kommunnamn": "Malmö", "datum": "2024-01-01", "region": "Syd", "polisomrade": "Malmö", "deso": "1280C1530", "regso": "RegSO-Heleneholm-Almhög", "antal": "1", "regsokod": "1280R026", "ts": 1704067200000, "uid": "c1b59a662d", "month": "01", "year": "2024", "link": null, "source": "polis", "geo": true, "tatort": "Malmö", "stadsdel": "Almhög", "distrikt": "Eriksfält", "plats": "Almhög, Malmö" }, "geometry": { "type": "Point", "coordinates": [ 13.023991277935266, 55.576558045423795 ] } },
{ "type": "Feature", "properties": { "index": 142, "handelsekod": "5000-K8118-24", "kommunnamn": "Mölndal", "datum": "2024-01-02", "region": "Väst", "polisomrade": "Storgöteborg", "deso": "1481C1310", "regso": "Bosgården", "antal": "1", "regsokod": "1481R004", "ts": 1704153600000, "uid": "54849ff2e2", "month": "01", "year": "2024", "link": "https://www.svt.se/nyheter/lokalt/vast/kraftig-explosion-i-lagenhetshus-i-molndal", "source": "polis", "geo": true, "tatort": "Göteborg", "stadsdel": null, "distrikt": "Fässberg", "plats": "Mölndal, Göteborg" }, "geometry": { "type": "Point", "coordinates": [ 12.014810857945774, 57.658096242181905 ] } },
{ "type": "Feature", "properties": { "index": 143, "handelsekod": "5000-K8698-24", "kommunnamn": "Hässleholm", "datum": "2024-01-03", "region": "Syd", "polisomrade": "Blekinge Nordöstra Skåne", "deso": "1293B7010", "regso": "Hästveda", "antal": "1", "regsokod": "1293R022", "ts": 1704240000000, "uid": "70ba85b310", "month": "01", "year": "2024", "link": null, "source": "polis", "geo": true, "tatort": "Hästveda", "stadsdel": null, "distrikt": "Hästveda", "plats": "Hästveda, Hässleholm" }, "geometry": { "type": "Point", "coordinates": [ 13.936904360068285, 56.286486010491565 ] } },
{ "type": "Feature", "properties": { "index": 144, "handelsekod": "5000-K22246-24", "kommunnamn": "Göteborg", "datum": "2024-01-06", "region": "Väst", "polisomrade": "Storgöteborg", "deso": "1480C1200", "regso": "Önnered", "antal": "1", "regsokod": "1480R146", "ts": 1704499200000, "uid": "0957ae9cb3", "month": "01", "year": "2024", "link": "https://www.svt.se/nyheter/lokalt/vast/polisen-gemensam-namnare-extra-starka-sprangningar", "source": "polis", "geo": true, "tatort": "Göteborg", "stadsdel": "Önnered", "distrikt": "Tynnered", "plats": "Önnered, Göteborg" }, "geometry": { "type": "Point", "coordinates": [ 11.887089727541859, 57.64521045080609 ] } },
{ "type": "Feature", "properties": { "index": 6, "handelsekod": "5000-K35345-24", "kommunnamn": null, "datum": "2024-01-09", "region": "Syd", "polisomrade": "Kalmar Kronoberg", "deso": null, "regso": null, "antal": "1", "regsokod": null, "ts": 1704758400000, "uid": "775c860bbc", "month": "01", "year": "2024", "link": null, "source": "polis", "geo": false, "tatort": null, "stadsdel": null, "distrikt": null, "plats": "Västervik, Kalmar Kronoberg" }, "geometry": null },
{ "type": "Feature", "properties": { "index": 7, "handelsekod": "5000-K33871-24", "kommunnamn": null, "datum": "2024-01-09", "region": "Syd", "polisomrade": "Kalmar Kronoberg", "deso": null, "regso": null, "antal": "1", "regsokod": null, "ts": 1704758400000, "uid": "5e2c692c43", "month": "01", "year": "2024", "link": null, "source": "polis", "geo": false, "tatort": null, "stadsdel": null, "distrikt": null, "plats": "Västervik, Kalmar Kronoberg" }, "geometry": null },
{ "type": "Feature", "properties": { "index": 145, "handelsekod": "5000-K35610-24", "kommunnamn": "Laholm", "datum": "2024-01-09", "region": "Väst", "polisomrade": "Halland", "deso": "1381C1010", "regso": "Laholm östra", "antal": "1", "regsokod": "1381R006", "ts": 1704758400000, "uid": "4ce3e0235b", "month": "01", "year": "2024", "link": null, "source": "polis", "geo": true, "tatort": "Laholm", "stadsdel": null, "distrikt": "Laholm", "plats": "Laholm" }, "geometry": { "type": "Point", "coordinates": [ 13.034375253602384, 56.504065453519402 ] } },
{ "type": "Feature", "properties": { "index": 146, "handelsekod": "5000-K37441-24", "kommunnamn": "Malmö", "datum": "2024-01-10", "region": "Syd", "polisomrade": "Malmö", "deso": "1280C1210", "regso": "RegSO-Lindängen", "antal": "1", "regsokod": "1280R045", "ts": 1704844800000, "uid": "9852394624", "month": "01", "year": "2024", "link": "https://www.svt.se/nyheter/lokalt/skane/kraftig-explosion-pa-balkong-i-malmo", "source": "polis", "geo": true, "tatort": "Malmö", "stadsdel": "Lindängen", "distrikt": "Fosie", "plats": "Lindängen, Malmö" }, "geometry": { "type": "Point", "coordinates": [ 13.015635849000059, 55.560193601770401 ] } },
{ "type": "Feature", "properties": { "index": 147, "handelsekod": "5000-K37472-24", "kommunnamn": "Tjörn", "datum": "2024-01-10", "region": "Väst", "polisomrade": "Fyrbodal", "deso": "1419B3010", "regso": "Tjörns omland", "antal": "1", "regsokod": "1419R005", "ts": 1704844800000, "uid": "f7c6967aba", "month": "01", "year": "2024", "link": "https://www.svt.se/nyheter/lokalt/vast/explosion-vid-villa-pa-tjorn", "source": "polis", "geo": true, "tatort": null, "stadsdel": null, "distrikt": "Klövedal", "plats": "Klövedal, Tjörn" }, "geometry": { "type": "Point", "coordinates": [ 11.583861890694147, 58.031860174981169 ] } },
{ "type": "Feature", "properties": { "index": 148, "handelsekod": "5000-K47232-24", "kommunnamn": "Sundsvall", "datum": "2024-01-12", "region": "Nord", "polisomrade": "Västernorrland", "deso": "2281C1140", "regso": "Nacksta", "antal": "1", "regsokod": "2281R019", "ts": 1705017600000, "uid": "040917f524", "month": "01", "year": "2024", "link": "https://www.svt.se/nyheter/lokalt/vasternorrland/man-gripen-efter-explosion-i-lagenhet", "source": "polis", "geo": true, "tatort": "Sundsvall och Timrå (preliminär)", "stadsdel": null, "distrikt": "Sundsvalls Gustav Adolf", "plats": "Sundsvall och Timrå (preliminär), Sundsvall" }, "geometry": { "type": "Point", "coordinates": [ 17.251209255388066, 62.390877752493225 ] } },
{ "type": "Feature", "properties": { "index": 12, "handelsekod": "5000-K52966-24", "kommunnamn": null, "datum": "2024-01-13", "region": "Väst", "polisomrade": "Koordinater saknas", "deso": null, "regso": null, "antal": "1", "regsokod": null, "ts": 1705104000000, "uid": "f4580aae2a", "month": "01", "year": "2024", "link": null, "source": "polis", "geo": false, "tatort": null, "stadsdel": null, "distrikt": null, "plats": "Koordinater saknas, Koordinater saknas" }, "geometry": null },
{ "type": "Feature", "properties": { "index": 149, "handelsekod": "5000-K52045-24", "kommunnamn": "Göteborg", "datum": "2024-01-13", "region": "Väst", "polisomrade": "Storgöteborg", "deso": "1480C1980", "regso": "Majorna Såggatan", "antal": "1", "regsokod": "1480R101", "ts": 1705104000000, "uid": "9c0bb44430", "month": "01", "year": "2024", "link": "https://www.svt.se/nyheter/lokalt/vast/port-skadad-i-explosion-i-goteborg", "source": "polis", "geo": true, "tatort": "Göteborg", "stadsdel": "Majorna", "distrikt": "Göteborgs Karl Johan", "plats": "Majorna, Göteborg" }, "geometry": { "type": "Point", "coordinates": [ 11.927317351743504, 57.692289636029493 ] } },
{ "type": "Feature", "properties": { "index": 150, "handelsekod": "5000-K119185-24", "kommunnamn": "Sandviken", "datum": "2024-01-29", "region": "Mitt", "polisomrade": "Gävleborg", "deso": "2181C1010", "regso": "Sandviken södra tätorten", "antal": "1", "regsokod": "2181R005", "ts": 1706486400000, "uid": "7696eebdcc", "month": "01", "year": "2024", "link": "https://www.svt.se/nyheter/lokalt/gavleborg/explosion-i-sandviken-polis-pa-plats", "source": "polis", "geo": true, "tatort": "Sandviken", "stadsdel": "Sätra", "distrikt": "Ovansjö", "plats": "Sätra, Sandviken" }, "geometry": { "type": "Point", "coordinates": [ 16.726899210758233, 60.600482501139993 ] } },
{ "type": "Feature", "properties": { "index": 15, "handelsekod": "5000-K139467-24", "kommunnamn": null, "datum": "2024-02-02", "region": "Stockholm", "polisomrade": "Stockholm Nord", "deso": null, "regso": null, "antal": "1", "regsokod": null, "ts": 1706832000000, "uid": "61692b59e9", "month": "02", "year": "2024", "link": null, "source": "polis", "geo": false, "tatort": null, "stadsdel": null, "distrikt": null, "plats": "Solna, Stockholm Nord" }, "geometry": null },
{ "type": "Feature", "properties": { "index": 151, "handelsekod": "5000-K141841-24", "kommunnamn": "Sundbyberg", "datum": "2024-02-02", "region": null, "polisomrade": null, "deso": "0183C1100", "regso": "Storskogen-Ör", "antal": "1", "regsokod": "0183R011", "ts": 1706832000000, "uid": "b04e932480", "month": "02", "year": "2024", "link": "https://www.svt.se/nyheter/lokalt/stockholm/gudruns-lagenhet-skadades-i-sprangningen-i-sundbyberg", "source": "polis", "geo": true, "tatort": "Stockholm", "stadsdel": "storskogen", "distrikt": "Sundbyberg", "plats": "storskogen, Sundbyberg" }, "geometry": { "type": "Point", "coordinates": [ 17.978651212623873, 59.368647431389576 ] } },
{ "type": "Feature", "properties": { "index": 16, "handelsekod": "5000-K144156-24", "kommunnamn": null, "datum": "2024-02-03", "region": "Stockholm", "polisomrade": "Stockholm Nord", "deso": null, "regso": null, "antal": "1", "regsokod": null, "ts": 1706918400000, "uid": "d5a0872853", "month": "02", "year": "2024", "link": null, "source": "polis", "geo": false, "tatort": null, "stadsdel": null, "distrikt": null, "plats": "Vällingby, Stockholm Nord" }, "geometry": null },
{ "type": "Feature", "properties": { "index": 17, "handelsekod": "5000-K147184-24", "kommunnamn": null, "datum": "2024-02-04", "region": "Mitt", "polisomrade": "Gävleborg", "deso": null, "regso": null, "antal": "1", "regsokod": null, "ts": 1707004800000, "uid": "1964365074", "month": "02", "year": "2024", "link": null, "source": "polis", "geo": false, "tatort": null, "stadsdel": null, "distrikt": null, "plats": "Gästrikland, Gävleborg" }, "geometry": null },
{ "type": "Feature", "properties": { "index": 18, "handelsekod": "5000-K149673-24", "kommunnamn": null, "datum": "2024-02-05", "region": "Stockholm", "polisomrade": "Stockholm Syd", "deso": null, "regso": null, "antal": "1", "regsokod": null, "ts": 1707091200000, "uid": "dcecc1d5a3", "month": "02", "year": "2024", "link": null, "source": "polis", "geo": false, "tatort": null, "stadsdel": null, "distrikt": null, "plats": "Haninge-Nynäshamn, Stockholm Syd" }, "geometry": null },
{ "type": "Feature", "properties": { "index": 20, "handelsekod": "5000-K155142-24", "kommunnamn": null, "datum": "2024-02-06", "region": "Väst", "polisomrade": "Fyrbodal", "deso": null, "regso": null, "antal": "1", "regsokod": null, "ts": 1707177600000, "uid": "30d32364ad", "month": "02", "year": "2024", "link": null, "source": "polis", "geo": false, "tatort": null, "stadsdel": null, "distrikt": null, "plats": "Östra Fyrbodal, Fyrbodal" }, "geometry": null },
{ "type": "Feature", "properties": { "index": 152, "handelsekod": "5000-K155187-24", "kommunnamn": "Strängnäs", "datum": "2024-02-06", "region": null, "polisomrade": null, "deso": "0486C1010", "regso": "Strängnäs södra", "antal": "1", "regsokod": "0486R010", "ts": 1707177600000, "uid": "9a9b447031", "month": "02", "year": "2024", "link": "https://www.svt.se/nyheter/lokalt/sormland/uppgifter-explosion-i-strangnas", "source": "polis", "geo": true, "tatort": "Strängnäs", "stadsdel": "Södra Strängnäs ", "distrikt": "Strängnäs domkyrkodistrikt", "plats": "Strängnäs, Södra Strängnäs" }, "geometry": { "type": "Point", "coordinates": [ 17.004538666145745, 59.361528176998107 ] } },
{ "type": "Feature", "properties": { "index": 21, "handelsekod": "5000-K211411-24", "kommunnamn": null, "datum": "2024-02-19", "region": "Stockholm", "polisomrade": "Stockholm Nord", "deso": null, "regso": null, "antal": "1", "regsokod": null, "ts": 1708300800000, "uid": "70d3a929e6", "month": "02", "year": "2024", "link": null, "source": "polis", "geo": false, "tatort": null, "stadsdel": null, "distrikt": null, "plats": "Solna, Stockholm Nord" }, "geometry": null },
{ "type": "Feature", "properties": { "index": 153, "handelsekod": "5000-K273001-24", "kommunnamn": "Stockholm", "datum": "2024-03-04", "region": null, "polisomrade": null, "deso": "0180C1120", "regso": "Fagersjö", "antal": "2", "regsokod": "0180R020", "ts": 1709510400000, "uid": "6f125937e6", "month": "03", "year": "2024", "link": "https://www.svt.se/nyheter/lokalt/stockholm/explosion-i-farsta", "source": "polis", "geo": true, "tatort": "Stockholm", "stadsdel": "Fagersjö ", "distrikt": "Farsta", "plats": "Fagersjö, Stockholm" }, "geometry": { "type": "Point", "coordinates": [ 18.060919816781833, 59.248527589207619 ] } },
{ "type": "Feature", "properties": { "index": 154, "handelsekod": "5000-K273320-24", "kommunnamn": "Lidingö", "datum": "2024-03-05", "region": "Stockholm", "polisomrade": "Stockholm City", "deso": "0186C1050", "regso": "Baggeby-Bodal-Larsberg", "antal": "1", "regsokod": "0186R001", "ts": 1709596800000, "uid": "db23a477ab", "month": "03", "year": "2024", "link": "https://www.svt.se/nyheter/lokalt/stockholm/explosion-vid-flerfamiljshus-pa-lidingo", "source": "polis", "geo": true, "tatort": "Lidingö", "stadsdel": "Larsberg", "distrikt": "Lidingö", "plats": "Larsberg, Lidingö" }, "geometry": { "type": "Point", "coordinates": [ 18.143221075697305, 59.349457964424801 ] } },
{ "type": "Feature", "properties": { "index": 155, "handelsekod": "5000-K278042-24", "kommunnamn": "Göteborg", "datum": "2024-03-06", "region": "Väst", "polisomrade": "Storgöteborg", "deso": "1480C1300", "regso": "Tofta", "antal": "1", "regsokod": "1480R138", "ts": 1709683200000, "uid": "4157d68952", "month": "03", "year": "2024", "link": "https://www.svt.se/nyheter/lokalt/vast/tva-detonationer-pa-samma-gata-i-goteborg", "source": "polis", "geo": true, "tatort": "Göteborg", "stadsdel": "Tofta", "distrikt": "Västra Frölunda", "plats": "Tofta, Göteborg" }, "geometry": { "type": "Point", "coordinates": [ 11.918353469598637, 57.650670602019709 ] } },
{ "type": "Feature", "properties": { "index": 156, "handelsekod": "5000-K282672-24", "kommunnamn": "Linköping", "datum": "2024-03-07", "region": "Öst", "polisomrade": "Östergötland", "deso": "0580C1290", "regso": "Vimanshäll", "antal": "1", "regsokod": "0580R029", "ts": 1709769600000, "uid": "2a6e762417", "month": "03", "year": "2024", "link": "https://www.svt.se/nyheter/lokalt/ost/explosion-vid-flerfamiljshus-i-linkoping", "source": "polis", "geo": true, "tatort": "Linköping", "stadsdel": "Johannelund", "distrikt": "Johannelund", "plats": "Johannelund, Linköping" }, "geometry": { "type": "Point", "coordinates": [ 15.652992224507591, 58.396283904395702 ] } },
{ "type": "Feature", "properties": { "index": 157, "handelsekod": "5000-K294669-24", "kommunnamn": "Göteborg", "datum": "2024-03-10", "region": "Väst", "polisomrade": "Storgöteborg", "deso": "1480C1032", "regso": "Billdal Skintebo", "antal": "1", "regsokod": "1480R017", "ts": 1710028800000, "uid": "c935a88533", "month": "03", "year": "2024", "link": null, "source": "polis", "geo": true, "tatort": "Göteborg", "stadsdel": "Billdal", "distrikt": "Askim", "plats": "Billdal, Göteborg" }, "geometry": { "type": "Point", "coordinates": [ 11.949222684391435, 57.596792356472186 ] } },
{ "type": "Feature", "properties": { "index": 158, "handelsekod": "5000-K331089-24", "kommunnamn": "Österåker", "datum": "2024-03-19", "region": "Stockholm", "polisomrade": "Stockholm Nord", "deso": "0117C1140", "regso": "Berga", "antal": "1", "regsokod": "0117R001", "ts": 1710806400000, "uid": "9151e4e456", "month": "03", "year": "2024", "link": "https://www.svt.se/nyheter/lokalt/stockholm/explosion-vid-flerfamiljshus-i-akersberga", "source": "polis", "geo": true, "tatort": "Åkersberga", "stadsdel": "Centrala Åkersberga", "distrikt": "Österåker-Östra Ryd", "plats": "Centrala Åkersberga, Åkersberga, Österåker" }, "geometry": { "type": "Point", "coordinates": [ 18.302769500813834, 59.486595788299283 ] } },
{ "type": "Feature", "properties": { "index": 159, "handelsekod": "5000-K349596-24", "kommunnamn": "Mjölby", "datum": "2024-03-23", "region": "Öst", "polisomrade": "Östergötland", "deso": "0586C1010", "regso": "Västra Lundby", "antal": "1", "regsokod": "0586R016", "ts": 1711152000000, "uid": "4392046996", "month": "03", "year": "2024", "link": "https://www.svt.se/nyheter/lokalt/ost/explosion-vid-fastighet-i-mjolby", "source": "polis", "geo": true, "tatort": "Mjölby", "stadsdel": null, "distrikt": "Mjölby", "plats": "Mjölby" }, "geometry": { "type": "Point", "coordinates": [ 15.115798424043147, 58.320893900158644 ] } },
{ "type": "Feature", "properties": { "index": 160, "handelsekod": "5000-K350003-24", "kommunnamn": "Mjölby", "datum": "2024-03-23", "region": "Öst", "polisomrade": "Östergötland", "deso": "0586C1050", "regso": "Mjölby östra", "antal": "1", "regsokod": "0586R004", "ts": 1711152000000, "uid": "da59aef0dc", "month": "03", "year": "2024", "link": "https://www.svt.se/nyheter/lokalt/ost/explosion-vid-fastighet-i-mjolby", "source": "polis", "geo": true, "tatort": "Mjölby", "stadsdel": null, "distrikt": "Mjölby", "plats": "Mjölby" }, "geometry": { "type": "Point", "coordinates": [ 15.134533360750247, 58.3227892709657 ] } },
{ "type": "Feature", "properties": { "index": 32, "handelsekod": "5000-K357309-24", "kommunnamn": null, "datum": "2024-03-25", "region": "Stockholm", "polisomrade": "Koordinater saknas", "deso": null, "regso": null, "antal": "1", "regsokod": null, "ts": 1711324800000, "uid": "b9a0d87ee8", "month": "03", "year": "2024", "link": null, "source": "polis", "geo": false, "tatort": null, "stadsdel": null, "distrikt": null, "plats": "Koordinater saknas, Koordinater saknas" }, "geometry": null },
{ "type": "Feature", "properties": { "index": 161, "handelsekod": "5000-K354968-24", "kommunnamn": "Norrköping", "datum": "2024-03-25", "region": "Öst", "polisomrade": "Östergötland", "deso": "0581C1070", "regso": "Sydvästra Hageby", "antal": "1", "regsokod": "0581R031", "ts": 1711324800000, "uid": "cb37f076d8", "month": "03", "year": "2024", "link": "https://www.svt.se/nyheter/lokalt/ost/kraftig-explosion-vid-bostadshus", "source": "polis", "geo": true, "tatort": "Norrköping", "stadsdel": "Hageby", "distrikt": "Norrköpings Sankt Johannes", "plats": "Hageby, Norrköping" }, "geometry": { "type": "Point", "coordinates": [ 16.210723220954684, 58.568111666121744 ] } },
{ "type": "Feature", "properties": { "index": 162, "handelsekod": "5000-K377376-24", "kommunnamn": "Österåker", "datum": "2024-03-30", "region": "Stockholm", "polisomrade": "Stockholm Nord", "deso": "0117C1140", "regso": "Berga", "antal": "1", "regsokod": "0117R001", "ts": 1711756800000, "uid": "a4b30d3a5a", "month": "03", "year": "2024", "link": "https://www.svt.se/nyheter/lokalt/stockholm/larm-om-kraftig-small-i-akersberga", "source": "polis", "geo": true, "tatort": "Åkersberga", "stadsdel": "Centrala Åkersberga", "distrikt": "Österåker-Östra Ryd", "plats": "Centrala Åkersberga, Åkersberga, Österåker" }, "geometry": { "type": "Point", "coordinates": [ 18.295518741659698, 59.48403997951074 ] } },
{ "type": "Feature", "properties": { "index": 163, "handelsekod": "5000-K377125-24", "kommunnamn": "Värnamo", "datum": "2024-03-30", "region": null, "polisomrade": null, "deso": "0683C1040", "regso": "Gröndal-Norregård", "antal": "1", "regsokod": "0683R005", "ts": 1711756800000, "uid": "7efaaab6a4", "month": "03", "year": "2024", "link": "https://www.svt.se/nyheter/lokalt/jonkoping/explosion-vid-lagenhetshus-i-varnamo", "source": "polis", "geo": true, "tatort": "Värnamo", "stadsdel": null, "distrikt": "Värnamo", "plats": "Värnamo" }, "geometry": { "type": "Point", "coordinates": [ 14.030331052747558, 57.183163823566083 ] } },
{ "type": "Feature", "properties": { "index": 35, "handelsekod": "5000-K403981-24", "kommunnamn": null, "datum": "2024-04-05", "region": "Syd", "polisomrade": "Nordvästra Skåne", "deso": null, "regso": null, "antal": "1", "regsokod": null, "ts": 1712275200000, "uid": "7adf4071a1", "month": "04", "year": "2024", "link": null, "source": "polis", "geo": false, "tatort": null, "stadsdel": null, "distrikt": null, "plats": "Ängelholm, Nordvästra Skåne" }, "geometry": null },
{ "type": "Feature", "properties": { "index": 36, "handelsekod": "5000-K423381-24", "kommunnamn": null, "datum": "2024-04-10", "region": "Öst", "polisomrade": "Östergötland", "deso": null, "regso": null, "antal": "1", "regsokod": null, "ts": 1712707200000, "uid": "2c4b2d4a9d", "month": "04", "year": "2024", "link": null, "source": "polis", "geo": false, "tatort": null, "stadsdel": null, "distrikt": null, "plats": "Norrköping, Östergötland" }, "geometry": null },
{ "type": "Feature", "properties": { "index": 37, "handelsekod": "5000-K428660-24", "kommunnamn": null, "datum": "2024-04-12", "region": "Bergslagen", "polisomrade": "Dalarna", "deso": null, "regso": null, "antal": "1", "regsokod": null, "ts": 1712880000000, "uid": "2f7405055e", "month": "04", "year": "2024", "link": null, "source": "polis", "geo": false, "tatort": null, "stadsdel": null, "distrikt": null, "plats": "Falun, Dalarna" }, "geometry": null },
{ "type": "Feature", "properties": { "index": 38, "handelsekod": "5000-K436484-24", "kommunnamn": null, "datum": "2024-04-14", "region": "Väst", "polisomrade": "Älvsborg", "deso": null, "regso": null, "antal": "1", "regsokod": null, "ts": 1713052800000, "uid": "515e449dbc", "month": "04", "year": "2024", "link": null, "source": "polis", "geo": false, "tatort": null, "stadsdel": null, "distrikt": null, "plats": "Borås, Älvsborg" }, "geometry": null },
{ "type": "Feature", "properties": { "index": 39, "handelsekod": "5000-K449828-24", "kommunnamn": null, "datum": "2024-04-17", "region": "Syd", "polisomrade": "Nordvästra Skåne", "deso": null, "regso": null, "antal": "1", "regsokod": null, "ts": 1713312000000, "uid": "2d5c1b8b46", "month": "04", "year": "2024", "link": null, "source": "polis", "geo": false, "tatort": null, "stadsdel": null, "distrikt": null, "plats": "Landskrona, Nordvästra Skåne" }, "geometry": null },
{ "type": "Feature", "properties": { "index": 40, "handelsekod": "5000-K454787-24", "kommunnamn": null, "datum": "2024-04-18", "region": "Väst", "polisomrade": "Storgöteborg", "deso": null, "regso": null, "antal": "1", "regsokod": null, "ts": 1713398400000, "uid": "d891cd3d93", "month": "04", "year": "2024", "link": null, "source": "polis", "geo": false, "tatort": null, "stadsdel": null, "distrikt": null, "plats": "Göteborg City, Storgöteborg" }, "geometry": null },
{ "type": "Feature", "properties": { "index": 41, "handelsekod": "5000-K454899-24", "kommunnamn": null, "datum": "2024-04-18", "region": "Syd", "polisomrade": "Södra Skåne", "deso": null, "regso": null, "antal": "1", "regsokod": null, "ts": 1713398400000, "uid": "b8bb25408c", "month": "04", "year": "2024", "link": null, "source": "polis", "geo": false, "tatort": null, "stadsdel": null, "distrikt": null, "plats": "Trelleborg, Södra Skåne" }, "geometry": null },
{ "type": "Feature", "properties": { "index": 42, "handelsekod": "5000-K465167-24", "kommunnamn": null, "datum": "2024-04-20", "region": "Syd", "polisomrade": "Nordvästra Skåne", "deso": null, "regso": null, "antal": "1", "regsokod": null, "ts": 1713571200000, "uid": "e5dd7d4765", "month": "04", "year": "2024", "link": null, "source": "polis", "geo": false, "tatort": null, "stadsdel": null, "distrikt": null, "plats": "Landskrona, Nordvästra Skåne" }, "geometry": null },
{ "type": "Feature", "properties": { "index": 43, "handelsekod": "5000-K470525-24", "kommunnamn": null, "datum": "2024-04-22", "region": "Väst", "polisomrade": "Älvsborg", "deso": null, "regso": null, "antal": "1", "regsokod": null, "ts": 1713744000000, "uid": "2edff09d4d", "month": "04", "year": "2024", "link": null, "source": "polis", "geo": false, "tatort": null, "stadsdel": null, "distrikt": null, "plats": "Borås, Älvsborg" }, "geometry": null },
{ "type": "Feature", "properties": { "index": 44, "handelsekod": "5000-K473800-24", "kommunnamn": null, "datum": "2024-04-22", "region": "Syd", "polisomrade": "Nordvästra Skåne", "deso": null, "regso": null, "antal": "1", "regsokod": null, "ts": 1713744000000, "uid": "26ee007be4", "month": "04", "year": "2024", "link": null, "source": "polis", "geo": false, "tatort": null, "stadsdel": null, "distrikt": null, "plats": "Helsingborg, Nordvästra Skåne" }, "geometry": null },
{ "type": "Feature", "properties": { "index": 164, "handelsekod": "5000-K535318-24", "kommunnamn": "Malmö", "datum": "2024-05-06", "region": "Syd", "polisomrade": "Malmö", "deso": "1280C2760", "regso": "RegSO-Kirseberg syd", "antal": "1", "regsokod": "1280R038", "ts": 1714953600000, "uid": "7844aa75f9", "month": "05", "year": "2024", "link": "https://www.svt.se/nyheter/lokalt/skane/explosion-i-bostadshus-i-malmo-ngxdzm", "source": "polis", "geo": true, "tatort": "Malmö", "stadsdel": "Kirsebergsstaden", "distrikt": "Kirseberg", "plats": "Kirsebergsstaden, Malmö" }, "geometry": { "type": "Point", "coordinates": [ 13.039327103066588, 55.606558135336108 ] } },
{ "type": "Feature", "properties": { "index": 165, "handelsekod": "5000-K535206-24", "kommunnamn": "Göteborg", "datum": "2024-05-06", "region": "Väst", "polisomrade": "Storgöteborg", "deso": "1480C2350", "regso": "Heden västra", "antal": "1", "regsokod": "1480R046", "ts": 1714953600000, "uid": "b836c7c567", "month": "05", "year": "2024", "link": "https://www.svt.se/nyheter/inrikes/explosion-i-centrala-goteborg-uahni6", "source": "polis", "geo": true, "tatort": "Göteborg", "stadsdel": "Heden", "distrikt": "Göteborgs Vasa", "plats": "Heden, Göteborg" }, "geometry": { "type": "Point", "coordinates": [ 11.983537601038018, 57.700293552677287 ] } },
{ "type": "Feature", "properties": { "index": 47, "handelsekod": "5000-K606609-24", "kommunnamn": null, "datum": "2024-05-21", "region": "Syd", "polisomrade": "Kalmar Kronoberg", "deso": null, "regso": null, "antal": "1", "regsokod": null, "ts": 1716249600000, "uid": "5d8701acc1", "month": "05", "year": "2024", "link": null, "source": "polis", "geo": false, "tatort": null, "stadsdel": null, "distrikt": null, "plats": "Koordinater saknas, Kalmar Kronoberg" }, "geometry": null },
{ "type": "Feature", "properties": { "index": 48, "handelsekod": "5000-K620583-24", "kommunnamn": null, "datum": "2024-05-23", "region": "Nord", "polisomrade": "Norrbotten", "deso": null, "regso": null, "antal": "1", "regsokod": null, "ts": 1716422400000, "uid": "40b6d22101", "month": "05", "year": "2024", "link": null, "source": "polis", "geo": false, "tatort": null, "stadsdel": null, "distrikt": null, "plats": "Luleå-Boden, Norrbotten" }, "geometry": null },
{ "type": "Feature", "properties": { "index": 166, "handelsekod": "5000-K631818-24", "kommunnamn": "Halmstad", "datum": "2024-05-26", "region": "Väst", "polisomrade": "Halland", "deso": "1380C1200", "regso": "Nyhem södra", "antal": "1", "regsokod": "1380R022", "ts": 1716681600000, "uid": "ed0e119f0f", "month": "05", "year": "2024", "link": "https://www.svt.se/nyheter/lokalt/halland/explosion-vid-flerbostadshus-i-halmstad", "source": "polis", "geo": true, "tatort": "Halmstad", "stadsdel": null, "distrikt": "Halmstads Martin Luther", "plats": "Halmstad" }, "geometry": { "type": "Point", "coordinates": [ 12.881963470682338, 56.668589024181429 ] } },
{ "type": "Feature", "properties": { "index": 167, "handelsekod": "5000-K649134-24", "kommunnamn": "Uppsala", "datum": "2024-05-29", "region": "Mitt", "polisomrade": "Uppsala", "deso": "0380C2040", "regso": "Västra Gränby", "antal": "1", "regsokod": "0380R048", "ts": 1716940800000, "uid": "21ccb35db5", "month": "05", "year": "2024", "link": null, "source": "polis", "geo": true, "tatort": "Uppsala", "stadsdel": "Gränby", "distrikt": "Vaksala", "plats": "Gränby, Uppsala" }, "geometry": { "type": "Point", "coordinates": [ 17.658331294078323, 59.871713036842344 ] } },
{ "type": "Feature", "properties": { "index": 51, "handelsekod": "5000-K730574-24", "kommunnamn": null, "datum": "2024-06-14", "region": "Väst", "polisomrade": "Halland", "deso": null, "regso": null, "antal": "1", "regsokod": null, "ts": 1718323200000, "uid": "59843bfb14", "month": "06", "year": "2024", "link": null, "source": "polis", "geo": false, "tatort": null, "stadsdel": null, "distrikt": null, "plats": "Falkenberg, Halland" }, "geometry": null },
{ "type": "Feature", "properties": { "index": 168, "handelsekod": "5000-K766176-24", "kommunnamn": "Stockholm", "datum": "2024-06-22", "region": "Stockholm", "polisomrade": "Stockholm Nord", "deso": "0180C6440", "regso": "Akalla", "antal": "1", "regsokod": "0180R002", "ts": 1719014400000, "uid": "dd67324a4c", "month": "06", "year": "2024", "link": "https://www.svt.se/nyheter/snabbkollen/skjutning-och-detonation-i-akalla", "source": "polis", "geo": true, "tatort": "Upplands Väsby och Sollentuna", "stadsdel": "Akalla ", "distrikt": "Kista", "plats": "Akalla, Upplands Väsby och Sollentuna, Stockholm" }, "geometry": { "type": "Point", "coordinates": [ 17.911796977569601, 59.41715511916798 ] } },
{ "type": "Feature", "properties": { "index": 169, "handelsekod": "5000-K883688-24", "kommunnamn": "Norrköping", "datum": "2024-07-18", "region": "Öst", "polisomrade": "Östergötland", "deso": "0581B2040", "regso": "Åby-Jursla-Landsbygd", "antal": "1", "regsokod": "0581R038", "ts": 1721260800000, "uid": "55c9dfa748", "month": "07", "year": "2024", "link": "https://www.svt.se/nyheter/lokalt/ost/misstankt-skottlossning-i-aby-utanfor-norrkoping", "source": "polis", "geo": true, "tatort": "Åby", "stadsdel": "Åby tätort", "distrikt": "Kvillinge", "plats": "Åby tätort, Åby, Norrköping" }, "geometry": { "type": "Point", "coordinates": [ 16.177353549189199, 58.66247742060775 ] } },
{ "type": "Feature", "properties": { "index": 170, "handelsekod": "5000-K887066-24", "kommunnamn": "Kristinehamn", "datum": "2024-07-19", "region": "Bergslagen", "polisomrade": "Värmland", "deso": "1781C1110", "regso": "Marielund-Jakobsberg-Östermalm", "antal": "1", "regsokod": "1781R008", "ts": 1721347200000, "uid": "af6a1fe3b3", "month": "07", "year": "2024", "link": "https://www.svt.se/nyheter/lokalt/varmland/kraftig-explosion-i-container-i-kristinehamn", "source": "polis", "geo": true, "tatort": "Kristinehamn", "stadsdel": null, "distrikt": "Kristinehamn", "plats": "Kristinehamn" }, "geometry": { "type": "Point", "coordinates": [ 14.129850332367479, 59.315630470567569 ] } },
{ "type": "Feature", "properties": { "index": 171, "handelsekod": "5000-K894806-24", "kommunnamn": "Kristinehamn", "datum": "2024-07-21", "region": "Bergslagen", "polisomrade": "Värmland", "deso": "1781C1080", "regso": "Bro", "antal": "1", "regsokod": "1781R002", "ts": 1721520000000, "uid": "0b89f743b3", "month": "07", "year": "2024", "link": null, "source": "polis", "geo": true, "tatort": "Kristinehamn", "stadsdel": null, "distrikt": "Kristinehamn", "plats": "Kristinehamn" }, "geometry": { "type": "Point", "coordinates": [ 14.110900561828831, 59.308202505443674 ] } },
{ "type": "Feature", "properties": { "index": 172, "handelsekod": "5000-K894592-24", "kommunnamn": "Karlstad", "datum": "2024-07-21", "region": "Bergslagen", "polisomrade": "Värmland", "deso": "1780C1290", "regso": "Färjestad-Järpetan-Rud sydvästra", "antal": "1", "regsokod": "1780R004", "ts": 1721520000000, "uid": "2e7c4290f5", "month": "07", "year": "2024", "link": "https://www.svt.se/nyheter/lokalt/varmland/bil-sprangd-i-karlstad", "source": "polis", "geo": true, "tatort": "Karlstad", "stadsdel": "Rud", "distrikt": "Norrstrand", "plats": "Rud, Karlstad" }, "geometry": { "type": "Point", "coordinates": [ 13.517911027527134, 59.404199036463147 ] } },
{ "type": "Feature", "properties": { "index": 173, "handelsekod": "5000-K897548-24", "kommunnamn": "Malmö", "datum": "2024-07-22", "region": "Syd", "polisomrade": "Malmö", "deso": "1280C2210", "regso": "RegSO-Bellevue-Nya Bellevue", "antal": "1", "regsokod": "1280R008", "ts": 1721606400000, "uid": "83ccd365c7", "month": "07", "year": "2024", "link": "https://www.svt.se/nyheter/lokalt/skane/detonation-i-trapphus-i-malmo", "source": "polis", "geo": true, "tatort": "Malmö", "stadsdel": "Nya Bellevue", "distrikt": "Slottsstaden", "plats": "Nya Bellevue, Malmö" }, "geometry": { "type": "Point", "coordinates": [ 12.961195749997719, 55.589493253692545 ] } },
{ "type": "Feature", "properties": { "index": 174, "handelsekod": "5000-K902584-24", "kommunnamn": "Södertälje", "datum": "2024-07-22", "region": "Stockholm", "polisomrade": "Stockholm Syd", "deso": "0181C1220", "regso": "Geneta norra-Bårsta västra", "antal": "1", "regsokod": "0181R007", "ts": 1721606400000, "uid": "9bceddedc1", "month": "07", "year": "2024", "link": "https://www.svt.se/nyheter/lokalt/sodertalje/detonation-i-butik-i-sodertalje", "source": "polis", "geo": true, "tatort": "Södertälje", "stadsdel": "Geneta", "distrikt": "Västertälje", "plats": "Geneta, Södertälje" }, "geometry": { "type": "Point", "coordinates": [ 17.588396743084491, 59.196606686478525 ] } },
{ "type": "Feature", "properties": { "index": 175, "handelsekod": "5000-K907676-24", "kommunnamn": "Gullspång", "datum": "2024-07-24", "region": "Väst", "polisomrade": "Skaraborg", "deso": "1447B2010", "regso": "Gullspång-Skagersvik", "antal": "1", "regsokod": "1447R003", "ts": 1721779200000, "uid": "b4f0e8d150", "month": "07", "year": "2024", "link": "https://www.svt.se/nyheter/lokalt/vast/explosion-pa-hisingen-i-goteborg", "source": "polis", "geo": true, "tatort": "Gullspång", "stadsdel": null, "distrikt": "Amnehärad", "plats": "Gullspång" }, "geometry": { "type": "Point", "coordinates": [ 14.095467559689112, 58.985665664864705 ] } },
{ "type": "Feature", "properties": { "index": 176, "handelsekod": "5000-K912084-24", "kommunnamn": "Sollentuna", "datum": "2024-07-24", "region": "Stockholm", "polisomrade": "Stockholm Nord", "deso": "0163C1210", "regso": "Landsnora-Kvarnskogen", "antal": "1", "regsokod": "0163R010", "ts": 1721779200000, "uid": "148a7bc1ab", "month": "07", "year": "2024", "link": "https://www.svt.se/nyheter/lokalt/stockholm/explosion-i-sollentuna-inga-skadade", "source": "polis", "geo": true, "tatort": "Upplands Väsby och Sollentuna", "stadsdel": "Östra Edsberg", "distrikt": "Sollentuna", "plats": "Östra Edsberg, Upplands Väsby och Sollentuna, Sollentuna" }, "geometry": { "type": "Point", "coordinates": [ 17.971594790192299, 59.443115276572698 ] } },
{ "type": "Feature", "properties": { "index": 177, "handelsekod": "5000-K907752-24", "kommunnamn": "Göteborg", "datum": "2024-07-24", "region": "Väst", "polisomrade": "Storgöteborg", "deso": "1480C2800", "regso": "Rambergsstaden östra", "antal": "1", "regsokod": "1480R116", "ts": 1721779200000, "uid": "12d81f7d7a", "month": "07", "year": "2024", "link": "https://www.svt.se/nyheter/lokalt/vast/explosion-pa-hisingen-i-goteborg", "source": "polis", "geo": true, "tatort": "Göteborg", "stadsdel": "Rambergsstaden", "distrikt": "Brämaregården", "plats": "Rambergsstaden, Göteborg" }, "geometry": { "type": "Point", "coordinates": [ 11.949837521827494, 57.717245171434179 ] } },
{ "type": "Feature", "properties": { "index": 178, "handelsekod": "5000-K911586-24", "kommunnamn": "Upplands Väsby", "datum": "2024-07-24", "region": "Stockholm", "polisomrade": "Stockholm Nord", "deso": "0114C1020", "regso": "Odenslunda södra-Bredden", "antal": "1", "regsokod": "0114R004", "ts": 1721779200000, "uid": "9602d8db4a", "month": "07", "year": "2024", "link": "https://www.svt.se/nyheter/lokalt/stockholm/foremal-har-detonerat-i-bostadshus-en-person-gripen", "source": "polis", "geo": true, "tatort": "Upplands Väsby och Sollentuna", "stadsdel": null, "distrikt": "Fresta", "plats": "Upplands Väsby och Sollentuna, Upplands Väsby" }, "geometry": { "type": "Point", "coordinates": [ 17.934579580596658, 59.499395720020765 ] } },
{ "type": "Feature", "properties": { "index": 179, "handelsekod": "5000-K921016-24", "kommunnamn": "Solna", "datum": "2024-07-27", "region": "Stockholm", "polisomrade": "Stockholm Nord", "deso": "0184C1240", "regso": "Södra Råsunda-Solna Business park", "antal": "1", "regsokod": "0184R020", "ts": 1722038400000, "uid": "7874eff7ca", "month": "07", "year": "2024", "link": "https://www.svt.se/nyheter/lokalt/stockholm/tonaring-anhallen-efter-explosion-i-solna", "source": "polis", "geo": true, "tatort": "Stockholm", "stadsdel": "Råsunda", "distrikt": "Råsunda", "plats": "Råsunda, Solna" }, "geometry": { "type": "Point", "coordinates": [ 17.984019150472808, 59.362092573688997 ] } },
{ "type": "Feature", "properties": { "index": 180, "handelsekod": "5000-K924238-24", "kommunnamn": "Värnamo", "datum": "2024-07-28", "region": "Öst", "polisomrade": "Jönköping", "deso": "0683C1020", "regso": "Centrum-Apladalen", "antal": "1", "regsokod": "0683R003", "ts": 1722124800000, "uid": "f784dd1d08", "month": "07", "year": "2024", "link": "https://www.svt.se/nyheter/lokalt/jonkoping/sprangning-i-bostadsomrade-i-gislaved", "source": "polis", "geo": true, "tatort": "Värnamo", "stadsdel": null, "distrikt": "Värnamo", "plats": "Värnamo" }, "geometry": { "type": "Point", "coordinates": [ 14.057298233776788, 57.181943838371105 ] } },
{ "type": "Feature", "properties": { "index": 181, "handelsekod": "5000-K924065-24", "kommunnamn": "Gislaved", "datum": "2024-07-28", "region": "Öst", "polisomrade": "Jönköping", "deso": "0662C1060", "regso": "Gislaved södra", "antal": "1", "regsokod": "0662R007", "ts": 1722124800000, "uid": "473ea8003d", "month": "07", "year": "2024", "link": "https://www.svt.se/nyheter/lokalt/jonkoping/sprangning-i-bostadsomrade-i-gislaved", "source": "polis", "geo": true, "tatort": "Gislaved", "stadsdel": null, "distrikt": "Gislaved", "plats": "Gislaved" }, "geometry": { "type": "Point", "coordinates": [ 13.540840491779152, 57.296741854393623 ] } },
{ "type": "Feature", "properties": { "index": 182, "handelsekod": "5000-K942290-24", "kommunnamn": "Hässleholm", "datum": "2024-08-01", "region": "Syd", "polisomrade": "Blekinge Nordöstra Skåne", "deso": "1293C1010", "regso": "Hässleholm-Stattena", "antal": "1", "regsokod": "1293R020", "ts": 1722470400000, "uid": "07d17503f9", "month": "08", "year": "2024", "link": "https://www.svt.se/nyheter/lokalt/skane/explosion-vid-port-i-hassleholm-cpiddg", "source": "polis", "geo": true, "tatort": "Hässleholm", "stadsdel": "Stattena", "distrikt": "Hässleholm", "plats": "Stattena, Hässleholm" }, "geometry": { "type": "Point", "coordinates": [ 13.767931698328653, 56.153563374881756 ] } },
{ "type": "Feature", "properties": { "index": 183, "handelsekod": "5000-K955069-24", "kommunnamn": "Färgelanda", "datum": "2024-08-04", "region": "Väst", "polisomrade": "Fyrbodal", "deso": "1439C1020", "regso": "Färgelanda södra", "antal": "1", "regsokod": "1439R002", "ts": 1722729600000, "uid": "d0ce2a6631", "month": "08", "year": "2024", "link": null, "source": "polis", "geo": true, "tatort": "Färgelanda", "stadsdel": null, "distrikt": "Färgelanda", "plats": "Färgelanda" }, "geometry": { "type": "Point", "coordinates": [ 11.984879535007591, 58.574776365031788 ] } },
{ "type": "Feature", "properties": { "index": 1, "handelsekod": "svt_9665a08a26", "kommunnamn": "Malmö", "datum": "2024-08-05", "region": null, "polisomrade": null, "deso": "1280C1450", "regso": "RegSO-Jägersro öst-Stenkällan", "antal": "1", "regsokod": "1280R036", "ts": 1722816000000, "uid": "8b231744ff", "month": "08", "year": "2024", "link": "https://www.svt.se/nyheter/lokalt/skane/larm-om-hog-small-i-malmo-en-ford-till-sjukhus", "source": "svt", "geo": true, "tatort": "Malmö", "stadsdel": "Jägersro Villastad", "distrikt": "Husie", "plats": "Jägersro, Malmö" }, "geometry": { "type": "Point", "coordinates": [ 13.067970378546534, 55.575351091582874 ] } },
{ "type": "Feature", "properties": { "index": 184, "handelsekod": "5000-K962696-24", "kommunnamn": "Linköping", "datum": "2024-08-05", "region": null, "polisomrade": null, "deso": "0580C1300", "regso": "Ramshäll", "antal": "1", "regsokod": "0580R016", "ts": 1722816000000, "uid": "0ac5d50f88", "month": "08", "year": "2024", "link": "https://www.svt.se/nyheter/lokalt/ost/explosion-i-linkoping", "source": "polis", "geo": true, "tatort": "Linköping", "stadsdel": "Vimanshäll", "distrikt": "Berga", "plats": "Vimanshäll, Linköping" }, "geometry": { "type": "Point", "coordinates": [ 15.63928627602923, 58.398098258988121 ] } },
{ "type": "Feature", "properties": { "index": 185, "handelsekod": "5000-K962754-24", "kommunnamn": "Växjö", "datum": "2024-08-06", "region": "Syd", "polisomrade": "Kalmar Kronoberg", "deso": "0780C1300", "regso": "Hovshaga", "antal": "1", "regsokod": "0780R006", "ts": 1722902400000, "uid": "3f759541e2", "month": "08", "year": "2024", "link": null, "source": "polis", "geo": true, "tatort": "Växjö", "stadsdel": "Hovshaga", "distrikt": "Växjö Maria", "plats": "Hovshaga, Växjö" }, "geometry": { "type": "Point", "coordinates": [ 14.795725152325199, 56.90807762854849 ] } },
{ "type": "Feature", "properties": { "index": 186, "handelsekod": "5000-K962847-24", "kommunnamn": "Växjö", "datum": "2024-08-06", "region": "Syd", "polisomrade": "Kalmar Kronoberg", "deso": "0780C1290", "regso": "Hovshaga", "antal": "1", "regsokod": "0780R006", "ts": 1722902400000, "uid": "44318d0c3b", "month": "08", "year": "2024", "link": null, "source": "polis", "geo": true, "tatort": "Växjö", "stadsdel": "Hovshaga", "distrikt": "Växjö Maria", "plats": "Hovshaga, Växjö" }, "geometry": { "type": "Point", "coordinates": [ 14.790923459277325, 56.903548440522407 ] } },
{ "type": "Feature", "properties": { "index": 187, "handelsekod": "5000-K998590-24", "kommunnamn": "Växjö", "datum": "2024-08-14", "region": "Syd", "polisomrade": "Kalmar Kronoberg", "deso": "0780C1300", "regso": "Hovshaga", "antal": "1", "regsokod": "0780R006", "ts": 1723593600000, "uid": "0d5ff261e3", "month": "08", "year": "2024", "link": null, "source": "polis", "geo": true, "tatort": "Växjö", "stadsdel": "Hovshaga", "distrikt": "Växjö Maria", "plats": "Hovshaga, Växjö" }, "geometry": { "type": "Point", "coordinates": [ 14.80062456274195, 56.909015196940828 ] } },
{ "type": "Feature", "properties": { "index": 188, "handelsekod": "5000-K1045714-24", "kommunnamn": "Alingsås", "datum": "2024-08-24", "region": "Väst", "polisomrade": "Älvsborg", "deso": "1489C1070", "regso": "Nygård-Stockslycke", "antal": "1", "regsokod": "1489R018", "ts": 1724457600000, "uid": "f4faba21ad", "month": "08", "year": "2024", "link": null, "source": "polis", "geo": true, "tatort": "Alingsås", "stadsdel": null, "distrikt": "Alingsås", "plats": "Alingsås" }, "geometry": { "type": "Point", "coordinates": [ 12.551484147349239, 57.917448664813769 ] } },
{ "type": "Feature", "properties": { "index": 189, "handelsekod": "5000-K1046031-24", "kommunnamn": "Helsingborg", "datum": "2024-08-24", "region": "Syd", "polisomrade": "Nordvästra Skåne", "deso": "1283C1240", "regso": "Söder-Oceanhamnen-Oljehamnen", "antal": "1", "regsokod": "1283R026", "ts": 1724457600000, "uid": "d77ed9e444", "month": "08", "year": "2024", "link": "https://www.svt.se/nyheter/lokalt/helsingborg/explosion-i-trapphus-i-helsingborg", "source": "polis", "geo": true, "tatort": "Helsingborg", "stadsdel": "Söder", "distrikt": "Helsingborgs Gustav Adolf", "plats": "Söder, Helsingborg" }, "geometry": { "type": "Point", "coordinates": [ 12.701871280937677, 56.038809082273694 ] } },
{ "type": "Feature", "properties": { "index": 190, "handelsekod": "5000-K1056591-24", "kommunnamn": "Norrköping", "datum": "2024-08-27", "region": "Öst", "polisomrade": "Östergötland", "deso": "0581C1110", "regso": "Västra Klockaretorpet", "antal": "1", "regsokod": "0581R037", "ts": 1724716800000, "uid": "5ba1b95432", "month": "08", "year": "2024", "link": "https://www.svt.se/nyheter/lokalt/ost/explosion-i-norrkoping-fonsterrutor-krossade", "source": "polis", "geo": true, "tatort": "Norrköping", "stadsdel": "Klockaretorpet", "distrikt": "Borg", "plats": "Klockaretorpet, Norrköping" }, "geometry": { "type": "Point", "coordinates": [ 16.130026136892912, 58.575522393760401 ] } },
{ "type": "Feature", "properties": { "index": 191, "handelsekod": "5000-K1072677-24", "kommunnamn": "Malmö", "datum": "2024-08-30", "region": "Syd", "polisomrade": "Malmö", "deso": "1280C2400", "regso": "RegSO-Rådmansvången", "antal": "1", "regsokod": "1280R059", "ts": 1724976000000, "uid": "4721c5c29e", "month": "08", "year": "2024", "link": "https://www.svt.se/nyheter/lokalt/skane/explosion-utanfor-restaurang-i-malmo-4a4aqv", "source": "polis", "geo": true, "tatort": "Malmö", "stadsdel": "Rådmansvången", "distrikt": "Malmö Sankt Johannes", "plats": "Rådmansvången, Malmö" }, "geometry": { "type": "Point", "coordinates": [ 13.008270710341073, 55.5968673018182 ] } },
{ "type": "Feature", "properties": { "index": 78, "handelsekod": "5000-K1092643-24", "kommunnamn": null, "datum": "2024-09-03", "region": "Stockholm", "polisomrade": "Koordinater saknas", "deso": null, "regso": null, "antal": "1", "regsokod": null, "ts": 1725321600000, "uid": "35331506a0", "month": "09", "year": "2024", "link": null, "source": "polis", "geo": false, "tatort": null, "stadsdel": null, "distrikt": null, "plats": "Koordinater saknas, Koordinater saknas" }, "geometry": null },
{ "type": "Feature", "properties": { "index": 192, "handelsekod": "5000-K1088798-24", "kommunnamn": "Kristianstad", "datum": "2024-09-03", "region": "Syd", "polisomrade": "Blekinge Nordöstra Skåne", "deso": "1290C1130", "regso": "Östermalm", "antal": "1", "regsokod": "1290R022", "ts": 1725321600000, "uid": "33ec6227f9", "month": "09", "year": "2024", "link": "https://www.svt.se/nyheter/lokalt/skane/explosion-vid-port-i-kristianstad", "source": "polis", "geo": true, "tatort": "Kristianstad", "stadsdel": "Östermalm", "distrikt": "Kristianstads Heliga Trefaldighet", "plats": "Östermalm, Kristianstad" }, "geometry": { "type": "Point", "coordinates": [ 14.162570732591261, 56.032789170478217 ] } },
{ "type": "Feature", "properties": { "index": 193, "handelsekod": "5000-K1090311-24", "kommunnamn": "Göteborg", "datum": "2024-09-03", "region": "Väst", "polisomrade": "Storgöteborg", "deso": "1480C1800", "regso": "Krokslätt norra", "antal": "1", "regsokod": "1480R071", "ts": 1725321600000, "uid": "7d04940ed9", "month": "09", "year": "2024", "link": null, "source": "polis", "geo": true, "tatort": "Göteborg", "stadsdel": "Krokslätt", "distrikt": "Johanneberg", "plats": "Krokslätt, Göteborg" }, "geometry": { "type": "Point", "coordinates": [ 11.988205818260028, 57.687852246992655 ] } },
{ "type": "Feature", "properties": { "index": 194, "handelsekod": "5000-K1105021-24", "kommunnamn": "Jönköping", "datum": "2024-09-06", "region": "Öst", "polisomrade": "Jönköping", "deso": "0680C1270", "regso": "Liljeholmen-Västra Rosenlund", "antal": "1", "regsokod": "0680R019", "ts": 1725580800000, "uid": "808bb92c23", "month": "09", "year": "2024", "link": "https://www.svt.se/nyheter/lokalt/jonkoping/explosion-vid-gatukok-i-jonkoping", "source": "polis", "geo": true, "tatort": "Jönköping", "stadsdel": "Jönköping", "distrikt": "Jönköpings Kristina", "plats": "Jönköping" }, "geometry": { "type": "Point", "coordinates": [ 14.201700375795665, 57.778391153515955 ] } },
{ "type": "Feature", "properties": { "index": 195, "handelsekod": "5000-K1110205-24", "kommunnamn": "Malmö", "datum": "2024-09-07", "region": "Syd", "polisomrade": "Malmö", "deso": "1280C2220", "regso": "RegSO-Möllevången öst", "antal": "1", "regsokod": "1280R052", "ts": 1725667200000, "uid": "31ac0fc365", "month": "09", "year": "2024", "link": "https://www.svt.se/nyheter/lokalt/skane/explosion-i-malmo-mlzmlr", "source": "polis", "geo": true, "tatort": "Malmö", "stadsdel": "Möllevången", "distrikt": "Möllevången", "plats": "Möllevången, Malmö" }, "geometry": { "type": "Point", "coordinates": [ 13.016447443551744, 55.593459427373972 ] } },
{ "type": "Feature", "properties": { "index": 196, "handelsekod": "5000-K1110365-24", "kommunnamn": "Lund", "datum": "2024-09-07", "region": "Syd", "polisomrade": "Södra Skåne", "deso": "1281C1070", "regso": "Arenan-Klostergården", "antal": "1", "regsokod": "1281R002", "ts": 1725667200000, "uid": "4814e7d600", "month": "09", "year": "2024", "link": "https://www.svt.se/nyheter/lokalt/skane/explosion-i-entre-till-fastighet-i-lund", "source": "polis", "geo": true, "tatort": "Lund", "stadsdel": null, "distrikt": "Lunds Helgeand", "plats": "Lund" }, "geometry": { "type": "Point", "coordinates": [ 13.181209325416949, 55.692343146136395 ] } },
{ "type": "Feature", "properties": { "index": 197, "handelsekod": "5000-K1131742-24", "kommunnamn": "Stockholm", "datum": "2024-09-11", "region": "Stockholm", "polisomrade": "Stockholm Nord", "deso": "0180C5720", "regso": "Vällingby", "antal": "1", "regsokod": "0180R109", "ts": 1726012800000, "uid": "dc1bb07df3", "month": "09", "year": "2024", "link": "https://www.svt.se/nyheter/lokalt/stockholm/larm-om-explosion-i-trapphus", "source": "polis", "geo": true, "tatort": "Stockholm", "stadsdel": "Vällingby ", "distrikt": "Vällingby", "plats": "Vällingby, Stockholm" }, "geometry": { "type": "Point", "coordinates": [ 17.866286004332096, 59.364005817721846 ] } },
{ "type": "Feature", "properties": { "index": 198, "handelsekod": "5000-K1186991-24", "kommunnamn": "Nynäshamn", "datum": "2024-09-24", "region": "Stockholm", "polisomrade": "Stockholm Syd", "deso": "0192C1020", "regso": "Nynäshamns stad-södra", "antal": "1", "regsokod": "0192R003", "ts": 1727136000000, "uid": "0a8675ecab", "month": "09", "year": "2024", "link": "https://www.svt.se/nyheter/lokalt/stockholm/explosion-i-nynashamn-inga-skadade", "source": "polis", "geo": true, "tatort": null, "stadsdel": "Trehörningen", "distrikt": "Nynäshamn", "plats": "Trehörningen, Nynäshamn" }, "geometry": { "type": "Point", "coordinates": [ 17.944033022832308, 58.893111744751167 ] } },
{ "type": "Feature", "properties": { "index": 199, "handelsekod": "5000-K1218682-24", "kommunnamn": "Malmö", "datum": "2024-10-01", "region": "Syd", "polisomrade": "Malmö", "deso": "1280C1890", "regso": "RegSO-Persborg-Törnrosen", "antal": "1", "regsokod": "1280R056", "ts": 1727740800000, "uid": "b3cb3273b4", "month": "10", "year": "2024", "link": null, "source": "polis", "geo": true, "tatort": "Malmö", "stadsdel": "Törnrosen", "distrikt": "Sofielund", "plats": "Törnrosen, Malmö" }, "geometry": { "type": "Point", "coordinates": [ 13.029692067756258, 55.585673105944316 ] } },
{ "type": "Feature", "properties": { "index": 200, "handelsekod": "5000-K1218758-24", "kommunnamn": "Stockholm", "datum": "2024-10-01", "region": "Stockholm", "polisomrade": "Stockholm Syd", "deso": "0180C2200", "regso": "Gamla Enskede", "antal": "1", "regsokod": "0180R025", "ts": 1727740800000, "uid": "3785f8c295", "month": "10", "year": "2024", "link": "https://www.svt.se/nyheter/lokalt/stockholm/port-sprangd-i-enskededalen", "source": "polis", "geo": true, "tatort": "Stockholm", "stadsdel": "Gamla Enskede ", "distrikt": "Enskede", "plats": "Gamla Enskede, Stockholm" }, "geometry": { "type": "Point", "coordinates": [ 18.096780461555948, 59.286524361641213 ] } },
{ "type": "Feature", "properties": { "index": 201, "handelsekod": "5000-K1229372-24", "kommunnamn": "Stockholm", "datum": "2024-10-03", "region": "Stockholm", "polisomrade": "Stockholm Nord", "deso": "0180C6250", "regso": "Tensta", "antal": "1", "regsokod": "0180R102", "ts": 1727913600000, "uid": "1db67c28c5", "month": "10", "year": "2024", "link": "https://www.svt.se/nyheter/lokalt/stockholm/explosion-i-tensta-i-stockholm", "source": "polis", "geo": true, "tatort": "Stockholm", "stadsdel": "Tensta ", "distrikt": "Spånga", "plats": "Tensta, Stockholm" }, "geometry": { "type": "Point", "coordinates": [ 17.894741093598263, 59.397674657308706 ] } },
{ "type": "Feature", "properties": { "index": 202, "handelsekod": "5000-K1234309-24", "kommunnamn": "Partille", "datum": "2024-10-04", "region": "Väst", "polisomrade": "Storgöteborg", "deso": "1402C1152", "regso": "Partille centrum", "antal": "1", "regsokod": "1402R010", "ts": 1728000000000, "uid": "93bd0e6097", "month": "10", "year": "2024", "link": "https://www.svt.se/nyheter/lokalt/vast/explosion-vid-bostadshus-i-partille", "source": "polis", "geo": true, "tatort": "Göteborg", "stadsdel": null, "distrikt": "Partille", "plats": "Partille, Göteborg" }, "geometry": { "type": "Point", "coordinates": [ 12.120474040993271, 57.740306897896438 ] } },
{ "type": "Feature", "properties": { "index": 203, "handelsekod": "5000-K1234604-24", "kommunnamn": "Göteborg", "datum": "2024-10-04", "region": "Väst", "polisomrade": "Storgöteborg", "deso": "1480C3830", "regso": "Angered centrum-Agnesberg", "antal": "1", "regsokod": "1480R001", "ts": 1728000000000, "uid": "3f20459dc5", "month": "10", "year": "2024", "link": "https://www.svt.se/nyheter/lokalt/vast/larm-om-explosion-i-angered-i-goteborg", "source": "polis", "geo": true, "tatort": "Nordöstra Göteborg", "stadsdel": "Angereds centrum", "distrikt": "Gunnared", "plats": "Angereds centrum, Nordöstra Göteborg, Göteborg" }, "geometry": { "type": "Point", "coordinates": [ 12.054119306705894, 57.796772236026939 ] } },
{ "type": "Feature", "properties": { "index": 204, "handelsekod": "5000-K1239250-24", "kommunnamn": "Sigtuna", "datum": "2024-10-05", "region": "Stockholm", "polisomrade": "Stockholm Nord", "deso": "0191C1040", "regso": "Östra Valsta", "antal": "1", "regsokod": "0191R024", "ts": 1728086400000, "uid": "16b506d6c1", "month": "10", "year": "2024", "link": "https://www.svt.se/nyheter/lokalt/stockholm/explosion-i-marsta-inga-skadade", "source": "polis", "geo": true, "tatort": "Märsta", "stadsdel": null, "distrikt": "Valsta", "plats": "Märsta, Sigtuna" }, "geometry": { "type": "Point", "coordinates": [ 17.83395362180422, 59.617721609650964 ] } },
{ "type": "Feature", "properties": { "index": 205, "handelsekod": "5000-K1241800-24", "kommunnamn": "Stockholm", "datum": "2024-10-06", "region": "Stockholm", "polisomrade": "Stockholm Nord", "deso": "0180C6250", "regso": "Tensta", "antal": "1", "regsokod": "0180R102", "ts": 1728172800000, "uid": "9b135d9eff", "month": "10", "year": "2024", "link": null, "source": "polis", "geo": true, "tatort": "Stockholm", "stadsdel": "Tensta ", "distrikt": "Spånga", "plats": "Tensta, Stockholm" }, "geometry": { "type": "Point", "coordinates": [ 17.894005125019351, 59.39792161475102 ] } },
{ "type": "Feature", "properties": { "index": 206, "handelsekod": "5000-K1249703-24", "kommunnamn": "Sigtuna", "datum": "2024-10-08", "region": "Stockholm", "polisomrade": "Stockholm Nord", "deso": "0191A0030", "regso": "Odensala-Arlanda omland", "antal": "1", "regsokod": "0191R010", "ts": 1728345600000, "uid": "1dc863a454", "month": "10", "year": "2024", "link": null, "source": "polis", "geo": true, "tatort": null, "stadsdel": null, "distrikt": "Husby-Ärlinghundra och Odensala", "plats": "Husby-Ärlinghundra och Odensala, Sigtuna" }, "geometry": { "type": "Point", "coordinates": [ 17.89150073125035, 59.631184943535558 ] } },
{ "type": "Feature", "properties": { "index": 207, "handelsekod": "5000-K1276151-24", "kommunnamn": "Huddinge", "datum": "2024-10-14", "region": "Stockholm", "polisomrade": "Stockholm Syd", "deso": "0126C1590", "regso": "Segeltorp", "antal": "1", "regsokod": "0126R011", "ts": 1728864000000, "uid": "8bd14b3516", "month": "10", "year": "2024", "link": "https://www.svt.se/nyheter/lokalt/stockholm/explosion-i-huddinge", "source": "polis", "geo": true, "tatort": "Stockholm", "stadsdel": "Smista-Juringe", "distrikt": "Huddinge Sankt Mikael", "plats": "Smista-Juringe, Huddinge" }, "geometry": { "type": "Point", "coordinates": [ 17.929719963103544, 59.281274674887243 ] } },
{ "type": "Feature", "properties": { "index": 208, "handelsekod": "5000-K1286917-24", "kommunnamn": "Stockholm", "datum": "2024-10-15", "region": "Stockholm", "polisomrade": "Stockholm Syd", "deso": "0180C1400", "regso": "Gubbängen", "antal": "1", "regsokod": "0180R028", "ts": 1728950400000, "uid": "5b1694d4df", "month": "10", "year": "2024", "link": "https://www.svt.se/nyheter/lokalt/stockholm/uppgifter-om-explosion-i-sodra-stockholm", "source": "polis", "geo": true, "tatort": "Stockholm", "stadsdel": "Gubbängen ", "distrikt": "Farsta", "plats": "Gubbängen, Stockholm" }, "geometry": { "type": "Point", "coordinates": [ 18.084643171442028, 59.262491308772084 ] } },
{ "type": "Feature", "properties": { "index": 209, "handelsekod": "5000-K1295677-24", "kommunnamn": "Vellinge", "datum": "2024-10-17", "region": "Syd", "polisomrade": "Södra Skåne", "deso": "1233C1040", "regso": "Vellinge norra-Asklunda-Eskilstorp", "antal": "1", "regsokod": "1233R010", "ts": 1729123200000, "uid": "7ef8e0f342", "month": "10", "year": "2024", "link": null, "source": "polis", "geo": true, "tatort": "Vellinge", "stadsdel": null, "distrikt": "Eskilstorp", "plats": "Vellinge" }, "geometry": { "type": "Point", "coordinates": [ 13.016672789153853, 55.47844615985597 ] } },
{ "type": "Feature", "properties": { "index": 210, "handelsekod": "5000-K1327455-24", "kommunnamn": "Vellinge", "datum": "2024-10-25", "region": "Syd", "polisomrade": "Södra Skåne", "deso": "1233C1040", "regso": "Vellinge norra-Asklunda-Eskilstorp", "antal": "1", "regsokod": "1233R010", "ts": 1729814400000, "uid": "08243dc330", "month": "10", "year": "2024", "link": "https://www.svt.se/nyheter/lokalt/skane/larm-om-explosion-vid-bostad-i-vellinge", "source": "polis", "geo": true, "tatort": "Vellinge", "stadsdel": null, "distrikt": "Eskilstorp", "plats": "Vellinge" }, "geometry": { "type": "Point", "coordinates": [ 13.017270955499042, 55.478480555626646 ] } },
{ "type": "Feature", "properties": { "index": 211, "handelsekod": "5000-K1347730-24", "kommunnamn": "Malmö", "datum": "2024-10-29", "region": "Syd", "polisomrade": "Malmö", "deso": "1280C1280", "regso": "RegSO-Svågertorp-Lindeborg", "antal": "1", "regsokod": "1280R069", "ts": 1730160000000, "uid": "f22246053b", "month": "10", "year": "2024", "link": "https://www.svt.se/nyheter/lokalt/skane/explosion-i-malmo-stor-polisinsats", "source": "polis", "geo": true, "tatort": "Malmö", "stadsdel": "Lindeborg", "distrikt": "Kulladal", "plats": "Lindeborg, Malmö" }, "geometry": { "type": "Point", "coordinates": [ 12.993090566536235, 55.565069360008323 ] } },
{ "type": "Feature", "properties": { "index": 212, "handelsekod": "5000-K1358428-24", "kommunnamn": "Göteborg", "datum": "2024-11-01", "region": null, "polisomrade": null, "deso": "1480C2320", "regso": "Olivedal Järntorget", "antal": "1", "regsokod": "1480R109", "ts": 1730419200000, "uid": "9ea9f38e42", "month": "11", "year": "2024", "link": "https://www.svt.se/nyheter/lokalt/vast/explosion-i-centrala-goteborg-guimka", "source": "polis", "geo": true, "tatort": "Göteborg", "stadsdel": "Olivedal", "distrikt": "Göteborgs Oscar Fredrik", "plats": "Olivedal, Göteborg" }, "geometry": { "type": "Point", "coordinates": [ 11.949275086469452, 57.698713610760173 ] } },
{ "type": "Feature", "properties": { "index": 213, "handelsekod": "5000-K1368775-24", "kommunnamn": "Nacka", "datum": "2024-11-04", "region": "Stockholm", "polisomrade": "Stockholm Syd", "deso": "0182C1090", "regso": "Saltsjöbaden", "antal": "1", "regsokod": "0182R011", "ts": 1730678400000, "uid": "5c5e01f0af", "month": "11", "year": "2024", "link": "https://www.svt.se/nyheter/lokalt/stockholm/explosion-i-bil-i-saltsjobaden", "source": "polis", "geo": true, "tatort": "Saltsjöbaden", "stadsdel": "Rösunda", "distrikt": "Saltsjöbaden", "plats": "Rösunda, Saltsjöbaden, Nacka" }, "geometry": { "type": "Point", "coordinates": [ 18.30679140903651, 59.27816931958062 ] } },
{ "type": "Feature", "properties": { "index": 214, "handelsekod": "5000-K1393655-24", "kommunnamn": "Göteborg", "datum": "2024-11-09", "region": "Väst", "polisomrade": "Storgöteborg", "deso": "1480C2370", "regso": "Inom Vallgraven", "antal": "1", "regsokod": "1480R057", "ts": 1731110400000, "uid": "fd872483f8", "month": "11", "year": "2024", "link": "https://www.svt.se/nyheter/lokalt/vast/larm-om-explosion-i-centrala-goteborg", "source": "polis", "geo": true, "tatort": "Göteborg", "stadsdel": "Inom Vallgraven", "distrikt": "Göteborgs domkyrkodistrikt", "plats": "Inom Vallgraven, Göteborg" }, "geometry": { "type": "Point", "coordinates": [ 11.956478797194649, 57.702168710211382 ] } },
{ "type": "Feature", "properties": { "index": 215, "handelsekod": "5000-K1426000-24", "kommunnamn": "Stockholm", "datum": "2024-11-17", "region": "Stockholm", "polisomrade": "Stockholm City", "deso": "0180C5100", "regso": "Gärdet", "antal": "1", "regsokod": "0180R030", "ts": 1731801600000, "uid": "607bf757f9", "month": "11", "year": "2024", "link": "https://www.svt.se/nyheter/lokalt/stockholm/explosion-vid-port-pa-gardet", "source": "polis", "geo": true, "tatort": "Stockholm", "stadsdel": "Ladugårdsgärdet ", "distrikt": "Stockholms Oscar", "plats": "Ladugårdsgärdet, Stockholm" }, "geometry": { "type": "Point", "coordinates": [ 18.107791719009079, 59.345598377012351 ] } },
{ "type": "Feature", "properties": { "index": 216, "handelsekod": "5000-K1427915-24", "kommunnamn": "Norrköping", "datum": "2024-11-17", "region": "Öst", "polisomrade": "Östergötland", "deso": "0581C1250", "regso": "Västra Klockaretorpet", "antal": "1", "regsokod": "0581R037", "ts": 1731801600000, "uid": "9cf480ac1b", "month": "11", "year": "2024", "link": "https://www.svt.se/nyheter/lokalt/ost/stor-polisinsats-efter-larm-om-explosion-i-norrkoping", "source": "polis", "geo": true, "tatort": "Norrköping", "stadsdel": "Klockaretorpet", "distrikt": "Borg", "plats": "Klockaretorpet, Norrköping" }, "geometry": { "type": "Point", "coordinates": [ 16.121440527321592, 58.576441495490208 ] } },
{ "type": "Feature", "properties": { "index": 217, "handelsekod": "5000-K1428299-24", "kommunnamn": "Södertälje", "datum": "2024-11-18", "region": "Stockholm", "polisomrade": "Stockholm Syd", "deso": "0181C1030", "regso": "Hovsjö", "antal": "1", "regsokod": "0181R012", "ts": 1731888000000, "uid": "8b6cc3981f", "month": "11", "year": "2024", "link": "https://www.svt.se/nyheter/lokalt/sodertalje/explosion-vid-flerfamiljshus-i-sodertalje", "source": "polis", "geo": true, "tatort": "Södertälje", "stadsdel": "Hovsjö", "distrikt": "Tveta", "plats": "Hovsjö, Södertälje" }, "geometry": { "type": "Point", "coordinates": [ 17.60116488613734, 59.173086037405518 ] } },
{ "type": "Feature", "properties": { "index": 218, "handelsekod": "5000-K1433103-24", "kommunnamn": "Stockholm", "datum": "2024-11-19", "region": "Stockholm", "polisomrade": "Stockholm Nord", "deso": "0180C5990", "regso": "Kälvesta", "antal": "1", "regsokod": "0180R050", "ts": 1731974400000, "uid": "d0cae9b80d", "month": "11", "year": "2024", "link": "https://www.svt.se/nyheter/lokalt/stockholm/larm-om-hog-small-i-vallingby-skador-pa-fastighet", "source": "polis", "geo": true, "tatort": "Stockholm", "stadsdel": "Kälvesta ", "distrikt": "Vällingby", "plats": "Kälvesta, Stockholm" }, "geometry": { "type": "Point", "coordinates": [ 17.860287112433603, 59.381161041509642 ] } },
{ "type": "Feature", "properties": { "index": 219, "handelsekod": "5000-K1466323-24", "kommunnamn": "Lund", "datum": "2024-11-27", "region": "Syd", "polisomrade": "Södra Skåne", "deso": "1281C1080", "regso": "Linero centrum", "antal": "1", "regsokod": "1281R012", "ts": 1732665600000, "uid": "6aa419617d", "month": "11", "year": "2024", "link": "https://www.svt.se/nyheter/lokalt/skane/explosion-vid-bostadshus-i-lund", "source": "polis", "geo": true, "tatort": "Lund", "stadsdel": null, "distrikt": "Stora Råby", "plats": "Lund" }, "geometry": { "type": "Point", "coordinates": [ 13.23504221406583, 55.696178391600007 ] } },
{ "type": "Feature", "properties": { "index": 220, "handelsekod": "5000-K1466252-24", "kommunnamn": "Finspång", "datum": "2024-11-27", "region": "Öst", "polisomrade": "Östergötland", "deso": "0562C1070", "regso": "Finspång centrala-Svälthagen", "antal": "1", "regsokod": "0562R002", "ts": 1732665600000, "uid": "e57a298df7", "month": "11", "year": "2024", "link": "https://www.svt.se/nyheter/lokalt/ost/explosion-vid-flerfamiljshus-i-finspang", "source": "polis", "geo": true, "tatort": "Finspång", "stadsdel": null, "distrikt": "Risinge", "plats": "Finspång" }, "geometry": { "type": "Point", "coordinates": [ 15.774121035542519, 58.706997600939992 ] } },
{ "type": "Feature", "properties": { "index": 221, "handelsekod": "5000-K1475739-24", "kommunnamn": "Stockholm", "datum": "2024-11-29", "region": "Stockholm", "polisomrade": "Stockholm City", "deso": "0180C3930", "regso": "Kungsholm", "antal": "1", "regsokod": "0180R049", "ts": 1732838400000, "uid": "df76760af9", "month": "11", "year": "2024", "link": "https://www.svt.se/nyheter/lokalt/stockholm/explosion-i-centrala-stockholm-c79jwd", "source": "polis", "geo": true, "tatort": null, "stadsdel": "Kungsholmen ", "distrikt": "Kungsholmen", "plats": "Kungsholmen, Stockholm" }, "geometry": { "type": "Point", "coordinates": [ 18.044967899040842, 59.326039012184083 ] } },
{ "type": "Feature", "properties": { "index": 222, "handelsekod": "5000-K1483578-24", "kommunnamn": "Helsingborg", "datum": "2024-12-01", "region": "Syd", "polisomrade": "Nordvästra Skåne", "deso": "1283C1470", "regso": "Fredriksdal-Filborna", "antal": "1", "regsokod": "1283R008", "ts": 1733011200000, "uid": "a7c38f8936", "month": "12", "year": "2024", "link": null, "source": "polis", "geo": true, "tatort": "Helsingborg", "stadsdel": "Fredriksdal", "distrikt": "Filborna", "plats": "Fredriksdal, Helsingborg" }, "geometry": { "type": "Point", "coordinates": [ 12.721121755783294, 56.059061826260503 ] } },
{ "type": "Feature", "properties": { "index": 223, "handelsekod": "5000-K1483526-24", "kommunnamn": "Malmö", "datum": "2024-12-01", "region": "Syd", "polisomrade": "Malmö", "deso": "1280C2440", "regso": "RegSO-Håkanstorp-Bulltofta-Valdemarsro", "antal": "1", "regsokod": "1280R034", "ts": 1733011200000, "uid": "750deaa3c3", "month": "12", "year": "2024", "link": "https://www.svt.se/nyheter/lokalt/skane/larm-om-explosion-i-malmo-6618nd", "source": "polis", "geo": true, "tatort": "Malmö", "stadsdel": "Håkanstorp", "distrikt": "Malmö Sankt Pauli", "plats": "Håkanstorp, Malmö" }, "geometry": { "type": "Point", "coordinates": [ 13.038311305752377, 55.598448088752107 ] } },
{ "type": "Feature", "properties": { "index": 224, "handelsekod": "5000-K1495621-24", "kommunnamn": "Stockholm", "datum": "2024-12-03", "region": "Stockholm", "polisomrade": "Stockholm Syd", "deso": "0180C1080", "regso": "Farsta", "antal": "1", "regsokod": "0180R021", "ts": 1733184000000, "uid": "388b396afd", "month": "12", "year": "2024", "link": "https://www.svt.se/nyheter/lokalt/stockholm/explosion-i-farsta-ingen-skadad", "source": "polis", "geo": true, "tatort": "Stockholm", "stadsdel": "Farsta ", "distrikt": "Farsta", "plats": "Farsta, Stockholm" }, "geometry": { "type": "Point", "coordinates": [ 18.096425724108908, 59.243073172112965 ] } },
{ "type": "Feature", "properties": { "index": 225, "handelsekod": "5000-K1496343-24", "kommunnamn": "Stockholm", "datum": "2024-12-03", "region": null, "polisomrade": null, "deso": "0180C5850", "regso": "Hässelby Villastad", "antal": "1", "regsokod": "0180R041", "ts": 1733184000000, "uid": "df8e779af5", "month": "12", "year": "2024", "link": "https://www.svt.se/nyheter/lokalt/stockholm/explosion-vid-bostad-i-hasselby", "source": "polis", "geo": true, "tatort": "Stockholm", "stadsdel": "Hässelby Villastad ", "distrikt": "Hässelby", "plats": "Hässelby Villastad, Stockholm" }, "geometry": { "type": "Point", "coordinates": [ 17.81250952894294, 59.370492176875054 ] } },
{ "type": "Feature", "properties": { "index": 226, "handelsekod": "5000-K1503957-24", "kommunnamn": "Stockholm", "datum": "2024-12-05", "region": "Stockholm", "polisomrade": "Stockholm Nord", "deso": "0180C6270", "regso": "Tensta", "antal": "1", "regsokod": "0180R102", "ts": 1733356800000, "uid": "f1a27c2672", "month": "12", "year": "2024", "link": "https://www.svt.se/nyheter/lokalt/stockholm/explosion-i-trapphus-i-tensta", "source": "polis", "geo": true, "tatort": "Stockholm", "stadsdel": "Tensta ", "distrikt": "Spånga", "plats": "Tensta, Stockholm" }, "geometry": { "type": "Point", "coordinates": [ 17.901721819596645, 59.396664798874397 ] } },
{ "type": "Feature", "properties": { "index": 227, "handelsekod": "5000-K1503719-24", "kommunnamn": "Nynäshamn", "datum": "2024-12-05", "region": "Stockholm", "polisomrade": "Stockholm Syd", "deso": "0192B2020", "regso": "Ösmo centrala", "antal": "1", "regsokod": "0192R008", "ts": 1733356800000, "uid": "f2e210525f", "month": "12", "year": "2024", "link": "https://www.svt.se/nyheter/lokalt/stockholm/larm-om-explosion-i-nynashamn", "source": "polis", "geo": true, "tatort": "Ösmo", "stadsdel": "Torgvägen, Körundavägen", "distrikt": "Ösmo", "plats": "Torgvägen, Körundavägen, Ösmo, Nynäshamn" }, "geometry": { "type": "Point", "coordinates": [ 17.894196055143773, 58.987317171604964 ] } },
{ "type": "Feature", "properties": { "index": 228, "handelsekod": "5000-K1500748-24", "kommunnamn": "Malmö", "datum": "2024-12-05", "region": "Syd", "polisomrade": "Malmö", "deso": "1280C2750", "regso": "RegSO-Östervärn-Ellstorp", "antal": "1", "regsokod": "1280R089", "ts": 1733356800000, "uid": "f7b4d1ecb7", "month": "12", "year": "2024", "link": "https://www.svt.se/nyheter/lokalt/skane/larm-om-explosion-i-malmo-byggnader-och-fordon-skadade", "source": "polis", "geo": true, "tatort": "Malmö", "stadsdel": "Östervärn", "distrikt": "Kirseberg", "plats": "Östervärn, Malmö" }, "geometry": { "type": "Point", "coordinates": [ 13.026712236425828, 55.605374121436853 ] } },
{ "type": "Feature", "properties": { "index": 229, "handelsekod": "5000-K1504736-24", "kommunnamn": "Malmö", "datum": "2024-12-06", "region": "Syd", "polisomrade": "Malmö", "deso": "1280C2750", "regso": "RegSO-Östervärn-Ellstorp", "antal": "1", "regsokod": "1280R089", "ts": 1733443200000, "uid": "0252129cc0", "month": "12", "year": "2024", "link": "https://www.svt.se/nyheter/lokalt/skane/larm-om-explosion-i-malmo-andra-dagen-i-rad", "source": "polis", "geo": true, "tatort": "Malmö", "stadsdel": "Östervärn", "distrikt": "Kirseberg", "plats": "Östervärn, Malmö" }, "geometry": { "type": "Point", "coordinates": [ 13.028360432938193, 55.604512920228146 ] } },
{ "type": "Feature", "properties": { "index": 230, "handelsekod": "5000-K1511385-24", "kommunnamn": "Botkyrka", "datum": "2024-12-07", "region": "Stockholm", "polisomrade": "Stockholm Syd", "deso": "0127C1480", "regso": "Slagsta", "antal": "1", "regsokod": "0127R012", "ts": 1733529600000, "uid": "8c104736f9", "month": "12", "year": "2024", "link": "https://www.svt.se/nyheter/lokalt/stockholm/larm-om-explosion-i-sodra-stockholm-89s1gn", "source": "polis", "geo": true, "tatort": null, "stadsdel": "Slagsta Norra", "distrikt": "Botkyrka", "plats": "Slagsta Norra, Botkyrka" }, "geometry": { "type": "Point", "coordinates": [ 17.833293418318295, 59.25318002130966 ] } },
{ "type": "Feature", "properties": { "index": 231, "handelsekod": "5000-K1514206-24", "kommunnamn": "Stockholm", "datum": "2024-12-08", "region": "Stockholm", "polisomrade": "Stockholm Nord", "deso": "0180C5840", "regso": "Nälsta", "antal": "1", "regsokod": "0180R072", "ts": 1733616000000, "uid": "bb10dc5346", "month": "12", "year": "2024", "link": null, "source": "polis", "geo": true, "tatort": "Stockholm", "stadsdel": "Nälsta ", "distrikt": "Vällingby", "plats": "Nälsta, Stockholm" }, "geometry": { "type": "Point", "coordinates": [ 17.892976069947633, 59.368969030920233 ] } },
{ "type": "Feature", "properties": { "index": 232, "handelsekod": "5000-K1521952-24", "kommunnamn": "Haninge", "datum": "2024-12-10", "region": "Stockholm", "polisomrade": "Stockholm Syd", "deso": "0136C1390", "regso": "Vendelsö östra", "antal": "1", "regsokod": "0136R022", "ts": 1733788800000, "uid": "b027faf53c", "month": "12", "year": "2024", "link": null, "source": "polis", "geo": true, "tatort": "Stockholm", "stadsdel": "Gudö och Vendelsö", "distrikt": "Österhaninge", "plats": "Gudö och Vendelsö, Haninge" }, "geometry": { "type": "Point", "coordinates": [ 18.212902220360306, 59.191032763000798 ] } },
{ "type": "Feature", "properties": { "index": 233, "handelsekod": "5000-K1523456-24", "kommunnamn": "Malmö", "datum": "2024-12-11", "region": "Syd", "polisomrade": "Malmö", "deso": "1280C2690", "regso": "RegSO-Gamla staden öst", "antal": "1", "regsokod": "1280R022", "ts": 1733875200000, "uid": "b02250edcf", "month": "12", "year": "2024", "link": "https://www.svt.se/nyheter/lokalt/skane/explosion-i-centrala-malmo-ps75m6", "source": "polis", "geo": true, "tatort": "Malmö", "stadsdel": "Gamla Staden", "distrikt": "Malmö Sankt Petri", "plats": "Gamla Staden, Malmö" }, "geometry": { "type": "Point", "coordinates": [ 13.000028481553056, 55.601171724775178 ] } },
{ "type": "Feature", "properties": { "index": 234, "handelsekod": "5000-K1523448-24", "kommunnamn": "Falkenberg", "datum": "2024-12-11", "region": "Väst", "polisomrade": "Halland", "deso": "1382C1060", "regso": "Falkenberg södra", "antal": "1", "regsokod": "1382R002", "ts": 1733875200000, "uid": "c13e716465", "month": "12", "year": "2024", "link": "https://www.svt.se/nyheter/lokalt/halland/explosion-och-misstankt-foremal-i-falkenberg", "source": "polis", "geo": true, "tatort": "Falkenberg", "stadsdel": null, "distrikt": "Falkenberg", "plats": "Falkenberg" }, "geometry": { "type": "Point", "coordinates": [ 12.522460268776534, 56.89864920204645 ] } },
{ "type": "Feature", "properties": { "index": 235, "handelsekod": "5000-K1532701-24", "kommunnamn": "Malmö", "datum": "2024-12-13", "region": "Syd", "polisomrade": "Malmö", "deso": "1280C1840", "regso": "RegSO-Kryddgården", "antal": "1", "regsokod": "1280R042", "ts": 1734048000000, "uid": "6d21bcf866", "month": "12", "year": "2024", "link": "https://www.svt.se/nyheter/lokalt/skane/explosion-pa-rosengard-tva-gripna", "source": "polis", "geo": true, "tatort": "Malmö", "stadsdel": "Kryddgården", "distrikt": "Västra Skrävlinge", "plats": "Kryddgården, Malmö" }, "geometry": { "type": "Point", "coordinates": [ 13.048762716987218, 55.585205214062242 ] } },
{ "type": "Feature", "properties": { "index": 236, "handelsekod": "5000-K1532624-24", "kommunnamn": "Borås", "datum": "2024-12-13", "region": "Väst", "polisomrade": "Älvsborg", "deso": "1490C1530", "regso": "Södra Öresjö", "antal": "1", "regsokod": "1490R041", "ts": 1734048000000, "uid": "fd3a6275c0", "month": "12", "year": "2024", "link": "https://www.svt.se/nyheter/lokalt/vast/explosion-vid-bil-riktat-mot-gangman", "source": "polis", "geo": true, "tatort": "Borås", "stadsdel": "Nordskogen", "distrikt": "Borås Caroli", "plats": "Nordskogen, Borås" }, "geometry": { "type": "Point", "coordinates": [ 12.970728440736151, 57.760412671259623 ] } },
{ "type": "Feature", "properties": { "index": 237, "handelsekod": "5000-K1550423-24", "kommunnamn": "Tyresö", "datum": "2024-12-17", "region": "Stockholm", "polisomrade": "Stockholm Syd", "deso": "0138C1210", "regso": "Sikvägen", "antal": "1", "regsokod": "0138R008", "ts": 1734393600000, "uid": "35e470ba79", "month": "12", "year": "2024", "link": "https://www.svt.se/nyheter/lokalt/stockholm/larm-om-explosion-i-tyreso", "source": "polis", "geo": true, "tatort": "Stockholm", "stadsdel": "Bollmora", "distrikt": "Tyresö", "plats": "Bollmora, Tyresö" }, "geometry": { "type": "Point", "coordinates": [ 18.234394085255786, 59.247210314859039 ] } },
{ "type": "Feature", "properties": { "index": 2, "handelsekod": "svt_f71eb33c83", "kommunnamn": "Malmö", "datum": "2024-12-18", "region": null, "polisomrade": null, "deso": "1280C2500", "regso": "RegSO-Sorgenfri norr", "antal": "1", "regsokod": "1280R067", "ts": 1734480000000, "uid": "78a2479d11", "month": "12", "year": "2024", "link": "https://www.svt.se/nyheter/lokalt/skane/explosion-vid-restaurang-i-malmo-z6s97h", "source": "svt", "geo": true, "tatort": "Malmö", "stadsdel": "Norra Sorgenfri", "distrikt": "Malmö Sankt Pauli", "plats": "Malmö" }, "geometry": { "type": "Point", "coordinates": [ 13.029403318482288, 55.59665933261995 ] } },
{ "type": "Feature", "properties": { "index": 3, "handelsekod": "svt_36b1bcffa7", "kommunnamn": "Stockholm", "datum": "2024-12-21", "region": null, "polisomrade": null, "deso": "0180C4560", "regso": "Oscars kyrka", "antal": "1", "regsokod": "0180R073", "ts": 1734739200000, "uid": "49dff244e1", "month": "12", "year": "2024", "link": "https://www.svt.se/nyheter/lokalt/stockholm/larm-om-smallar-pa-ostermalm", "source": "svt", "geo": true, "tatort": "Stockholm", "stadsdel": "Östermalm ", "distrikt": "Stockholms Oscar", "plats": "Östermalm, Stockholm" }, "geometry": { "type": "Point", "coordinates": [ 18.08555544197355, 59.33507028709036 ] } },
{ "type": "Feature", "properties": { "index": 238, "handelsekod": "5000-K1570234-24", "kommunnamn": "Malmö", "datum": "2024-12-23", "region": "Syd", "polisomrade": "Malmö", "deso": "1280C1830", "regso": "RegSO-Örtagården syd-Herrgården syd", "antal": "1", "regsokod": "1280R088", "ts": 1734912000000, "uid": "4d20628a00", "month": "12", "year": "2024", "link": "https://www.svt.se/nyheter/lokalt/skane/explosion-vid-bostadshus-pa-rosengard-i-malmo", "source": "polis", "geo": true, "tatort": "Malmö", "stadsdel": "Örtagården", "distrikt": "Västra Skrävlinge", "plats": "Örtagården, Malmö" }, "geometry": { "type": "Point", "coordinates": [ 13.037611884565576, 55.585852321433293 ] } },
{ "type": "Feature", "properties": { "index": 239, "handelsekod": "5000-K1575220-24", "kommunnamn": "Södertälje", "datum": "2024-12-25", "region": "Stockholm", "polisomrade": "Stockholm Syd", "deso": "0181C1380", "regso": "Ragnhildsborg-Ritorp-Viksberg", "antal": "1", "regsokod": "0181R020", "ts": 1735084800000, "uid": "d0e2a7bc82", "month": "12", "year": "2024", "link": "https://www.svt.se/nyheter/lokalt/sodertalje/explosion-i-sodertalje-jy800e", "source": "polis", "geo": true, "tatort": "Södertälje", "stadsdel": "Brunnsäng", "distrikt": "Östertälje", "plats": "Brunnsäng, Södertälje" }, "geometry": { "type": "Point", "coordinates": [ 17.628021018498846, 59.217606699626863 ] } },
{ "type": "Feature", "properties": { "index": 240, "handelsekod": "5000-K1578957-24", "kommunnamn": "Landskrona", "datum": "2024-12-26", "region": "Syd", "polisomrade": "Nordvästra Skåne", "deso": "1282C1070", "regso": "Landskrona centrum-Öster", "antal": "1", "regsokod": "1282R010", "ts": 1735171200000, "uid": "bb4a5a17eb", "month": "12", "year": "2024", "link": "https://www.svt.se/nyheter/lokalt/helsingborg/explosion-vid-fastighet-i-landskrona", "source": "polis", "geo": true, "tatort": "Landskrona", "stadsdel": "Öster", "distrikt": "Landskrona", "plats": "Öster, Landskrona" }, "geometry": { "type": "Point", "coordinates": [ 12.836789076793467, 55.870502443535258 ] } },
{ "type": "Feature", "properties": { "index": 241, "handelsekod": "5000-K1579429-24", "kommunnamn": "Malmö", "datum": "2024-12-27", "region": "Syd", "polisomrade": "Malmö", "deso": "1280C2500", "regso": "RegSO-Sorgenfri norr", "antal": "1", "regsokod": "1280R067", "ts": 1735257600000, "uid": "5e402ce6e2", "month": "12", "year": "2024", "link": "https://www.svt.se/nyheter/lokalt/skane/fullt-utvecklad-brand-i-malmo-efter-larm-om-small", "source": "polis", "geo": true, "tatort": "Malmö", "stadsdel": "Norra Sorgenfri", "distrikt": "Malmö Sankt Pauli", "plats": "Norra Sorgenfri, Malmö" }, "geometry": { "type": "Point", "coordinates": [ 13.025572077482833, 55.599058258965997 ] } },
{ "type": "Feature", "properties": { "index": 242, "handelsekod": "5000-K1583774-24", "kommunnamn": "Botkyrka", "datum": "2024-12-28", "region": "Stockholm", "polisomrade": "Stockholm Syd", "deso": "0127C1370", "regso": "Hallunda", "antal": "1", "regsokod": "0127R007", "ts": 1735344000000, "uid": "01ff3e0588", "month": "12", "year": "2024", "link": "https://www.svt.se/nyheter/lokalt/stockholm/explosion-i-stockholm-aqrut5", "source": "polis", "geo": true, "tatort": "Stockholm", "stadsdel": "Brunna Södra", "distrikt": "Botkyrka", "plats": "Brunna Södra, Botkyrka" }, "geometry": { "type": "Point", "coordinates": [ 17.832867273410738, 59.246003192765265 ] } },
{ "type": "Feature", "properties": { "index": 243, "handelsekod": "5000-K1592839-24", "kommunnamn": "Stockholm", "datum": "2024-12-30", "region": "Stockholm", "polisomrade": "Stockholm Syd", "deso": "0180C1930", "regso": "Stureby", "antal": "1", "regsokod": "0180R088", "ts": 1735516800000, "uid": "a9cf95bf76", "month": "12", "year": "2024", "link": "https://www.svt.se/nyheter/lokalt/stockholm/explosion-i-garage-i-sodra-stockholm", "source": "polis", "geo": true, "tatort": "Stockholm", "stadsdel": "Stureby ", "distrikt": "Vantör", "plats": "Stureby, Stockholm" }, "geometry": { "type": "Point", "coordinates": [ 18.057560413371014, 59.277330571292204 ] } },
{ "type": "Feature", "properties": { "index": 244, "handelsekod": "5000-K512-25", "kommunnamn": "Göteborg", "datum": "2025-01-01", "region": "Väst", "polisomrade": "Storgöteborg", "deso": "1480C2610", "regso": "Kålltorp södra", "antal": "1", "regsokod": "1480R081", "ts": 1735689600000, "uid": "0a22e5d2cd", "month": "01", "year": "2025", "link": null, "source": "polis", "geo": true, "tatort": "Göteborg", "stadsdel": "Kålltorp", "distrikt": "Härlanda", "plats": "Kålltorp, Göteborg" }, "geometry": { "type": "Point", "coordinates": [ 12.02741258992882, 57.714194696979312 ] } },
{ "type": "Feature", "properties": { "index": 245, "handelsekod": "5000-K13578-25", "kommunnamn": "Täby", "datum": "2025-01-04", "region": null, "polisomrade": null, "deso": "0160C1150", "regso": "Täby Centrum", "antal": "1", "regsokod": "0160R020", "ts": 1735948800000, "uid": "fb9a98e5c2", "month": "01", "year": "2025", "link": null, "source": "polis", "geo": true, "tatort": "Stockholm", "stadsdel": null, "distrikt": "Täby", "plats": "Täby, Stockholm" }, "geometry": { "type": "Point", "coordinates": [ 18.069111394881457, 59.445134549898086 ] } },
{ "type": "Feature", "properties": { "index": 246, "handelsekod": "5000-K13293-25", "kommunnamn": "Göteborg", "datum": "2025-01-04", "region": "Väst", "polisomrade": "Storgöteborg", "deso": "1480C3570", "regso": "Kortedala nordöstra", "antal": "1", "regsokod": "1480R068", "ts": 1735948800000, "uid": "e6957f7d25", "month": "01", "year": "2025", "link": "https://www.svt.se/nyheter/lokalt/vast/explosion-i-goteborg-8xyw6q", "source": "polis", "geo": true, "tatort": "Göteborg", "stadsdel": "Norra Kortedala", "distrikt": "Kortedala", "plats": "Norra Kortedala, Göteborg" }, "geometry": { "type": "Point", "coordinates": [ 12.042659561262386, 57.761382480172422 ] } },
{ "type": "Feature", "properties": { "index": 247, "handelsekod": "5000-K13562-25", "kommunnamn": "Göteborg", "datum": "2025-01-04", "region": null, "polisomrade": null, "deso": "1480C2610", "regso": "Kålltorp södra", "antal": "1", "regsokod": "1480R081", "ts": 1735948800000, "uid": "51f06b73b9", "month": "01", "year": "2025", "link": "https://www.svt.se/nyheter/lokalt/vast/explosion-i-goteborg-8xyw6q", "source": "polis", "geo": true, "tatort": "Göteborg", "stadsdel": "Kålltorp", "distrikt": "Härlanda", "plats": "Kålltorp, Göteborg" }, "geometry": { "type": "Point", "coordinates": [ 12.028480970991666, 57.714738889809396 ] } },
{ "type": "Feature", "properties": { "index": 4, "handelsekod": "5000-K18038-25", "kommunnamn": null, "datum": "2025-01-06", "region": "Mitt", "polisomrade": "Västmanland", "deso": null, "regso": null, "antal": "1", "regsokod": null, "ts": 1736121600000, "uid": "32196eaab9", "month": "01", "year": "2025", "link": null, "source": "polis", "geo": false, "tatort": null, "stadsdel": null, "distrikt": null, "plats": "Västerås, Västmanland" }, "geometry": null },
{ "type": "Feature", "properties": { "index": 248, "handelsekod": "5000-K18081-25", "kommunnamn": "Malmö", "datum": "2025-01-07", "region": "Syd", "polisomrade": "Malmö", "deso": "1280C2740", "regso": "RegSO-Håkanstorp-Bulltofta-Valdemarsro", "antal": "1", "regsokod": "1280R034", "ts": 1736208000000, "uid": "ef05df2262", "month": "01", "year": "2025", "link": null, "source": "polis", "geo": true, "tatort": "Malmö", "stadsdel": "Valdemarsro", "distrikt": "Kirseberg", "plats": "Valdemarsro, Malmö" }, "geometry": { "type": "Point", "coordinates": [ 13.08516373007606, 55.609381457730301 ] } },
{ "type": "Feature", "properties": { "index": 249, "handelsekod": "5000-K32067-25", "kommunnamn": "Stockholm", "datum": "2025-01-10", "region": "Stockholm", "polisomrade": "Stockholm Syd", "deso": "0180C2670", "regso": "Hammarbyhöjden", "antal": "1", "regsokod": "0180R032", "ts": 1736467200000, "uid": "534f7f4b14", "month": "01", "year": "2025", "link": "https://www.svt.se/nyheter/lokalt/stockholm/explosion-vid-flerbostadshus-i-stockholm-ingen-skadad", "source": "polis", "geo": true, "tatort": "Stockholm", "stadsdel": "Hammarbyhöjden ", "distrikt": "Skarpnäck", "plats": "Hammarbyhöjden, Stockholm" }, "geometry": { "type": "Point", "coordinates": [ 18.101011357009988, 59.297225902281134 ] } },
{ "type": "Feature", "properties": { "index": 250, "handelsekod": "5000-K37360-25", "kommunnamn": "Stockholm", "datum": "2025-01-11", "region": "Stockholm", "polisomrade": "Stockholm Syd", "deso": "0180C1500", "regso": "Hagsätra", "antal": "2", "regsokod": "0180R031", "ts": 1736553600000, "uid": "ae88c98379", "month": "01", "year": "2025", "link": "https://www.svt.se/nyheter/lokalt/stockholm/misstankt-explosion-i-hagsatra", "source": "polis", "geo": true, "tatort": "Stockholm", "stadsdel": "Hagsätra ", "distrikt": "Vantör", "plats": "Hagsätra, Stockholm" }, "geometry": { "type": "Point", "coordinates": [ 18.016434711879423, 59.26546361587252 ] } },
{ "type": "Feature", "properties": { "index": 251, "handelsekod": "5000-K36260-25", "kommunnamn": "Stockholm", "datum": "2025-01-11", "region": null, "polisomrade": null, "deso": "0180C2290", "regso": "Bredäng", "antal": "1", "regsokod": "0180R010", "ts": 1736553600000, "uid": "5fe64758e3", "month": "01", "year": "2025", "link": "https://www.svt.se/nyheter/lokalt/stockholm/larm-om-explosion-i-sodra-stockholm-0syyhp", "source": "polis", "geo": true, "tatort": "Stockholm", "stadsdel": "Bredäng ", "distrikt": "Skärholmen", "plats": "Bredäng, Stockholm" }, "geometry": { "type": "Point", "coordinates": [ 17.933949051703529, 59.294208029283801 ] } },
{ "type": "Feature", "properties": { "index": 252, "handelsekod": "5000-K38688-25", "kommunnamn": "Helsingborg", "datum": "2025-01-12", "region": "Syd", "polisomrade": "Nordvästra Skåne", "deso": "1283C1140", "regso": "Påarp-Bårslöv", "antal": "1", "regsokod": "1283R020", "ts": 1736640000000, "uid": "869aafeac7", "month": "01", "year": "2025", "link": null, "source": "polis", "geo": true, "tatort": "Påarp", "stadsdel": "Påarp", "distrikt": "Välluv", "plats": "Påarp, Helsingborg" }, "geometry": { "type": "Point", "coordinates": [ 12.824257512486838, 56.033742844615695 ] } },
{ "type": "Feature", "properties": { "index": 253, "handelsekod": "5000-K38698-25", "kommunnamn": "Mölndal", "datum": "2025-01-12", "region": null, "polisomrade": null, "deso": "1481C1280", "regso": "Eklanda", "antal": "1", "regsokod": "1481R005", "ts": 1736640000000, "uid": "1077af46bb", "month": "01", "year": "2025", "link": "https://www.svt.se/nyheter/lokalt/vast/larm-om-hog-small-i-molndal", "source": "polis", "geo": true, "tatort": "Göteborg", "stadsdel": null, "distrikt": "Fässberg", "plats": "Mölndal, Göteborg" }, "geometry": { "type": "Point", "coordinates": [ 11.962082358384629, 57.65171239480911 ] } },
{ "type": "Feature", "properties": { "index": 254, "handelsekod": "5000-K45769-25", "kommunnamn": "Botkyrka", "datum": "2025-01-13", "region": "Stockholm", "polisomrade": "Stockholm Syd", "deso": "0127C1182", "regso": "Tumba centrum-Segersjö-Sandstugan", "antal": "1", "regsokod": "0127R016", "ts": 1736726400000, "uid": "280e415132", "month": "01", "year": "2025", "link": "https://www.svt.se/nyheter/lokalt/stockholm/explosion-i-tumba-i-botkyrka", "source": "polis", "geo": true, "tatort": "Tumba", "stadsdel": "Segersjö", "distrikt": "Tumba", "plats": "Segersjö, Tumba, Botkyrka" }, "geometry": { "type": "Point", "coordinates": [ 17.808852772655502, 59.195193011548014 ] } },
{ "type": "Feature", "properties": { "index": 255, "handelsekod": "5000-K50384-25", "kommunnamn": "Nyköping", "datum": "2025-01-14", "region": "Öst", "polisomrade": "Södermanland", "deso": "0480C1120", "regso": "Stenkulla-Malmbryggshagen", "antal": "1", "regsokod": "0480R014", "ts": 1736812800000, "uid": "ec621f5bc2", "month": "01", "year": "2025", "link": "https://www.svt.se/nyheter/lokalt/sormland/larm-om-explosion-i-stenkulla-i-nykoping", "source": "polis", "geo": true, "tatort": "Nyköping", "stadsdel": "Stenkulla", "distrikt": "Nyköpings Alla Helgona", "plats": "Stenkulla, Nyköping" }, "geometry": { "type": "Point", "coordinates": [ 17.037067406136973, 58.75678846261642 ] } },
{ "type": "Feature", "properties": { "index": 256, "handelsekod": "5000-K50752-25", "kommunnamn": "Sigtuna", "datum": "2025-01-15", "region": "Stockholm", "polisomrade": "Stockholm Nord", "deso": "0191C1010", "regso": "Östra Steninge", "antal": "1", "regsokod": "0191R023", "ts": 1736899200000, "uid": "3d4f41a545", "month": "01", "year": "2025", "link": "https://www.svt.se/nyheter/lokalt/stockholm/explosion-vid-radhus-i-marsta-bombskyddet-kallat", "source": "polis", "geo": true, "tatort": "Märsta", "stadsdel": null, "distrikt": "Valsta", "plats": "Märsta, Sigtuna" }, "geometry": { "type": "Point", "coordinates": [ 17.822899740807269, 59.610709097862056 ] } },
{ "type": "Feature", "properties": { "index": 257, "handelsekod": "5000-K55269-25", "kommunnamn": "Göteborg", "datum": "2025-01-15", "region": null, "polisomrade": null, "deso": "1480C1670", "regso": "Krokslätt södra", "antal": "1", "regsokod": "1480R072", "ts": 1736899200000, "uid": "fa2ff74b80", "month": "01", "year": "2025", "link": "https://www.svt.se/nyheter/lokalt/vast/explosion-i-goteborg-thbo1z", "source": "polis", "geo": true, "tatort": "Göteborg", "stadsdel": "Krokslätt", "distrikt": "Johanneberg", "plats": "Krokslätt, Göteborg" }, "geometry": { "type": "Point", "coordinates": [ 11.99091739561533, 57.683134851654174 ] } },
{ "type": "Feature", "properties": { "index": 258, "handelsekod": "5000-K55193-25", "kommunnamn": "Botkyrka", "datum": "2025-01-15", "region": "Stockholm", "polisomrade": "Stockholm Syd", "deso": "0127C1290", "regso": "Albydalen", "antal": "1", "regsokod": "0127R002", "ts": 1736899200000, "uid": "9bce14c4a4", "month": "01", "year": "2025", "link": "https://www.svt.se/nyheter/lokalt/stockholm/larm-om-explosion-i-botkyrka-r2za48", "source": "polis", "geo": true, "tatort": "Stockholm", "stadsdel": "Albyslätten NÖ", "distrikt": "Botkyrka", "plats": "Albyslätten NÖ, Botkyrka" }, "geometry": { "type": "Point", "coordinates": [ 17.847984942741366, 59.234991561659427 ] } },
{ "type": "Feature", "properties": { "index": 4, "handelsekod": "svt_6dd2aac9c6", "kommunnamn": "Stockholm", "datum": "2025-01-18", "region": null, "polisomrade": null, "deso": "0180C2390", "regso": "Johanneshov", "antal": "1", "regsokod": "0180R045", "ts": 1737158400000, "uid": "dd31d5a98c", "month": "01", "year": "2025", "link": "https://www.svt.se/nyheter/lokalt/stockholm/explosion-soder-om-stockholm-bk40ka", "source": "svt", "geo": true, "tatort": "Stockholm", "stadsdel": "Johanneshov ", "distrikt": "Enskede", "plats": "Johanneshov, Stockholm" }, "geometry": { "type": "Point", "coordinates": [ 18.071844821075427, 59.29614285566619 ] } },
{ "type": "Feature", "properties": { "index": 5, "handelsekod": "svt_3cffc58a23", "kommunnamn": "Huddinge", "datum": "2025-01-18", "region": null, "polisomrade": null, "deso": "0126C1560", "regso": "Segeltorp", "antal": "1", "regsokod": "0126R011", "ts": 1737158400000, "uid": "cfe54ee249", "month": "01", "year": "2025", "link": "https://www.svt.se/nyheter/lokalt/stockholm/explosion-soder-om-stockholm-bk40ka", "source": "svt", "geo": true, "tatort": "Stockholm", "stadsdel": "Smista-Juringe", "distrikt": "Huddinge Sankt Mikael", "plats": "Segeltorp, Huddinge" }, "geometry": { "type": "Point", "coordinates": [ 17.928790341437981, 59.272139132956319 ] } },
{ "type": "Feature", "properties": { "index": 259, "handelsekod": "5000-K64090-25", "kommunnamn": "Västerås", "datum": "2025-01-18", "region": "Mitt", "polisomrade": "Västmanland", "deso": "1980C1700", "regso": "Hökåsen-Hökåsen omland", "antal": "1", "regsokod": "1980R016", "ts": 1737158400000, "uid": "0795cd0560", "month": "01", "year": "2025", "link": "https://www.svt.se/nyheter/lokalt/vastmanland/explosion-vid-garage-i-vasteras", "source": "polis", "geo": true, "tatort": "Västerås", "stadsdel": null, "distrikt": "Hubbo", "plats": "Västerås" }, "geometry": { "type": "Point", "coordinates": [ 16.598119620308182, 59.660635519201477 ] } },
{ "type": "Feature", "properties": { "index": 6, "handelsekod": "svt_80870e4dc5", "kommunnamn": "Göteborg", "datum": "2025-01-20", "region": null, "polisomrade": null, "deso": "1480C1210", "regso": "Kannebäck", "antal": "1", "regsokod": "1480R064", "ts": 1737331200000, "uid": "7393839d10", "month": "01", "year": "2025", "link": "https://www.svt.se/nyheter/lokalt/vast/explosion-vid-bostadshus-i-goteborg-93zahn", "source": "svt", "geo": true, "tatort": "Göteborg", "stadsdel": "Kannebäck", "distrikt": "Näset", "plats": "Västra Frölunda, Göteborg" }, "geometry": { "type": "Point", "coordinates": [ 11.903661473514218, 57.639075649008667 ] } },
{ "type": "Feature", "properties": { "index": 260, "handelsekod": "5000-K73460-25", "kommunnamn": "Stockholm", "datum": "2025-01-20", "region": "Stockholm", "polisomrade": "Stockholm Syd", "deso": "0180C1660", "regso": "Skärholmen", "antal": "1", "regsokod": "0180R079", "ts": 1737331200000, "uid": "b25cfcc599", "month": "01", "year": "2025", "link": "https://www.svt.se/nyheter/lokalt/stockholm/larm-om-explosion-i-skarholmen", "source": "polis", "geo": true, "tatort": "Stockholm", "stadsdel": "Skärholmen ", "distrikt": "Skärholmen", "plats": "Skärholmen, Stockholm" }, "geometry": { "type": "Point", "coordinates": [ 17.89947797907482, 59.274580860209483 ] } },
{ "type": "Feature", "properties": { "index": 261, "handelsekod": "5000-K73872-25", "kommunnamn": "Eskilstuna", "datum": "2025-01-21", "region": "Öst", "polisomrade": "Södermanland", "deso": "0484C1380", "regso": "Valhalla-Slagsta", "antal": "1", "regsokod": "0484R026", "ts": 1737417600000, "uid": "b6569b72fc", "month": "01", "year": "2025", "link": "https://www.svt.se/nyheter/lokalt/sormland/explosion-i-eskilstuna", "source": "polis", "geo": true, "tatort": "Eskilstuna", "stadsdel": "Valhalla", "distrikt": "Eskilstuna Kloster", "plats": "Valhalla, Eskilstuna" }, "geometry": { "type": "Point", "coordinates": [ 16.466783674300544, 59.386679616652472 ] } },
{ "type": "Feature", "properties": { "index": 262, "handelsekod": "5000-K83193-25", "kommunnamn": "Uppsala", "datum": "2025-01-22", "region": "Mitt", "polisomrade": "Uppsala", "deso": "0380C1481", "regso": "Kungsängen", "antal": "1", "regsokod": "0380R009", "ts": 1737504000000, "uid": "d8e4a6b6c4", "month": "01", "year": "2025", "link": "https://www.svt.se/nyheter/lokalt/uppsala/kraftig-explosion-i-uppsala-phop2n", "source": "polis", "geo": true, "tatort": "Uppsala", "stadsdel": "Kungsängen", "distrikt": "Uppsala domkyrkodistrikt", "plats": "Kungsängen, Uppsala" }, "geometry": { "type": "Point", "coordinates": [ 17.648268564429003, 59.851204501367633 ] } },
{ "type": "Feature", "properties": { "index": 263, "handelsekod": "5000-K78697-25", "kommunnamn": "Botkyrka", "datum": "2025-01-22", "region": "Stockholm", "polisomrade": "Stockholm Syd", "deso": "0127C1480", "regso": "Slagsta", "antal": "1", "regsokod": "0127R012", "ts": 1737504000000, "uid": "a08095ffd9", "month": "01", "year": "2025", "link": "https://www.svt.se/nyheter/lokalt/stockholm/explosion-vid-radhus-i-norsborg", "source": "polis", "geo": true, "tatort": "Stockholm", "stadsdel": "Slagsta Norra", "distrikt": "Botkyrka", "plats": "Slagsta Norra, Botkyrka" }, "geometry": { "type": "Point", "coordinates": [ 17.844017543063543, 59.25660425766813 ] } },
{ "type": "Feature", "properties": { "index": 264, "handelsekod": "5000-K87260-25", "kommunnamn": "Stockholm", "datum": "2025-01-23", "region": "Stockholm", "polisomrade": "Stockholm Syd", "deso": "0180C1080", "regso": "Farsta", "antal": "1", "regsokod": "0180R021", "ts": 1737590400000, "uid": "6219bf7f76", "month": "01", "year": "2025", "link": "https://www.svt.se/nyheter/lokalt/stockholm/explosion-i-farsta-en-till-sjukhus", "source": "polis", "geo": true, "tatort": "Stockholm", "stadsdel": "Farsta ", "distrikt": "Farsta", "plats": "Farsta, Stockholm" }, "geometry": { "type": "Point", "coordinates": [ 18.097392854027699, 59.24340929327019 ] } },
{ "type": "Feature", "properties": { "index": 265, "handelsekod": "5000-K83145-25", "kommunnamn": "Haninge", "datum": "2025-01-23", "region": null, "polisomrade": null, "deso": "0136C1320", "regso": "Brandbergen norra", "antal": "1", "regsokod": "0136R002", "ts": 1737590400000, "uid": "e496e1cdf4", "month": "01", "year": "2025", "link": "https://www.svt.se/nyheter/lokalt/stockholm/kraftig-explosion-i-industriomrade-i-haninge", "source": "polis", "geo": true, "tatort": "Stockholm", "stadsdel": "Brandbergen", "distrikt": "Österhaninge", "plats": "Brandbergen, Haninge" }, "geometry": { "type": "Point", "coordinates": [ 18.160582900228107, 59.17674257550572 ] } },
{ "type": "Feature", "properties": { "index": 266, "handelsekod": "5000-K87382-25", "kommunnamn": "Eskilstuna", "datum": "2025-01-24", "region": "Öst", "polisomrade": "Södermanland", "deso": "0484C1140", "regso": "Stenby", "antal": "1", "regsokod": "0484R023", "ts": 1737676800000, "uid": "88d4be3362", "month": "01", "year": "2025", "link": "https://www.svt.se/nyheter/lokalt/sormland/explosion-i-bil-i-eskilstuna", "source": "polis", "geo": true, "tatort": "Eskilstuna", "stadsdel": "Stenby", "distrikt": "Eskilstuna Fors", "plats": "Stenby, Eskilstuna" }, "geometry": { "type": "Point", "coordinates": [ 16.46803604444025, 59.360640640279506 ] } },
{ "type": "Feature", "properties": { "index": 267, "handelsekod": "5000-K87327-25", "kommunnamn": "Malmö", "datum": "2025-01-24", "region": "Syd", "polisomrade": "Malmö", "deso": "1280C1390", "regso": "RegSO-Söderkulla", "antal": "1", "regsokod": "1280R070", "ts": 1737676800000, "uid": "028ad34fc4", "month": "01", "year": "2025", "link": "https://www.svt.se/nyheter/lokalt/skane/explosion-vid-port-i-malmo", "source": "polis", "geo": true, "tatort": "Malmö", "stadsdel": "Västra Söderkulla", "distrikt": "Eriksfält", "plats": "Västra Söderkulla, Malmö" }, "geometry": { "type": "Point", "coordinates": [ 13.007146874640895, 55.568087120794338 ] } },
{ "type": "Feature", "properties": { "index": 268, "handelsekod": "5000-K94494-25", "kommunnamn": "Stockholm", "datum": "2025-01-26", "region": "Stockholm", "polisomrade": "Stockholm Syd", "deso": "0180C1850", "regso": "Gamla Enskede", "antal": "1", "regsokod": "0180R025", "ts": 1737849600000, "uid": "b2dc3049fe", "month": "01", "year": "2025", "link": "https://www.svt.se/nyheter/lokalt/stockholm/explosion-vid-port-i-enskede", "source": "polis", "geo": true, "tatort": "Stockholm", "stadsdel": "Gamla Enskede ", "distrikt": "Enskede", "plats": "Gamla Enskede, Stockholm" }, "geometry": { "type": "Point", "coordinates": [ 18.103248628336779, 59.278328346563448 ] } },
{ "type": "Feature", "properties": { "index": 269, "handelsekod": "5000-K96225-25", "kommunnamn": "Nacka", "datum": "2025-01-26", "region": "Stockholm", "polisomrade": "Stockholm Syd", "deso": "0182C1291", "regso": "Södra Boo", "antal": "1", "regsokod": "0182R015", "ts": 1737849600000, "uid": "9ef2f8285e", "month": "01", "year": "2025", "link": "https://www.svt.se/nyheter/lokalt/stockholm/larm-om-explosion-i-nacka", "source": "polis", "geo": true, "tatort": "Stockholm", "stadsdel": "Tollare", "distrikt": "Boo", "plats": "Tollare, Nacka" }, "geometry": { "type": "Point", "coordinates": [ 18.235041940942953, 59.305571292638312 ] } },
{ "type": "Feature", "properties": { "index": 270, "handelsekod": "5000-K96541-25", "kommunnamn": "Upplands-Bro", "datum": "2025-01-27", "region": "Stockholm", "polisomrade": "Stockholm Nord", "deso": "0139B2020", "regso": "Centrala Bro", "antal": "1", "regsokod": "0139R002", "ts": 1737936000000, "uid": "919709b9ec", "month": "01", "year": "2025", "link": "https://www.svt.se/nyheter/lokalt/stockholm/explosion-vid-flerfamiljshus-i-bro", "source": "polis", "geo": true, "tatort": "Bro", "stadsdel": "Bro", "distrikt": "Bro", "plats": "Bro, Upplands-Bro" }, "geometry": { "type": "Point", "coordinates": [ 17.652692667912625, 59.511761222506472 ] } },
{ "type": "Feature", "properties": { "index": 271, "handelsekod": "5000-K105666-25", "kommunnamn": "Upplands-Bro", "datum": "2025-01-28", "region": "Stockholm", "polisomrade": "Stockholm Nord", "deso": "0139B2020", "regso": "Centrala Bro", "antal": "1", "regsokod": "0139R002", "ts": 1738022400000, "uid": "ac102a2163", "month": "01", "year": "2025", "link": "https://www.svt.se/nyheter/lokalt/stockholm/ny-explosion-i-upplands-bro", "source": "polis", "geo": true, "tatort": "Bro", "stadsdel": "Bro", "distrikt": "Bro", "plats": "Bro, Upplands-Bro" }, "geometry": { "type": "Point", "coordinates": [ 17.6544578950983, 59.511736287700145 ] } },
{ "type": "Feature", "properties": { "index": 272, "handelsekod": "5000-K101344-25", "kommunnamn": "Stockholm", "datum": "2025-01-28", "region": "Stockholm", "polisomrade": "Stockholm Syd", "deso": "0180C2240", "regso": "Kärrtorp", "antal": "1", "regsokod": "0180R051", "ts": 1738022400000, "uid": "02b1fd5c1b", "month": "01", "year": "2025", "link": "https://www.svt.se/nyheter/lokalt/stockholm/larm-om-explosion-i-sodra-stockholm-5rvbp4", "source": "polis", "geo": true, "tatort": "Stockholm", "stadsdel": "Kärrtorp ", "distrikt": "Skarpnäck", "plats": "Kärrtorp, Stockholm" }, "geometry": { "type": "Point", "coordinates": [ 18.105606247747517, 59.287266785902233 ] } },
{ "type": "Feature", "properties": { "index": 273, "handelsekod": "5000-K102205-25", "kommunnamn": "Stockholm", "datum": "2025-01-28", "region": "Stockholm", "polisomrade": "Stockholm Syd", "deso": "0180C1950", "regso": "Bagarmossen", "antal": "1", "regsokod": "0180R005", "ts": 1738022400000, "uid": "0a50f532c9", "month": "01", "year": "2025", "link": "https://www.svt.se/nyheter/lokalt/stockholm/explosion-i-bargarmossen", "source": "polis", "geo": true, "tatort": "Stockholm", "stadsdel": "Bagarmossen ", "distrikt": "Skarpnäck", "plats": "Bagarmossen, Stockholm" }, "geometry": { "type": "Point", "coordinates": [ 18.136609311292595, 59.278633376201633 ] } },
{ "type": "Feature", "properties": { "index": 274, "handelsekod": "5000-K101324-25", "kommunnamn": "Helsingborg", "datum": "2025-01-28", "region": "Syd", "polisomrade": "Nordvästra Skåne", "deso": "1283C1700", "regso": "Ödåkra-Väla", "antal": "1", "regsokod": "1283R031", "ts": 1738022400000, "uid": "f1f08e60a7", "month": "01", "year": "2025", "link": "https://www.svt.se/nyheter/lokalt/helsingborg/explosion-vid-villa-utanfor-odakra", "source": "polis", "geo": true, "tatort": null, "stadsdel": "Ödåkra", "distrikt": "Fleninge", "plats": "Ödåkra, Helsingborg" }, "geometry": { "type": "Point", "coordinates": [ 12.761829141570072, 56.11309069170985 ] } },
{ "type": "Feature", "properties": { "index": 275, "handelsekod": "5000-K104865-25", "kommunnamn": "Stockholm", "datum": "2025-01-28", "region": "Stockholm", "polisomrade": "Stockholm Syd", "deso": "0180C2783", "regso": "Liljeholmen", "antal": "1", "regsokod": "0180R053", "ts": 1738022400000, "uid": "511795d743", "month": "01", "year": "2025", "link": "https://www.svt.se/nyheter/lokalt/stockholm/larm-om-ny-explosion-i-sodra-stockholm", "source": "polis", "geo": true, "tatort": "Stockholm", "stadsdel": "Liljeholmen ", "distrikt": "Hägersten", "plats": "Liljeholmen, Stockholm" }, "geometry": { "type": "Point", "coordinates": [ 18.027531998695046, 59.301194007718607 ] } },
{ "type": "Feature", "properties": { "index": 276, "handelsekod": "5000-K124041-25", "kommunnamn": "Nacka", "datum": "2025-02-02", "region": "Stockholm", "polisomrade": "Stockholm Syd", "deso": "0182C1400", "regso": "Björknäs", "antal": "1", "regsokod": "0182R002", "ts": 1738454400000, "uid": "808ebfbd58", "month": "02", "year": "2025", "link": "https://www.svt.se/nyheter/lokalt/stockholm/explosion-i-nacka-utanfor-stockholm", "source": "polis", "geo": true, "tatort": "Stockholm", "stadsdel": "Björknäs centrum", "distrikt": "Boo", "plats": "Björknäs centrum, Nacka" }, "geometry": { "type": "Point", "coordinates": [ 18.226973906308135, 59.315599964659157 ] } },
{ "type": "Feature", "properties": { "index": 277, "handelsekod": "5000-K149903-25", "kommunnamn": "Stockholm", "datum": "2025-02-09", "region": "Stockholm", "polisomrade": "Stockholm City", "deso": "0180C4380", "regso": "Oscars kyrka", "antal": "1", "regsokod": "0180R073", "ts": 1739059200000, "uid": "745fffb108", "month": "02", "year": "2025", "link": "https://www.svt.se/nyheter/lokalt/stockholm/larm-om-explosion-pa-ostermalm", "source": "polis", "geo": true, "tatort": "Stockholm", "stadsdel": "Östermalm ", "distrikt": "Stockholms Oscar", "plats": "Östermalm, Stockholm" }, "geometry": { "type": "Point", "coordinates": [ 18.084120951869526, 59.333442313754617 ] } },
{ "type": "Feature", "properties": { "index": 278, "handelsekod": "5000-K178612-25", "kommunnamn": "Stockholm", "datum": "2025-02-17", "region": "Stockholm", "polisomrade": "Stockholm City", "deso": "0180C3100", "regso": "Södra Hammarbyhamnen", "antal": "1", "regsokod": "0180R094", "ts": 1739750400000, "uid": "964dbab052", "month": "02", "year": "2025", "link": "https://www.svt.se/nyheter/lokalt/stockholm/larm-om-explosion-i-hammarby-sjostad", "source": "polis", "geo": true, "tatort": "Stockholm", "stadsdel": "Södra Hammarbyhamnen ", "distrikt": "Stockholms Sofia", "plats": "Södra Hammarbyhamnen, Stockholm" }, "geometry": { "type": "Point", "coordinates": [ 18.108692640996043, 59.306968364360628 ] } },
{ "type": "Feature", "properties": { "index": 279, "handelsekod": "5000-K178859-25", "kommunnamn": "Malmö", "datum": "2025-02-17", "region": "Syd", "polisomrade": "Malmö", "deso": "1280C1980", "regso": "RegSO-Örtagården norr", "antal": "1", "regsokod": "1280R087", "ts": 1739750400000, "uid": "7508a10445", "month": "02", "year": "2025", "link": null, "source": "polis", "geo": true, "tatort": "Malmö", "stadsdel": "Örtagården", "distrikt": "Västra Skrävlinge", "plats": "Örtagården, Malmö" }, "geometry": { "type": "Point", "coordinates": [ 13.042363817393039, 55.585959605377994 ] } },
{ "type": "Feature", "properties": { "index": 280, "handelsekod": "5000-K196107-25", "kommunnamn": "Kävlinge", "datum": "2025-02-21", "region": "Syd", "polisomrade": "Södra Skåne", "deso": "1261B2020", "regso": "Löddeköpinge", "antal": "1", "regsokod": "1261R009", "ts": 1740096000000, "uid": "ae1d7560b8", "month": "02", "year": "2025", "link": null, "source": "polis", "geo": true, "tatort": "Löddeköpinge", "stadsdel": null, "distrikt": "Löddeköpinge", "plats": "Löddeköpinge, Kävlinge" }, "geometry": { "type": "Point", "coordinates": [ 12.994733669680304, 55.763691687315472 ] } },
{ "type": "Feature", "properties": { "index": 281, "handelsekod": "5000-K209788-25", "kommunnamn": "Gävle", "datum": "2025-02-25", "region": "Mitt", "polisomrade": "Gävleborg", "deso": "2180C1360", "regso": "Gävle Strand-Näringen-Öster", "antal": "1", "regsokod": "2180R007", "ts": 1740441600000, "uid": "84d035293d", "month": "02", "year": "2025", "link": "https://www.svt.se/nyheter/lokalt/gavleborg/larm-om-explosion-pa-oster-i-gavle", "source": "polis", "geo": true, "tatort": "Gävle", "stadsdel": "Öster", "distrikt": "Gävle Heliga Trefaldighet", "plats": "Öster, Gävle" }, "geometry": { "type": "Point", "coordinates": [ 17.150004388550016, 60.678582348479644 ] } },
{ "type": "Feature", "properties": { "index": 7, "handelsekod": "svt_b395b5b524", "kommunnamn": "Göteborg", "datum": "2025-03-04", "region": null, "polisomrade": null, "deso": "1480C2190", "regso": "Heden västra", "antal": "1", "regsokod": "1480R046", "ts": 1741046400000, "uid": "8a8d2b6e70", "month": "03", "year": "2025", "link": "https://www.svt.se/nyheter/lokalt/vast/port-sprangd-i-goteborg", "source": "svt", "geo": true, "tatort": "Göteborg", "stadsdel": "Heden", "distrikt": "Göteborgs Vasa", "plats": "Heden, Göteborg" }, "geometry": { "type": "Point", "coordinates": [ 11.984383508607889, 57.698424054529355 ] } },
{ "type": "Feature", "properties": { "index": 282, "handelsekod": "5000-K244659-25", "kommunnamn": "Södertälje", "datum": "2025-03-05", "region": "Stockholm", "polisomrade": "Stockholm Syd", "deso": "0181C1370", "regso": "Lina-Vattubrinken-Dammkärr", "antal": "1", "regsokod": "0181R016", "ts": 1741132800000, "uid": "753217c9bc", "month": "03", "year": "2025", "link": "https://www.svt.se/nyheter/lokalt/sodertalje/explosion-vid-radhus-i-nykvarn", "source": "polis", "geo": true, "tatort": "Södertälje", "stadsdel": "Lina", "distrikt": "Västertälje", "plats": "Lina, Södertälje" }, "geometry": { "type": "Point", "coordinates": [ 17.598081728393126, 59.21443115453372 ] } },
{ "type": "Feature", "properties": { "index": 283, "handelsekod": "5000-K244708-25", "kommunnamn": "Nykvarn", "datum": "2025-03-05", "region": "Stockholm", "polisomrade": "Stockholm Syd", "deso": "0140C1012", "regso": "Nykvarn", "antal": "1", "regsokod": "0140R001", "ts": 1741132800000, "uid": "ff1d2014d4", "month": "03", "year": "2025", "link": "https://www.svt.se/nyheter/lokalt/sodertalje/explosion-vid-radhus-i-nykvarn", "source": "polis", "geo": true, "tatort": "Nykvarn", "stadsdel": null, "distrikt": "Turinge", "plats": "Nykvarn" }, "geometry": { "type": "Point", "coordinates": [ 17.441546936607182, 59.163520814374394 ] } },
{ "type": "Feature", "properties": { "index": 284, "handelsekod": "5000-K255696-25", "kommunnamn": "Borås", "datum": "2025-03-08", "region": "Väst", "polisomrade": "Älvsborg", "deso": "1490C1290", "regso": "Hässleholmen väst", "antal": "1", "regsokod": "1490R019", "ts": 1741392000000, "uid": "19bc09fdef", "month": "03", "year": "2025", "link": null, "source": "polis", "geo": true, "tatort": "Borås", "stadsdel": "Hässleholmen", "distrikt": "Borås Gustav Adolf", "plats": "Hässleholmen, Borås" }, "geometry": { "type": "Point", "coordinates": [ 12.975072743986477, 57.726372589326033 ] } },
{ "type": "Feature", "properties": { "index": 285, "handelsekod": "5000-K255859-25", "kommunnamn": "Göteborg", "datum": "2025-03-08", "region": "Väst", "polisomrade": "Storgöteborg", "deso": "1480C3020", "regso": "Norra Biskopsgården", "antal": "1", "regsokod": "1480R107", "ts": 1741392000000, "uid": "9a46d80add", "month": "03", "year": "2025", "link": null, "source": "polis", "geo": true, "tatort": "Göteborg", "stadsdel": "Norra Biskopsgården", "distrikt": "Biskopsgården", "plats": "Norra Biskopsgården, Göteborg" }, "geometry": { "type": "Point", "coordinates": [ 11.892050259622902, 57.723558639368427 ] } },
{ "type": "Feature", "properties": { "index": 286, "handelsekod": "5000-K276539-25", "kommunnamn": "Göteborg", "datum": "2025-03-13", "region": null, "polisomrade": null, "deso": "1480C1980", "regso": "Majorna Såggatan", "antal": "1", "regsokod": "1480R101", "ts": 1741824000000, "uid": "619b6e7d9a", "month": "03", "year": "2025", "link": null, "source": "polis", "geo": true, "tatort": "Göteborg", "stadsdel": "Majorna", "distrikt": "Göteborgs Karl Johan", "plats": "Majorna, Göteborg" }, "geometry": { "type": "Point", "coordinates": [ 11.926070552408516, 57.695783531595367 ] } },
{ "type": "Feature", "properties": { "index": 287, "handelsekod": "5000-K280993-25", "kommunnamn": "Haninge", "datum": "2025-03-14", "region": "Stockholm", "polisomrade": "Stockholm Syd", "deso": "0136C1220", "regso": "Handen västra", "antal": "1", "regsokod": "0136R008", "ts": 1741910400000, "uid": "22d9eebcc5", "month": "03", "year": "2025", "link": "https://www.svt.se/nyheter/lokalt/stockholm/explosion-soder-om-stockholm-83m7oz", "source": "polis", "geo": true, "tatort": "Stockholm", "stadsdel": "Handen", "distrikt": "Österhaninge", "plats": "Handen, Haninge" }, "geometry": { "type": "Point", "coordinates": [ 18.139456066939939, 59.166329410672112 ] } },
{ "type": "Feature", "properties": { "index": 288, "handelsekod": "5000-K284680-25", "kommunnamn": "Tyresö", "datum": "2025-03-16", "region": "Stockholm", "polisomrade": "Stockholm Syd", "deso": "0138A0010", "regso": "Raksta-Brevik", "antal": "1", "regsokod": "0138R007", "ts": 1742083200000, "uid": "214c8ed202", "month": "03", "year": "2025", "link": "https://www.svt.se/nyheter/lokalt/stockholm/explosion-vid-bostadshus-i-tyreso", "source": "polis", "geo": true, "tatort": "Stockholm", "stadsdel": "Sydöstra Tyresö", "distrikt": "Tyresö", "plats": "Sydöstra Tyresö, Tyresö" }, "geometry": { "type": "Point", "coordinates": [ 18.298567246646577, 59.213665940903304 ] } },
{ "type": "Feature", "properties": { "index": 289, "handelsekod": "5000-K308354-25", "kommunnamn": "Norrköping", "datum": "2025-03-21", "region": "Öst", "polisomrade": "Östergötland", "deso": "0581B2040", "regso": "Åby-Jursla-Landsbygd", "antal": "1", "regsokod": "0581R038", "ts": 1742515200000, "uid": "abf98d8bbc", "month": "03", "year": "2025", "link": "https://www.svt.se/nyheter/lokalt/ost/misstankt-explosion-vid-bostad-i-norrkoping", "source": "polis", "geo": true, "tatort": "Åby", "stadsdel": "Åby tätort", "distrikt": "Kvillinge", "plats": "Åby tätort, Åby, Norrköping" }, "geometry": { "type": "Point", "coordinates": [ 16.17401145119209, 58.672362317292787 ] } },
{ "type": "Feature", "properties": { "index": 290, "handelsekod": "5000-K331963-25", "kommunnamn": "Malmö", "datum": "2025-03-28", "region": "Syd", "polisomrade": "Malmö", "deso": "1280C2020", "regso": "RegSO-Kryddgården", "antal": "1", "regsokod": "1280R042", "ts": 1743120000000, "uid": "81df41785d", "month": "03", "year": "2025", "link": "https://www.svt.se/nyheter/lokalt/skane/explosion-i-trapphus-pa-rosengard-i-malmo", "source": "polis", "geo": true, "tatort": "Malmö", "stadsdel": "Kryddgården", "distrikt": "Västra Skrävlinge", "plats": "Kryddgården, Malmö" }, "geometry": { "type": "Point", "coordinates": [ 13.053263269886767, 55.588900679579496 ] } },
{ "type": "Feature", "properties": { "index": 291, "handelsekod": "5000-K341448-25", "kommunnamn": "Trollhättan", "datum": "2025-03-30", "region": "Väst", "polisomrade": "Fyrbodal", "deso": "1488C1110", "regso": "Karlstorp-Hjortmossen", "antal": "1", "regsokod": "1488R006", "ts": 1743292800000, "uid": "3bd28b6cdd", "month": "03", "year": "2025", "link": "https://www.svt.se/nyheter/lokalt/vast/misstankt-explosion-i-trollhattan-skador-pa-fastighet", "source": "polis", "geo": true, "tatort": "Trollhättan", "stadsdel": "Hjortmossen", "distrikt": "Trollhättan", "plats": "Hjortmossen, Trollhättan" }, "geometry": { "type": "Point", "coordinates": [ 12.28334474585621, 58.275111699534676 ] } },
{ "type": "Feature", "properties": { "index": 292, "handelsekod": "5000-K351310-25", "kommunnamn": "Malmö", "datum": "2025-04-02", "region": "Syd", "polisomrade": "Malmö", "deso": "1280C1300", "regso": "RegSO-Söderkulla", "antal": "1", "regsokod": "1280R070", "ts": 1743552000000, "uid": "cec69f404e", "month": "04", "year": "2025", "link": "https://www.svt.se/nyheter/lokalt/skane/explosion-vid-flerfamiljshus-i-malmo-2yrcqa", "source": "polis", "geo": true, "tatort": "Malmö", "stadsdel": "Västra Söderkulla", "distrikt": "Eriksfält", "plats": "Västra Söderkulla, Malmö" }, "geometry": { "type": "Point", "coordinates": [ 13.005755289473621, 55.565359571571484 ] } },
{ "type": "Feature", "properties": { "index": 293, "handelsekod": "5000-K364856-25", "kommunnamn": "Stockholm", "datum": "2025-04-05", "region": "Stockholm", "polisomrade": "Stockholm Syd", "deso": "0180C2220", "regso": "Sätra", "antal": "1", "regsokod": "0180R092", "ts": 1743811200000, "uid": "41bff783cb", "month": "04", "year": "2025", "link": "https://www.svt.se/nyheter/lokalt/stockholm/explosion-vid-bil-i-satra-en-gripen-for-mordforsok", "source": "polis", "geo": true, "tatort": "Stockholm", "stadsdel": "Sätra ", "distrikt": "Skärholmen", "plats": "Sätra, Stockholm" }, "geometry": { "type": "Point", "coordinates": [ 17.903645488147781, 59.285289160932706 ] } },
{ "type": "Feature", "properties": { "index": 294, "handelsekod": "5000-K379459-25", "kommunnamn": "Stockholm", "datum": "2025-04-08", "region": "Stockholm", "polisomrade": "Stockholm Nord", "deso": "0180C5780", "regso": "Hässelby Gård", "antal": "1", "regsokod": "0180R039", "ts": 1744070400000, "uid": "7f909cef39", "month": "04", "year": "2025", "link": "https://www.svt.se/nyheter/inrikes/larm-om-explosion-i-stockholm-ufj59t", "source": "polis", "geo": true, "tatort": "Stockholm", "stadsdel": "Hässelby Gård ", "distrikt": "Hässelby", "plats": "Hässelby Gård, Stockholm" }, "geometry": { "type": "Point", "coordinates": [ 17.845628602517689, 59.371513913836324 ] } },
{ "type": "Feature", "properties": { "index": 295, "handelsekod": "5000-K379465-25", "kommunnamn": "Helsingborg", "datum": "2025-04-09", "region": "Syd", "polisomrade": "Nordvästra Skåne", "deso": "1283C1510", "regso": "Fredriksdal-Filborna", "antal": "1", "regsokod": "1283R008", "ts": 1744156800000, "uid": "4b434aea16", "month": "04", "year": "2025", "link": "https://www.svt.se/nyheter/lokalt/helsingborg/larm-om-explosion-i-helsingborg-j4v10k", "source": "polis", "geo": true, "tatort": "Helsingborg", "stadsdel": "Fredriksdal", "distrikt": "Filborna", "plats": "Fredriksdal, Helsingborg" }, "geometry": { "type": "Point", "coordinates": [ 12.722652983335369, 56.059998736876366 ] } },
{ "type": "Feature", "properties": { "index": 296, "handelsekod": "5000-K389361-25", "kommunnamn": "Helsingborg", "datum": "2025-04-11", "region": "Syd", "polisomrade": "Nordvästra Skåne", "deso": "1283C1700", "regso": "Ödåkra-Väla", "antal": "1", "regsokod": "1283R031", "ts": 1744329600000, "uid": "7096129db1", "month": "04", "year": "2025", "link": "https://www.svt.se/nyheter/lokalt/helsingborg/larm-om-explosion-i-helsingborg-6fy3xq", "source": "polis", "geo": true, "tatort": null, "stadsdel": "Ödåkra", "distrikt": "Fleninge", "plats": "Ödåkra, Helsingborg" }, "geometry": { "type": "Point", "coordinates": [ 12.761898366336538, 56.114107968674865 ] } },
{ "type": "Feature", "properties": { "index": 58, "handelsekod": "5000-K403829-25", "kommunnamn": null, "datum": "2025-04-13", "region": "Stockholm", "polisomrade": "Stockholm Syd", "deso": null, "regso": null, "antal": "1", "regsokod": null, "ts": 1744502400000, "uid": "093f9e3bff", "month": "04", "year": "2025", "link": null, "source": "polis", "geo": false, "tatort": null, "stadsdel": null, "distrikt": null, "plats": "Skärholmen, Stockholm Syd" }, "geometry": null },
{ "type": "Feature", "properties": { "index": 297, "handelsekod": "5000-K398893-25", "kommunnamn": "Göteborg", "datum": "2025-04-13", "region": "Väst", "polisomrade": "Storgöteborg", "deso": "1480C2160", "regso": "Majorna Hängmattan", "antal": "1", "regsokod": "1480R100", "ts": 1744502400000, "uid": "33149336e8", "month": "04", "year": "2025", "link": "https://www.svt.se/nyheter/lokalt/vast/explosion-vid-flerfamiljshus-i-majorna-f4utuo", "source": "polis", "geo": true, "tatort": "Göteborg", "stadsdel": "Majorna", "distrikt": "Göteborgs Karl Johan", "plats": "Majorna, Göteborg" }, "geometry": { "type": "Point", "coordinates": [ 11.925260772129352, 57.695821585842793 ] } },
{ "type": "Feature", "properties": { "index": 298, "handelsekod": "5000-K398914-25", "kommunnamn": "Solna", "datum": "2025-04-13", "region": "Stockholm", "polisomrade": "Stockholm Nord", "deso": "0184C1230", "regso": "Södra Råsunda-Solna Business park", "antal": "1", "regsokod": "0184R020", "ts": 1744502400000, "uid": "0b1e92c1d9", "month": "04", "year": "2025", "link": "https://www.svt.se/nyheter/lokalt/stockholm/balkong-skadad-i-explosion-i-solna", "source": "polis", "geo": true, "tatort": "Stockholm", "stadsdel": "Råsunda", "distrikt": "Råsunda", "plats": "Råsunda, Solna" }, "geometry": { "type": "Point", "coordinates": [ 17.996376534792709, 59.3627835479693 ] } },
{ "type": "Feature", "properties": { "index": 299, "handelsekod": "5000-K396675-25", "kommunnamn": "Malmö", "datum": "2025-04-13", "region": "Syd", "polisomrade": "Malmö", "deso": "1280C1500", "regso": "RegSO-Jägersro-Almgården-Höja väst", "antal": "1", "regsokod": "1280R037", "ts": 1744502400000, "uid": "db26f838bb", "month": "04", "year": "2025", "link": "https://www.svt.se/nyheter/lokalt/skane/misstankt-explosion-i-bil-i-malmo", "source": "polis", "geo": true, "tatort": "Malmö", "stadsdel": "Jägersro", "distrikt": "Västra Skrävlinge", "plats": "Jägersro, Malmö" }, "geometry": { "type": "Point", "coordinates": [ 13.052496292820368, 55.577202086049653 ] } },
{ "type": "Feature", "properties": { "index": 300, "handelsekod": "5000-K1506575-24", "kommunnamn": "Lomma", "datum": "2025-04-14", "region": "Syd", "polisomrade": "Södra Skåne", "deso": "1262C1090", "regso": "Bjärred södra", "antal": "1", "regsokod": "1262R002", "ts": 1744588800000, "uid": "180feb8e6d", "month": "04", "year": "2025", "link": null, "source": "polis", "geo": true, "tatort": "Bjärred", "stadsdel": null, "distrikt": "Flädie", "plats": "Bjärred, Lomma" }, "geometry": { "type": "Point", "coordinates": [ 13.018620258302832, 55.719308269083704 ] } },
{ "type": "Feature", "properties": { "index": 301, "handelsekod": "5000-K404907-25", "kommunnamn": "Lomma", "datum": "2025-04-14", "region": "Syd", "polisomrade": "Södra Skåne", "deso": "1262C1090", "regso": "Bjärred södra", "antal": "1", "regsokod": "1262R002", "ts": 1744588800000, "uid": "6c3bd3f081", "month": "04", "year": "2025", "link": null, "source": "polis", "geo": true, "tatort": "Bjärred", "stadsdel": null, "distrikt": "Flädie", "plats": "Bjärred, Lomma" }, "geometry": { "type": "Point", "coordinates": [ 13.016902946762324, 55.721066377702755 ] } },
{ "type": "Feature", "properties": { "index": 302, "handelsekod": "5000-K404134-25", "kommunnamn": "Helsingborg", "datum": "2025-04-15", "region": "Syd", "polisomrade": "Nordvästra Skåne", "deso": "1283C1660", "regso": "Ödåkra-Väla", "antal": "1", "regsokod": "1283R031", "ts": 1744675200000, "uid": "04c3a5808f", "month": "04", "year": "2025", "link": null, "source": "polis", "geo": true, "tatort": "Ödåkra", "stadsdel": "Ödåkra", "distrikt": "Kropp", "plats": "Ödåkra, Helsingborg" }, "geometry": { "type": "Point", "coordinates": [ 12.75550754547673, 56.091368268385338 ] } },
{ "type": "Feature", "properties": { "index": 303, "handelsekod": "5000-K418249-25", "kommunnamn": "Trollhättan", "datum": "2025-04-18", "region": "Väst", "polisomrade": "Fyrbodal", "deso": "1488C1170", "regso": "Trollhättan centrum-Tingvalla-Västergärdet", "antal": "1", "regsokod": "1488R015", "ts": 1744934400000, "uid": "1724b3ed6d", "month": "04", "year": "2025", "link": "https://www.svt.se/nyheter/lokalt/vast/explosion-i-kungalv", "source": "polis", "geo": true, "tatort": "Trollhättan", "stadsdel": "Centrala staden", "distrikt": "Trollhättan", "plats": "Centrala staden, Trollhättan" }, "geometry": { "type": "Point", "coordinates": [ 12.286034623042255, 58.282374360029856 ] } },
{ "type": "Feature", "properties": { "index": 304, "handelsekod": "5000-K418124-25", "kommunnamn": "Kungälv", "datum": "2025-04-18", "region": "Väst", "polisomrade": "Storgöteborg", "deso": "1482C1140", "regso": "Kungälv norra", "antal": "1", "regsokod": "1482R008", "ts": 1744934400000, "uid": "b732b772da", "month": "04", "year": "2025", "link": "https://www.svt.se/nyheter/lokalt/vast/explosion-i-kungalv", "source": "polis", "geo": true, "tatort": "Kungälv", "stadsdel": null, "distrikt": "Kungälv", "plats": "Kungälv" }, "geometry": { "type": "Point", "coordinates": [ 11.960584996063758, 57.884739065516115 ] } },
{ "type": "Feature", "properties": { "index": 305, "handelsekod": "5000-K418248-25", "kommunnamn": "Trollhättan", "datum": "2025-04-18", "region": "Väst", "polisomrade": "Fyrbodal", "deso": "1488C1170", "regso": "Trollhättan centrum-Tingvalla-Västergärdet", "antal": "1", "regsokod": "1488R015", "ts": 1744934400000, "uid": "c1a23d0b76", "month": "04", "year": "2025", "link": "https://www.svt.se/nyheter/lokalt/vast/explosion-i-kungalv", "source": "polis", "geo": true, "tatort": "Trollhättan", "stadsdel": "Centrala staden", "distrikt": "Trollhättan", "plats": "Centrala staden, Trollhättan" }, "geometry": { "type": "Point", "coordinates": [ 12.287468960190211, 58.285109563874926 ] } },
{ "type": "Feature", "properties": { "index": 306, "handelsekod": "5000-K418187-25", "kommunnamn": "Stockholm", "datum": "2025-04-18", "region": "Stockholm", "polisomrade": "Stockholm Syd", "deso": "0180C1900", "regso": "Bagarmossen", "antal": "1", "regsokod": "0180R005", "ts": 1744934400000, "uid": "33487c56f0", "month": "04", "year": "2025", "link": "https://www.svt.se/nyheter/lokalt/stockholm/explosion-i-lagenhet-i-bagarmossen", "source": "polis", "geo": true, "tatort": "Stockholm", "stadsdel": "Bagarmossen ", "distrikt": "Skarpnäck", "plats": "Bagarmossen, Stockholm" }, "geometry": { "type": "Point", "coordinates": [ 18.136512995289632, 59.277844180120063 ] } },
{ "type": "Feature", "properties": { "index": 307, "handelsekod": "5000-K420869-25", "kommunnamn": "Malmö", "datum": "2025-04-18", "region": "Syd", "polisomrade": "Malmö", "deso": "1280C2000", "regso": "RegSO-Emilstorp-Östra kyrkogården-Apelgården", "antal": "1", "regsokod": "1280R016", "ts": 1744934400000, "uid": "208bbc1170", "month": "04", "year": "2025", "link": "https://www.svt.se/nyheter/lokalt/skane/explosion-i-rosengard-j66yk8", "source": "polis", "geo": true, "tatort": "Malmö", "stadsdel": "Apelgården", "distrikt": "Västra Skrävlinge", "plats": "Apelgården, Malmö" }, "geometry": { "type": "Point", "coordinates": [ 13.042237639590256, 55.587753895964767 ] } },
{ "type": "Feature", "properties": { "index": 308, "handelsekod": "5000-K420998-25", "kommunnamn": "Stockholm", "datum": "2025-04-19", "region": "Stockholm", "polisomrade": "Stockholm City", "deso": "0180C4020", "regso": "Marieberg", "antal": "1", "regsokod": "0180R059", "ts": 1745020800000, "uid": "a6b30cc9b6", "month": "04", "year": "2025", "link": "https://www.svt.se/nyheter/inrikes/explosioner-vid-portar-i-stockholm-och-malmo", "source": "polis", "geo": true, "tatort": "Stockholm", "stadsdel": "Marieberg ", "distrikt": "Stockholms Sankt Göran", "plats": "Marieberg, Stockholm" }, "geometry": { "type": "Point", "coordinates": [ 18.018815057680808, 59.329179686354699 ] } },
{ "type": "Feature", "properties": { "index": 309, "handelsekod": "5000-K432195-25", "kommunnamn": "Eskilstuna", "datum": "2025-04-22", "region": "Öst", "polisomrade": "Södermanland", "deso": "0484C1420", "regso": "Hällbybrunn-Folkesta", "antal": "1", "regsokod": "0484R009", "ts": 1745280000000, "uid": "16b9d1276b", "month": "04", "year": "2025", "link": "https://www.svt.se/nyheter/lokalt/sormland/larm-om-explosion-i-eskilstuna-42k8a2", "source": "polis", "geo": true, "tatort": "Hällbybrunn", "stadsdel": null, "distrikt": "Hällby", "plats": "Hällbybrunn, Eskilstuna" }, "geometry": { "type": "Point", "coordinates": [ 16.436955023451482, 59.391315539819281 ] } },
{ "type": "Feature", "properties": { "index": 310, "handelsekod": "5000-K437376-25", "kommunnamn": "Eksjö", "datum": "2025-04-23", "region": "Öst", "polisomrade": "Jönköping", "deso": "0686C1040", "regso": "Eksjö västra", "antal": "1", "regsokod": "0686R003", "ts": 1745366400000, "uid": "4d9cbea3b6", "month": "04", "year": "2025", "link": "https://www.svt.se/nyheter/lokalt/jonkoping/explosioner-i-eksjo-raddningstjansten-pa-plats", "source": "polis", "geo": true, "tatort": "Eksjö", "stadsdel": null, "distrikt": "Eksjö", "plats": "Eksjö" }, "geometry": { "type": "Point", "coordinates": [ 14.965686245387737, 57.669029751082853 ] } },
{ "type": "Feature", "properties": { "index": 311, "handelsekod": "5000-K446924-25", "kommunnamn": "Botkyrka", "datum": "2025-04-25", "region": "Stockholm", "polisomrade": "Stockholm Syd", "deso": "0127C1320", "regso": "Eriksberg-Sturehov", "antal": "1", "regsokod": "0127R004", "ts": 1745539200000, "uid": "55c72b77a1", "month": "04", "year": "2025", "link": "https://www.svt.se/nyheter/lokalt/stockholm/explosion-i-norsborg-dmt7gm", "source": "polis", "geo": true, "tatort": "Stockholm", "stadsdel": "Tre Källor", "distrikt": "Botkyrka", "plats": "Tre Källor, Botkyrka" }, "geometry": { "type": "Point", "coordinates": [ 17.827347852425483, 59.241599389612418 ] } },
{ "type": "Feature", "properties": { "index": 312, "handelsekod": "5000-K452280-25", "kommunnamn": "Botkyrka", "datum": "2025-04-27", "region": null, "polisomrade": null, "deso": "0127C1030", "regso": "Kassmyra-Skäcklinge", "antal": "1", "regsokod": "0127R008", "ts": 1745712000000, "uid": "9fb2e395c5", "month": "04", "year": "2025", "link": "https://www.svt.se/nyheter/lokalt/stockholm/barn-till-sjukhus-efter-brand-i-tumba", "source": "polis", "geo": true, "tatort": "Tumba", "stadsdel": "Skäcklinge", "distrikt": "Tumba", "plats": "Skäcklinge, Tumba, Botkyrka" }, "geometry": { "type": "Point", "coordinates": [ 17.833467735725502, 59.185248358963584 ] } },
{ "type": "Feature", "properties": { "index": 313, "handelsekod": "5000-K457239-25", "kommunnamn": "Täby", "datum": "2025-04-28", "region": "Stockholm", "polisomrade": "Stockholm Nord", "deso": "0160C1160", "regso": "Östra Hägernäs", "antal": "1", "regsokod": "0160R027", "ts": 1745798400000, "uid": "923e24eb9c", "month": "04", "year": "2025", "link": "https://www.svt.se/nyheter/lokalt/stockholm/larm-om-small-i-taby", "source": "polis", "geo": true, "tatort": "Stockholm", "stadsdel": null, "distrikt": "Täby", "plats": "Täby, Stockholm" }, "geometry": { "type": "Point", "coordinates": [ 18.124937558854175, 59.442278409117492 ] } },
{ "type": "Feature", "properties": { "index": 314, "handelsekod": "5000-K467636-25", "kommunnamn": "Hässleholm", "datum": "2025-04-29", "region": "Syd", "polisomrade": "Blekinge Nordöstra Skåne", "deso": "1293B7010", "regso": "Hästveda", "antal": "1", "regsokod": "1293R022", "ts": 1745884800000, "uid": "da78c52233", "month": "04", "year": "2025", "link": null, "source": "polis", "geo": true, "tatort": "Hästveda", "stadsdel": null, "distrikt": "Hästveda", "plats": "Hästveda, Hässleholm" }, "geometry": { "type": "Point", "coordinates": [ 13.93066879340371, 56.281900329639612 ] } },
{ "type": "Feature", "properties": { "index": 315, "handelsekod": "5000-K466246-25", "kommunnamn": "Stockholm", "datum": "2025-04-30", "region": "Stockholm", "polisomrade": "Stockholm Nord", "deso": "0180C5600", "regso": "Råcksta", "antal": "1", "regsokod": "0180R077", "ts": 1745971200000, "uid": "143efe12a7", "month": "04", "year": "2025", "link": "https://www.svt.se/nyheter/lokalt/stockholm/explosion-vid-bostad-i-vallingby-personer-inrymda", "source": "polis", "geo": true, "tatort": "Stockholm", "stadsdel": "Vällingby ", "distrikt": "Vällingby", "plats": "Vällingby, Stockholm" }, "geometry": { "type": "Point", "coordinates": [ 17.878587205867589, 59.363810895913936 ] } },
{ "type": "Feature", "properties": { "index": 316, "handelsekod": "5000-K467896-25", "kommunnamn": "Göteborg", "datum": "2025-05-01", "region": "Väst", "polisomrade": "Storgöteborg", "deso": "1480C1621", "regso": "Krokslätt södra", "antal": "1", "regsokod": "1480R072", "ts": 1746057600000, "uid": "c56ab23929", "month": "05", "year": "2025", "link": "https://www.svt.se/nyheter/lokalt/vast/explosion-i-centrala-goteborg-7fft2d", "source": "polis", "geo": true, "tatort": "Göteborg", "stadsdel": "Krokslätt", "distrikt": "Johanneberg", "plats": "Krokslätt, Göteborg" }, "geometry": { "type": "Point", "coordinates": [ 11.989054747962728, 57.679789213816697 ] } },
{ "type": "Feature", "properties": { "index": 317, "handelsekod": "5000-K471228-25", "kommunnamn": "Uddevalla", "datum": "2025-05-01", "region": "Väst", "polisomrade": "Fyrbodal", "deso": "1485C1230", "regso": "Helenedal-Södra Dalaberg-Bleket", "antal": "1", "regsokod": "1485R004", "ts": 1746057600000, "uid": "bdabae5526", "month": "05", "year": "2025", "link": null, "source": "polis", "geo": true, "tatort": "Uddevalla", "stadsdel": "Helenedal", "distrikt": "Bäve", "plats": "Helenedal, Uddevalla" }, "geometry": { "type": "Point", "coordinates": [ 11.943048213643458, 58.376708662935371 ] } },
{ "type": "Feature", "properties": { "index": 318, "handelsekod": "5000-K471273-25", "kommunnamn": "Solna", "datum": "2025-05-02", "region": "Stockholm", "polisomrade": "Stockholm Nord", "deso": "0184C1180", "regso": "Norra Hagastaden", "antal": "1", "regsokod": "0184R011", "ts": 1746144000000, "uid": "b86c090114", "month": "05", "year": "2025", "link": "https://www.svt.se/nyheter/lokalt/stockholm/en-handgranat-har-exploderat-i-solna", "source": "polis", "geo": true, "tatort": "Stockholm", "stadsdel": "Haga", "distrikt": "Solna", "plats": "Haga, Solna" }, "geometry": { "type": "Point", "coordinates": [ 18.019160309011408, 59.361500870918412 ] } },
{ "type": "Feature", "properties": { "index": 78, "handelsekod": "5000-K479459-25", "kommunnamn": null, "datum": "2025-05-04", "region": "Syd", "polisomrade": "Kalmar Kronoberg", "deso": null, "regso": null, "antal": "1", "regsokod": null, "ts": 1746316800000, "uid": "8047f8481d", "month": "05", "year": "2025", "link": null, "source": "polis", "geo": false, "tatort": null, "stadsdel": null, "distrikt": null, "plats": "Ljungby, Kalmar Kronoberg" }, "geometry": null },
{ "type": "Feature", "properties": { "index": 8, "handelsekod": "svt_6ebd46af6e", "kommunnamn": "Linköping", "datum": "2025-05-08", "region": null, "polisomrade": null, "deso": "0580C1400", "regso": "Ryd", "antal": "1", "regsokod": "0580R017", "ts": 1746662400000, "uid": "a88ea85633", "month": "05", "year": "2025", "link": "https://www.svt.se/nyheter/lokalt/ost/explosion-i-ryd-skador-i-flerfamiljshus", "source": "svt", "geo": true, "tatort": "Linköping", "stadsdel": "Ryd", "distrikt": "Ryd", "plats": "Ryd, Linköping" }, "geometry": { "type": "Point", "coordinates": [ 15.558145936625005, 58.410350668375074 ] } },
{ "type": "Feature", "properties": { "index": 319, "handelsekod": "5000-K526037-25", "kommunnamn": "Järfälla", "datum": "2025-05-14", "region": "Stockholm", "polisomrade": "Stockholm Nord", "deso": "0123C1050", "regso": "Skälby västra", "antal": "1", "regsokod": "0123R019", "ts": 1747180800000, "uid": "5815f3aba9", "month": "05", "year": "2025", "link": "https://www.svt.se/nyheter/lokalt/stockholm/explosion-norr-om-stockholm", "source": "polis", "geo": true, "tatort": "Stockholm", "stadsdel": "Barkarby", "distrikt": "Barkarby", "plats": "Barkarby, Järfälla" }, "geometry": { "type": "Point", "coordinates": [ 17.840155532659875, 59.39763903126579 ] } },
{ "type": "Feature", "properties": { "index": 81, "handelsekod": "5000-K540076-25", "kommunnamn": null, "datum": "2025-05-17", "region": "Stockholm", "polisomrade": "Stockholm Syd", "deso": null, "regso": null, "antal": "1", "regsokod": null, "ts": 1747440000000, "uid": "66a1555321", "month": "05", "year": "2025", "link": null, "source": "polis", "geo": false, "tatort": null, "stadsdel": null, "distrikt": null, "plats": "Nacka, Stockholm Syd" }, "geometry": null },
{ "type": "Feature", "properties": { "index": 320, "handelsekod": "5000-K538540-25", "kommunnamn": "Hässleholm", "datum": "2025-05-17", "region": "Syd", "polisomrade": "Blekinge Nordöstra Skåne", "deso": "1293C1070", "regso": "Hässleholm-Sjörröd-Finja", "antal": "1", "regsokod": "1293R019", "ts": 1747440000000, "uid": "7dfe2608ae", "month": "05", "year": "2025", "link": null, "source": "polis", "geo": true, "tatort": "Sjörröd", "stadsdel": "Hassellunden", "distrikt": "Hässleholm", "plats": "Hassellunden, Sjörröd, Hässleholm" }, "geometry": { "type": "Point", "coordinates": [ 13.742635403137797, 56.145058480069444 ] } },
{ "type": "Feature", "properties": { "index": 321, "handelsekod": "5000-K538062-25", "kommunnamn": "Norrköping", "datum": "2025-05-17", "region": null, "polisomrade": null, "deso": "0581C1070", "regso": "Sydvästra Hageby", "antal": "1", "regsokod": "0581R031", "ts": 1747440000000, "uid": "5f87201739", "month": "05", "year": "2025", "link": "https://www.svt.se/nyheter/lokalt/ost/larm-om-hoga-smallar-i-norrkoping", "source": "polis", "geo": true, "tatort": "Norrköping", "stadsdel": "Hageby", "distrikt": "Norrköpings Sankt Johannes", "plats": "Hageby, Norrköping" }, "geometry": { "type": "Point", "coordinates": [ 16.209973551515827, 58.564190762935425 ] } },
{ "type": "Feature", "properties": { "index": 322, "handelsekod": "5000-K551225-25", "kommunnamn": "Göteborg", "datum": "2025-05-20", "region": "Väst", "polisomrade": "Storgöteborg", "deso": "1480C3310", "regso": "Backa centrala", "antal": "1", "regsokod": "1480R005", "ts": 1747699200000, "uid": "0761862e2a", "month": "05", "year": "2025", "link": "https://www.svt.se/nyheter/lokalt/vast/explosion-vid-flerfamiljshus-i-goteborg-c2jz8e", "source": "polis", "geo": true, "tatort": "Göteborg", "stadsdel": "Backa", "distrikt": "Backa", "plats": "Backa, Göteborg" }, "geometry": { "type": "Point", "coordinates": [ 11.983547326388205, 57.747927109532291 ] } },
{ "type": "Feature", "properties": { "index": 9, "handelsekod": "svt_c4dd5783a9", "kommunnamn": "Örebro", "datum": "2025-05-21", "region": null, "polisomrade": null, "deso": "1880C1300", "regso": "Rosta-Örnsro", "antal": "1", "regsokod": "1880R024", "ts": 1747785600000, "uid": "10e1d1cfde", "month": "05", "year": "2025", "link": "https://www.svt.se/nyheter/lokalt/orebro/explosion-i-orebro-en-skadad", "source": "svt", "geo": true, "tatort": "Örebro", "stadsdel": "Rosta", "distrikt": "Längbro", "plats": "Örebro" }, "geometry": { "type": "Point", "coordinates": [ 15.185474411282959, 59.272593438475198 ] } },
{ "type": "Feature", "properties": { "index": 323, "handelsekod": "5000-K558320-25", "kommunnamn": "Göteborg", "datum": "2025-05-22", "region": "Väst", "polisomrade": "Storgöteborg", "deso": "1480C3780", "regso": "Kärra centrum", "antal": "1", "regsokod": "1480R083", "ts": 1747872000000, "uid": "56329aef22", "month": "05", "year": "2025", "link": "https://www.svt.se/nyheter/lokalt/vast/explosion-vid-flerfamiljshus-i-goteborg-c2jz8e", "source": "polis", "geo": true, "tatort": "Göteborg", "stadsdel": "Kärra", "distrikt": "Säve", "plats": "Kärra, Göteborg" }, "geometry": { "type": "Point", "coordinates": [ 11.991496152615186, 57.784116375493994 ] } },
{ "type": "Feature", "properties": { "index": 324, "handelsekod": "5000-K560452-25", "kommunnamn": "Norrköping", "datum": "2025-05-22", "region": "Öst", "polisomrade": "Östergötland", "deso": "0581C1050", "regso": "Smedby-Brånnestad", "antal": "1", "regsokod": "0581R028", "ts": 1747872000000, "uid": "cf5a07653b", "month": "05", "year": "2025", "link": "https://www.svt.se/nyheter/lokalt/ost/polisinsats-efter-larm-om-small-i-norrkoping", "source": "polis", "geo": true, "tatort": "Norrköping", "stadsdel": "Smedby", "distrikt": "Styrstad", "plats": "Smedby, Norrköping" }, "geometry": { "type": "Point", "coordinates": [ 16.224480747768553, 58.568965410795236 ] } },
{ "type": "Feature", "properties": { "index": 325, "handelsekod": "5000-K571154-25", "kommunnamn": "Göteborg", "datum": "2025-05-25", "region": "Väst", "polisomrade": "Storgöteborg", "deso": "1480C3060", "regso": "Gamlestaden västra", "antal": "1", "regsokod": "1480R033", "ts": 1748131200000, "uid": "4f1e3968a4", "month": "05", "year": "2025", "link": "https://www.svt.se/nyheter/lokalt/vast/explosion-i-gamlestaden-i-goteborg", "source": "polis", "geo": true, "tatort": "Göteborg", "stadsdel": "Gamlestaden", "distrikt": "Nylöse", "plats": "Gamlestaden, Göteborg" }, "geometry": { "type": "Point", "coordinates": [ 12.012424428208636, 57.729024293663912 ] } },
{ "type": "Feature", "properties": { "index": 326, "handelsekod": "5000-K568803-25", "kommunnamn": "Södertälje", "datum": "2025-05-25", "region": "Stockholm", "polisomrade": "Stockholm Syd", "deso": "0181C1050", "regso": "Hovsjö", "antal": "1", "regsokod": "0181R012", "ts": 1748131200000, "uid": "8056906314", "month": "05", "year": "2025", "link": "https://www.svt.se/nyheter/lokalt/sodertalje/explosion-i-sodertalje-46mv7w", "source": "polis", "geo": true, "tatort": "Södertälje", "stadsdel": "Hovsjö", "distrikt": "Tveta", "plats": "Hovsjö, Södertälje" }, "geometry": { "type": "Point", "coordinates": [ 17.606502598184914, 59.17480796468881 ] } },
{ "type": "Feature", "properties": { "index": 327, "handelsekod": "5000-K576402-25", "kommunnamn": "Malmö", "datum": "2025-05-27", "region": "Syd", "polisomrade": "Malmö", "deso": "1280C1273", "regso": "RegSO-Hyllievång syd", "antal": "1", "regsokod": "1280R033", "ts": 1748304000000, "uid": "3f9af198cb", "month": "05", "year": "2025", "link": "https://www.svt.se/nyheter/lokalt/skane/explosion-vid-flerfamiljshus-i-malmo-lzyfps", "source": "polis", "geo": true, "tatort": "Malmö", "stadsdel": "Hyllievång", "distrikt": "Hyllie", "plats": "Hyllievång, Malmö" }, "geometry": { "type": "Point", "coordinates": [ 12.982395523692306, 55.55943173453997 ] } },
{ "type": "Feature", "properties": { "index": 328, "handelsekod": "5000-K581469-25", "kommunnamn": "Västerås", "datum": "2025-05-28", "region": "Mitt", "polisomrade": "Västmanland", "deso": "1980C1630", "regso": "Södra Gryta", "antal": "1", "regsokod": "1980R029", "ts": 1748390400000, "uid": "292ac3e720", "month": "05", "year": "2025", "link": "https://www.svt.se/nyheter/lokalt/vastmanland/explosion-i-vasteras", "source": "polis", "geo": true, "tatort": "Västerås", "stadsdel": "Önsta-Gryta", "distrikt": "Önsta", "plats": "Önsta-Gryta, Västerås" }, "geometry": { "type": "Point", "coordinates": [ 16.540925601654486, 59.641220035148535 ] } },
{ "type": "Feature", "properties": { "index": 329, "handelsekod": "5000-K586006-25", "kommunnamn": "Örebro", "datum": "2025-05-29", "region": "Bergslagen", "polisomrade": "Örebro Län", "deso": "1880C1650", "regso": "Lundby", "antal": "1", "regsokod": "1880R018", "ts": 1748476800000, "uid": "3c06dd1fa5", "month": "05", "year": "2025", "link": null, "source": "polis", "geo": true, "tatort": "Örebro", "stadsdel": "Lundby", "distrikt": "Örebro Mikael", "plats": "Lundby, Örebro" }, "geometry": { "type": "Point", "coordinates": [ 15.181825646072948, 59.313247504108126 ] } },
{ "type": "Feature", "properties": { "index": 330, "handelsekod": "5000-K587879-25", "kommunnamn": "Örebro", "datum": "2025-05-29", "region": "Bergslagen", "polisomrade": "Örebro Län", "deso": "1880C1530", "regso": "Varberga-Oxhagen", "antal": "1", "regsokod": "1880R028", "ts": 1748476800000, "uid": "2aaf79e80c", "month": "05", "year": "2025", "link": null, "source": "polis", "geo": true, "tatort": "Örebro", "stadsdel": "Varberga", "distrikt": "Längbro", "plats": "Varberga, Örebro" }, "geometry": { "type": "Point", "coordinates": [ 15.177122090020562, 59.282703605303567 ] } },
{ "type": "Feature", "properties": { "index": 331, "handelsekod": "5000-K596109-25", "kommunnamn": "Stockholm", "datum": "2025-06-01", "region": "Stockholm", "polisomrade": "Stockholm Nord", "deso": "0180C6340", "regso": "Akalla", "antal": "1", "regsokod": "0180R002", "ts": 1748736000000, "uid": "04b61ca971", "month": "06", "year": "2025", "link": "https://www.svt.se/nyheter/lokalt/stockholm/explosion-vid-flerfamiljshus-i-akalla", "source": "polis", "geo": true, "tatort": "Upplands Väsby och Sollentuna", "stadsdel": "Akalla ", "distrikt": "Kista", "plats": "Akalla, Upplands Väsby och Sollentuna, Stockholm" }, "geometry": { "type": "Point", "coordinates": [ 17.918613524155067, 59.413453234655542 ] } },
{ "type": "Feature", "properties": { "index": 10, "handelsekod": "svt_d41bb3aef6", "kommunnamn": "Lidköping", "datum": "2025-06-03", "region": null, "polisomrade": null, "deso": "1494C1060", "regso": "Gamla Staden", "antal": "1", "regsokod": "1494R001", "ts": 1748908800000, "uid": "dc71cf3c5b", "month": "06", "year": "2025", "link": "https://www.svt.se/nyheter/lokalt/vast/explosion-vid-lagenhet-i-lidkoping", "source": "svt", "geo": true, "tatort": "Lidköping", "stadsdel": null, "distrikt": "Lidköping", "plats": "Centrala Lidköping" }, "geometry": { "type": "Point", "coordinates": [ 13.168605206282388, 58.498253733046447 ] } },
{ "type": "Feature", "properties": { "index": 332, "handelsekod": "5000-K609873-25", "kommunnamn": "Jönköping", "datum": "2025-06-04", "region": "Öst", "polisomrade": "Jönköping", "deso": "0680C1220", "regso": "Ekhagen", "antal": "1", "regsokod": "0680R007", "ts": 1748995200000, "uid": "2f8a46702d", "month": "06", "year": "2025", "link": "https://www.svt.se/nyheter/lokalt/jonkoping/kim-boende-pa-ekhagen-det-var-en-javla-small", "source": "polis", "geo": true, "tatort": "Jönköping", "stadsdel": "Jönköping", "distrikt": "Jönköpings Kristina", "plats": "Jönköping" }, "geometry": { "type": "Point", "coordinates": [ 14.22373778554714, 57.774178128478141 ] } },
{ "type": "Feature", "properties": { "index": 333, "handelsekod": "5000-K615115-25", "kommunnamn": "Eslöv", "datum": "2025-06-05", "region": "Syd", "polisomrade": "Södra Skåne", "deso": "1285C1050", "regso": "Berga-Öster", "antal": "1", "regsokod": "1285R002", "ts": 1749081600000, "uid": "fffd6a3d04", "month": "06", "year": "2025", "link": null, "source": "polis", "geo": true, "tatort": "Eslöv", "stadsdel": "Berga", "distrikt": "Eslöv", "plats": "Berga, Eslöv" }, "geometry": { "type": "Point", "coordinates": [ 13.32130473228705, 55.840812683047211 ] } },
{ "type": "Feature", "properties": { "index": 334, "handelsekod": "5000-K627641-25", "kommunnamn": "Mölndal", "datum": "2025-06-09", "region": "Väst", "polisomrade": "Storgöteborg", "deso": "1481C1130", "regso": "Kållered centrum", "antal": "1", "regsokod": "1481R010", "ts": 1749427200000, "uid": "ffb35adba8", "month": "06", "year": "2025", "link": "https://www.svt.se/nyheter/lokalt/vast/explosion-vid-flerfamiljshus-i-kallered", "source": "polis", "geo": true, "tatort": "Göteborg", "stadsdel": null, "distrikt": "Kållered", "plats": "Mölndal, Göteborg" }, "geometry": { "type": "Point", "coordinates": [ 12.04999696622942, 57.609717766387341 ] } },
{ "type": "Feature", "properties": { "index": 335, "handelsekod": "5000-K668103-25", "kommunnamn": "Danderyd", "datum": "2025-06-17", "region": "Stockholm", "polisomrade": "Stockholm Nord", "deso": "0162C1170", "regso": "Danderyd västra", "antal": "1", "regsokod": "0162R003", "ts": 1750118400000, "uid": "cb1c182a9c", "month": "06", "year": "2025", "link": "https://www.svt.se/nyheter/lokalt/stockholm/small-i-trapphus-i-danderyd", "source": "polis", "geo": true, "tatort": "Stockholm", "stadsdel": "Sätra äng", "distrikt": "Danderyd", "plats": "Sätra äng, Danderyd" }, "geometry": { "type": "Point", "coordinates": [ 18.003429949020688, 59.417440661963603 ] } },
{ "type": "Feature", "properties": { "index": 336, "handelsekod": "5000-K674014-25", "kommunnamn": "Nässjö", "datum": "2025-06-18", "region": "Öst", "polisomrade": "Jönköping", "deso": "0682C1040", "regso": "Ingsberg-Nyhem-Hultet", "antal": "1", "regsokod": "0682R004", "ts": 1750204800000, "uid": "7e1cb17593", "month": "06", "year": "2025", "link": "https://www.svt.se/nyheter/lokalt/jonkoping/explosion-vid-villa-i-nassjo", "source": "polis", "geo": true, "tatort": "Nässjö", "stadsdel": null, "distrikt": "Nässjö", "plats": "Nässjö" }, "geometry": { "type": "Point", "coordinates": [ 14.712919699456258, 57.659914375193033 ] } },
{ "type": "Feature", "properties": { "index": 337, "handelsekod": "5000-K678960-25", "kommunnamn": "Södertälje", "datum": "2025-06-20", "region": "Stockholm", "polisomrade": "Stockholm Syd", "deso": "0181C1380", "regso": "Ragnhildsborg-Ritorp-Viksberg", "antal": "1", "regsokod": "0181R020", "ts": 1750377600000, "uid": "06444fa308", "month": "06", "year": "2025", "link": "https://www.svt.se/nyheter/lokalt/sodertalje/explosion-i-sodertalje-fk9ow6", "source": "polis", "geo": true, "tatort": "Södertälje", "stadsdel": "Ragnhildsborg", "distrikt": "Östertälje", "plats": "Ragnhildsborg, Södertälje" }, "geometry": { "type": "Point", "coordinates": [ 17.628068839949044, 59.218503915492718 ] } },
{ "type": "Feature", "properties": { "index": 338, "handelsekod": "5000-K690408-25", "kommunnamn": "Skövde", "datum": "2025-06-23", "region": "Väst", "polisomrade": "Skaraborg", "deso": "1496C1080", "regso": "Skövde centrumkärna", "antal": "1", "regsokod": "1496R015", "ts": 1750636800000, "uid": "93a8b49e4c", "month": "06", "year": "2025", "link": "https://www.svt.se/nyheter/lokalt/vast/larm-om-explosion-vid-lagenhetshus-i-skovde", "source": "polis", "geo": true, "tatort": "Skövde", "stadsdel": null, "distrikt": "Skövde", "plats": "Skövde" }, "geometry": { "type": "Point", "coordinates": [ 13.852531629049931, 58.389558055400407 ] } },
{ "type": "Feature", "properties": { "index": 339, "handelsekod": "5000-K685946-25", "kommunnamn": "Malmö", "datum": "2025-06-23", "region": "Syd", "polisomrade": "Malmö", "deso": "1280C2560", "regso": "RegSO-Värnhem-Västra Sorgenfri", "antal": "1", "regsokod": "1280R077", "ts": 1750636800000, "uid": "8df22643d2", "month": "06", "year": "2025", "link": "https://www.svt.se/nyheter/lokalt/skane/explosion-i-centrala-malmo-m8zub6", "source": "polis", "geo": true, "tatort": "Malmö", "stadsdel": "Västra Sorgenfri", "distrikt": "Malmö Sankt Pauli", "plats": "Västra Sorgenfri, Malmö" }, "geometry": { "type": "Point", "coordinates": [ 13.019106859180443, 55.600708534531421 ] } },
{ "type": "Feature", "properties": { "index": 340, "handelsekod": "5000-K695810-25", "kommunnamn": "Karlstad", "datum": "2025-06-24", "region": "Bergslagen", "polisomrade": "Värmland", "deso": "1780C1380", "regso": "Färjestad-Järpetan-Rud sydvästra", "antal": "1", "regsokod": "1780R004", "ts": 1750723200000, "uid": "a32a69bcc2", "month": "06", "year": "2025", "link": null, "source": "polis", "geo": true, "tatort": "Karlstad", "stadsdel": "Färjestad", "distrikt": "Norrstrand", "plats": "Färjestad, Karlstad" }, "geometry": { "type": "Point", "coordinates": [ 13.50759937552734, 59.400425811464032 ] } },
{ "type": "Feature", "properties": { "index": 341, "handelsekod": "5000-K699965-25", "kommunnamn": "Malmö", "datum": "2025-06-25", "region": "Syd", "polisomrade": "Malmö", "deso": "1280C2083", "regso": "RegSO-Limhamns hamnområde", "antal": "1", "regsokod": "1280R044", "ts": 1750809600000, "uid": "25cad11129", "month": "06", "year": "2025", "link": "https://www.svt.se/nyheter/lokalt/skane/larm-om-hog-small-i-bostadsomrade-i-malmo-polis-pa-plats", "source": "polis", "geo": true, "tatort": "Malmö", "stadsdel": "Limhamns Hamnområde", "distrikt": "Limhamn", "plats": "Limhamns Hamnområde, Malmö" }, "geometry": { "type": "Point", "coordinates": [ 12.927997939922243, 55.587819295614388 ] } },
{ "type": "Feature", "properties": { "index": 342, "handelsekod": "5000-K699644-25", "kommunnamn": "Malmö", "datum": "2025-06-25", "region": "Syd", "polisomrade": "Malmö", "deso": "1280C1341", "regso": "RegSO-Elinelund-Djupadal", "antal": "1", "regsokod": "1280R015", "ts": 1750809600000, "uid": "a5d825414f", "month": "06", "year": "2025", "link": "https://www.svt.se/nyheter/lokalt/skane/larm-om-hog-small-i-bostadsomrade-i-malmo-polis-pa-plats", "source": "polis", "geo": true, "tatort": "Malmö", "stadsdel": "Kalkbrottet", "distrikt": "Limhamn", "plats": "Kalkbrottet, Malmö" }, "geometry": { "type": "Point", "coordinates": [ 12.943821118576009, 55.566623660159188 ] } },
{ "type": "Feature", "properties": { "index": 343, "handelsekod": "5000-K713076-25", "kommunnamn": "Falkenberg", "datum": "2025-06-29", "region": "Väst", "polisomrade": "Halland", "deso": "1382C1080", "regso": "Västra gärdet", "antal": "1", "regsokod": "1382R014", "ts": 1751155200000, "uid": "c1ebc1de4c", "month": "06", "year": "2025", "link": "https://www.svt.se/nyheter/lokalt/halland/explosion-i-bil-i-falkenberg-polis-utreder-allmanfarlig-odelagelse", "source": "polis", "geo": true, "tatort": "Falkenberg", "stadsdel": null, "distrikt": "Falkenberg", "plats": "Falkenberg" }, "geometry": { "type": "Point", "coordinates": [ 12.46915595534958, 56.90712053929839 ] } },
{ "type": "Feature", "properties": { "index": 344, "handelsekod": "5000-K725266-25", "kommunnamn": "Höör", "datum": "2025-07-01", "region": "Syd", "polisomrade": "Södra Skåne", "deso": "1267C1060", "regso": "Stanstorp-Sätofta-Sjunnerup", "antal": "1", "regsokod": "1267R003", "ts": 1751328000000, "uid": "83fe7032c1", "month": "07", "year": "2025", "link": "https://www.svt.se/nyheter/lokalt/skane/explosion-i-hoor-i-skane", "source": "polis", "geo": true, "tatort": "Höör", "stadsdel": null, "distrikt": "Höör", "plats": "Höör" }, "geometry": { "type": "Point", "coordinates": [ 13.543816620974352, 55.913386200176689 ] } },
{ "type": "Feature", "properties": { "index": 345, "handelsekod": "5000-K734548-25", "kommunnamn": "Mölndal", "datum": "2025-07-04", "region": "Väst", "polisomrade": "Storgöteborg", "deso": "1481C1130", "regso": "Kållered centrum", "antal": "1", "regsokod": "1481R010", "ts": 1751587200000, "uid": "f336c541a9", "month": "07", "year": "2025", "link": "https://www.svt.se/nyheter/lokalt/vast/explosion-vid-port-i-molndal", "source": "polis", "geo": true, "tatort": "Göteborg", "stadsdel": null, "distrikt": "Kållered", "plats": "Mölndal, Göteborg" }, "geometry": { "type": "Point", "coordinates": [ 12.049699479960301, 57.609540058362043 ] } },
{ "type": "Feature", "properties": { "index": 346, "handelsekod": "5000-K734632-25", "kommunnamn": "Hallstahammar", "datum": "2025-07-04", "region": "Mitt", "polisomrade": "Västmanland", "deso": "1961C1030", "regso": "Surbrunnsvägen-Tuna", "antal": "1", "regsokod": "1961R008", "ts": 1751587200000, "uid": "2c6230fcaf", "month": "07", "year": "2025", "link": "https://www.svt.se/nyheter/lokalt/vastmanland/explosion-vid-port-i-hallstahammar", "source": "polis", "geo": true, "tatort": "Hallstahammar", "stadsdel": null, "distrikt": "Hallstahammar", "plats": "Hallstahammar" }, "geometry": { "type": "Point", "coordinates": [ 16.237370530884942, 59.612049829226095 ] } },
{ "type": "Feature", "properties": { "index": 347, "handelsekod": "5000-K738987-25", "kommunnamn": "Göteborg", "datum": "2025-07-05", "region": "Väst", "polisomrade": "Storgöteborg", "deso": "1480C3710", "regso": "Hammarkullen yttre", "antal": "1", "regsokod": "1480R045", "ts": 1751673600000, "uid": "4c4a2a14b0", "month": "07", "year": "2025", "link": "https://www.svt.se/nyheter/lokalt/vast/en-till-sjukhus-efter-explosion-i-goteborg", "source": "polis", "geo": true, "tatort": "Nordöstra Göteborg", "stadsdel": "Hammarkullen", "distrikt": "Angered", "plats": "Hammarkullen, Nordöstra Göteborg, Göteborg" }, "geometry": { "type": "Point", "coordinates": [ 12.036042129883544, 57.776463646475982 ] } },
{ "type": "Feature", "properties": { "index": 348, "handelsekod": "5000-K772052-25", "kommunnamn": "Strängnäs", "datum": "2025-07-13", "region": "Öst", "polisomrade": "Södermanland", "deso": "0486C1070", "regso": "Strängnäs centrala", "antal": "1", "regsokod": "0486R005", "ts": 1752364800000, "uid": "766e164405", "month": "07", "year": "2025", "link": "https://www.svt.se/nyheter/lokalt/vast/en-till-sjukhus-efter-explosion-i-goteborg", "source": "polis", "geo": true, "tatort": "Strängnäs", "stadsdel": "Centrala Strängnäs ", "distrikt": "Strängnäs domkyrkodistrikt", "plats": "Centrala Strängnäs, Strängnäs" }, "geometry": { "type": "Point", "coordinates": [ 17.031291273357681, 59.376316913904354 ] } },
{ "type": "Feature", "properties": { "index": 349, "handelsekod": "5000-K784599-25", "kommunnamn": "Malmö", "datum": "2025-07-16", "region": "Syd", "polisomrade": "Malmö", "deso": "1280C1960", "regso": "RegSO-Annelund-Lönngården", "antal": "1", "regsokod": "1280R003", "ts": 1752624000000, "uid": "c095d62723", "month": "07", "year": "2025", "link": "https://www.svt.se/nyheter/lokalt/skane/kalla-handgranat-har-exploderat-i-rosengard", "source": "polis", "geo": true, "tatort": "Malmö", "stadsdel": "Sofielunds Industriomr.", "distrikt": "Sofielund", "plats": "Sofielunds Industriomr., Malmö" }, "geometry": { "type": "Point", "coordinates": [ 13.029628692300516, 55.586570241761741 ] } },
{ "type": "Feature", "properties": { "index": 350, "handelsekod": "5000-K789058-25", "kommunnamn": "Malmö", "datum": "2025-07-18", "region": "Syd", "polisomrade": "Malmö", "deso": "1280C1200", "regso": "RegSO-Bunkeflostrand öst", "antal": "1", "regsokod": "1280R011", "ts": 1752796800000, "uid": "076d403ada", "month": "07", "year": "2025", "link": "https://www.svt.se/nyheter/lokalt/skane/larm-om-explosion-vid-villa-i-malmo", "source": "polis", "geo": true, "tatort": "Bunkeflostrand", "stadsdel": "Bunkeflostrand", "distrikt": "Bunkeflo", "plats": "Bunkeflostrand, Malmö" }, "geometry": { "type": "Point", "coordinates": [ 12.934912122785327, 55.558327729309404 ] } },
{ "type": "Feature", "properties": { "index": 351, "handelsekod": "5000-K788962-25", "kommunnamn": "Malmö", "datum": "2025-07-18", "region": "Syd", "polisomrade": "Malmö", "deso": "1280C1990", "regso": "RegSO-Virentofta-Östra Skrävlinge-Toftanäs", "antal": "1", "regsokod": "1280R076", "ts": 1752796800000, "uid": "9670cec7f9", "month": "07", "year": "2025", "link": "https://www.svt.se/nyheter/lokalt/skane/larm-om-explosion-vid-villa-i-malmo", "source": "polis", "geo": true, "tatort": "Malmö", "stadsdel": "Virentofta", "distrikt": "Husie", "plats": "Virentofta, Malmö" }, "geometry": { "type": "Point", "coordinates": [ 13.074106547157097, 55.585772959661092 ] } },
{ "type": "Feature", "properties": { "index": 352, "handelsekod": "5000-K792820-25", "kommunnamn": "Södertälje", "datum": "2025-07-19", "region": "Stockholm", "polisomrade": "Stockholm Syd", "deso": "0181C1120", "regso": "Geneta södra-Vasa", "antal": "1", "regsokod": "0181R008", "ts": 1752883200000, "uid": "cbbdb5765b", "month": "07", "year": "2025", "link": "https://www.svt.se/nyheter/lokalt/sodertalje/explosion-vid-bil-i-sodertalje", "source": "polis", "geo": true, "tatort": "Södertälje", "stadsdel": "Geneta", "distrikt": "Västertälje", "plats": "Geneta, Södertälje" }, "geometry": { "type": "Point", "coordinates": [ 17.577438129883461, 59.187777690334592 ] } },
{ "type": "Feature", "properties": { "index": 353, "handelsekod": "5000-K797883-25", "kommunnamn": "Malmö", "datum": "2025-07-21", "region": "Syd", "polisomrade": "Malmö", "deso": "1280C1442", "regso": "RegSO-Annetorp-Kalkbrottet", "antal": "1", "regsokod": "1280R004", "ts": 1753056000000, "uid": "dbe7cfeae0", "month": "07", "year": "2025", "link": "https://www.svt.se/nyheter/lokalt/skane/skador-i-lagenhet-efter-explosion-i-malmo", "source": "polis", "geo": true, "tatort": "Malmö", "stadsdel": "Kalkbrottet", "distrikt": "Limhamn", "plats": "Kalkbrottet, Malmö" }, "geometry": { "type": "Point", "coordinates": [ 12.933929684429987, 55.571783708866064 ] } },
{ "type": "Feature", "properties": { "index": 354, "handelsekod": "5000-K807494-25", "kommunnamn": "Södertälje", "datum": "2025-07-23", "region": "Stockholm", "polisomrade": "Stockholm Syd", "deso": "0181C1281", "regso": "Telge-Snäckviken-Torekälla", "antal": "1", "regsokod": "0181R026", "ts": 1753228800000, "uid": "c3fc8ffed1", "month": "07", "year": "2025", "link": "https://www.svt.se/nyheter/lokalt/sodertalje/larm-om-explosion-i-sodertalje-t7ggf2", "source": "polis", "geo": true, "tatort": "Södertälje", "stadsdel": "Tälje", "distrikt": "Södertälje", "plats": "Tälje, Södertälje" }, "geometry": { "type": "Point", "coordinates": [ 17.62016384386569, 59.201554603757998 ] } },
{ "type": "Feature", "properties": { "index": 355, "handelsekod": "5000-K839636-25", "kommunnamn": "Malmö", "datum": "2025-07-31", "region": "Syd", "polisomrade": "Malmö", "deso": "1280C1520", "regso": "RegSO-Holma", "antal": "1", "regsokod": "1280R030", "ts": 1753920000000, "uid": "8974fff7d1", "month": "07", "year": "2025", "link": "https://www.svt.se/nyheter/lokalt/skane/kraftig-explosion-i-bostadshus-i-malmo", "source": "polis", "geo": true, "tatort": "Malmö", "stadsdel": "Holma", "distrikt": "Kulladal", "plats": "Holma, Malmö" }, "geometry": { "type": "Point", "coordinates": [ 12.986050740318243, 55.574791919898409 ] } },
{ "type": "Feature", "properties": { "index": 356, "handelsekod": "5000-K844461-25", "kommunnamn": "Överkalix", "datum": "2025-07-31", "region": "Nord", "polisomrade": "Norrbotten", "deso": "2513C1010", "regso": "Överkalix tätort", "antal": "1", "regsokod": "2513R002", "ts": 1753920000000, "uid": "70dc033c04", "month": "07", "year": "2025", "link": null, "source": "polis", "geo": true, "tatort": "Överkalix", "stadsdel": null, "distrikt": "Överkalix", "plats": "Överkalix" }, "geometry": { "type": "Point", "coordinates": [ 22.84543620832509, 66.322256315452108 ] } },
{ "type": "Feature", "properties": { "index": 357, "handelsekod": "5000-K849612-25", "kommunnamn": "Vansbro", "datum": "2025-08-02", "region": "Bergslagen", "polisomrade": "Dalarna", "deso": "2021C1010", "regso": "Vansbro", "antal": "1", "regsokod": "2021R002", "ts": 1754092800000, "uid": "8e4984a2b4", "month": "08", "year": "2025", "link": null, "source": "polis", "geo": true, "tatort": "Vansbro", "stadsdel": null, "distrikt": "Järna", "plats": "Vansbro" }, "geometry": { "type": "Point", "coordinates": [ 14.221492392618725, 60.508982263519691 ] } },
{ "type": "Feature", "properties": { "index": 358, "handelsekod": "5000-K853591-25", "kommunnamn": "Göteborg", "datum": "2025-08-03", "region": "Väst", "polisomrade": "Storgöteborg", "deso": "1480C1350", "regso": "Frölunda torg östra", "antal": "1", "regsokod": "1480R031", "ts": 1754179200000, "uid": "0e794b31f9", "month": "08", "year": "2025", "link": null, "source": "polis", "geo": true, "tatort": "Göteborg", "stadsdel": "Frölunda Torg", "distrikt": "Västra Frölunda", "plats": "Frölunda Torg, Göteborg" }, "geometry": { "type": "Point", "coordinates": [ 11.914435344293434, 57.655942606579266 ] } },
{ "type": "Feature", "properties": { "index": 359, "handelsekod": "5000-K868739-25", "kommunnamn": "Kristianstad", "datum": "2025-08-07", "region": "Syd", "polisomrade": "Blekinge Nordöstra Skåne", "deso": "1290C1070", "regso": "Söder", "antal": "1", "regsokod": "1290R013", "ts": 1754524800000, "uid": "707f8836be", "month": "08", "year": "2025", "link": null, "source": "polis", "geo": true, "tatort": "Kristianstad", "stadsdel": "Söder", "distrikt": "Kristianstads Heliga Trefaldighet", "plats": "Söder, Kristianstad" }, "geometry": { "type": "Point", "coordinates": [ 14.159746098699948, 56.023768848770409 ] } },
{ "type": "Feature", "properties": { "index": 360, "handelsekod": "5000-K888931-25", "kommunnamn": "Huddinge", "datum": "2025-08-12", "region": "Stockholm", "polisomrade": "Stockholm Syd", "deso": "0126C1510", "regso": "Vårby gård", "antal": "1", "regsokod": "0126R020", "ts": 1754956800000, "uid": "89fa004d37", "month": "08", "year": "2025", "link": null, "source": "polis", "geo": true, "tatort": "Stockholm", "stadsdel": "Vårby gård", "distrikt": "Huddinge Sankt Mikael", "plats": "Vårby gård, Huddinge" }, "geometry": { "type": "Point", "coordinates": [ 17.885018942341265, 59.267629011850481 ] } },
{ "type": "Feature", "properties": { "index": 361, "handelsekod": "5000-K894969-25", "kommunnamn": "Bjuv", "datum": "2025-08-13", "region": "Syd", "polisomrade": "Nordvästra Skåne", "deso": "1260B2010", "regso": "Ekeby västra", "antal": "1", "regsokod": "1260R007", "ts": 1755043200000, "uid": "bbfbb1eac4", "month": "08", "year": "2025", "link": "https://www.svt.se/nyheter/lokalt/helsingborg/detonation-i-bjuv-nationella-bombskyddet-pa-vag", "source": "polis", "geo": true, "tatort": "Ekeby", "stadsdel": null, "distrikt": "Ekeby", "plats": "Ekeby, Bjuv" }, "geometry": { "type": "Point", "coordinates": [ 12.963143943794456, 56.000183705203163 ] } },
{ "type": "Feature", "properties": { "index": 362, "handelsekod": "5000-K897813-25", "kommunnamn": "Kungsbacka", "datum": "2025-08-13", "region": "Väst", "polisomrade": "Halland", "deso": "1384B3010", "regso": "Fjärås", "antal": "1", "regsokod": "1384R003", "ts": 1755043200000, "uid": "502d0f1290", "month": "08", "year": "2025", "link": null, "source": "polis", "geo": true, "tatort": "Fjärås station", "stadsdel": null, "distrikt": "Fjärås", "plats": "Fjärås station, Kungsbacka" }, "geometry": { "type": "Point", "coordinates": [ 12.160128872011381, 57.429615729778774 ] } },
{ "type": "Feature", "properties": { "index": 363, "handelsekod": "5000-K898670-25", "kommunnamn": "Södertälje", "datum": "2025-08-14", "region": "Stockholm", "polisomrade": "Stockholm Syd", "deso": "0181C1302", "regso": "Glasberga", "antal": "1", "regsokod": "0181R009", "ts": 1755129600000, "uid": "59b3055721", "month": "08", "year": "2025", "link": "https://www.svt.se/nyheter/lokalt/sodertalje/explosion-i-sodertalje-elazfv", "source": "polis", "geo": true, "tatort": "Södertälje", "stadsdel": "Glasberga", "distrikt": "Östertälje", "plats": "Glasberga, Södertälje" }, "geometry": { "type": "Point", "coordinates": [ 17.689587239280705, 59.190690452731744 ] } },
{ "type": "Feature", "properties": { "index": 364, "handelsekod": "5000-K924360-25", "kommunnamn": "Täby", "datum": "2025-08-19", "region": "Stockholm", "polisomrade": "Stockholm Nord", "deso": "0160C1060", "regso": "Lahäll", "antal": "1", "regsokod": "0160R010", "ts": 1755561600000, "uid": "fa7ce5e75b", "month": "08", "year": "2025", "link": null, "source": "polis", "geo": true, "tatort": "Stockholm", "stadsdel": null, "distrikt": "Täby", "plats": "Täby, Stockholm" }, "geometry": { "type": "Point", "coordinates": [ 18.089050235333637, 59.433032915537929 ] } },
{ "type": "Feature", "properties": { "index": 365, "handelsekod": "5000-K919466-25", "kommunnamn": "Norrköping", "datum": "2025-08-19", "region": "Öst", "polisomrade": "Östergötland", "deso": "0581C1060", "regso": "Sydöstra Vilbergen-Björkalund", "antal": "1", "regsokod": "0581R034", "ts": 1755561600000, "uid": "26d282f5e0", "month": "08", "year": "2025", "link": "https://www.svt.se/nyheter/lokalt/ost/explosion-i-norrkoping-jhf00l", "source": "polis", "geo": true, "tatort": "Norrköping", "stadsdel": "Vilbergen", "distrikt": "Vrinnevi", "plats": "Vilbergen, Norrköping" }, "geometry": { "type": "Point", "coordinates": [ 16.167754889554018, 58.567341922118224 ] } },
{ "type": "Feature", "properties": { "index": 366, "handelsekod": "5000-K935304-25", "kommunnamn": "Malmö", "datum": "2025-08-21", "region": "Syd", "polisomrade": "Malmö", "deso": "1280C1970", "regso": "RegSO-Södervärn-Allmänna sjukhuset-Flensburg", "antal": "1", "regsokod": "1280R071", "ts": 1755734400000, "uid": "630614010b", "month": "08", "year": "2025", "link": "https://www.svt.se/nyheter/lokalt/skane/explosion-i-centrala-malmo-ptvpjl", "source": "polis", "geo": true, "tatort": "Malmö", "stadsdel": "Södervärn", "distrikt": "Möllevången", "plats": "Södervärn, Malmö" }, "geometry": { "type": "Point", "coordinates": [ 13.008909419778728, 55.587896113601438 ] } },
{ "type": "Feature", "properties": { "index": 367, "handelsekod": "5000-K939843-25", "kommunnamn": "Stockholm", "datum": "2025-08-22", "region": null, "polisomrade": null, "deso": "0180C2340", "regso": "Östberga", "antal": "1", "regsokod": "0180R122", "ts": 1755820800000, "uid": "29844b465b", "month": "08", "year": "2025", "link": "https://www.svt.se/nyheter/lokalt/stockholm/larm-om-kraftig-small-i-ostberga", "source": "polis", "geo": true, "tatort": "Stockholm", "stadsdel": "Östberga ", "distrikt": "Brännkyrka", "plats": "Östberga, Stockholm" }, "geometry": { "type": "Point", "coordinates": [ 18.028896313465733, 59.29008064876318 ] } },
{ "type": "Feature", "properties": { "index": 368, "handelsekod": "5000-K940338-25", "kommunnamn": "Södertälje", "datum": "2025-08-23", "region": "Stockholm", "polisomrade": "Stockholm Syd", "deso": "0181C1281", "regso": "Telge-Snäckviken-Torekälla", "antal": "1", "regsokod": "0181R026", "ts": 1755907200000, "uid": "3e364a4426", "month": "08", "year": "2025", "link": "https://www.svt.se/nyheter/lokalt/sodertalje/explosion-i-sodertalje-dlq1op", "source": "polis", "geo": true, "tatort": "Södertälje", "stadsdel": "Tälje", "distrikt": "Södertälje", "plats": "Tälje, Södertälje" }, "geometry": { "type": "Point", "coordinates": [ 17.621865443850758, 59.200632963976481 ] } },
{ "type": "Feature", "properties": { "index": 369, "handelsekod": "5000-K945481-25", "kommunnamn": "Örebro", "datum": "2025-08-25", "region": "Bergslagen", "polisomrade": "Örebro Län", "deso": "1880C1620", "regso": "Mellringe-Björkhaga", "antal": "1", "regsokod": "1880R021", "ts": 1756080000000, "uid": "3d29da1015", "month": "08", "year": "2025", "link": null, "source": "polis", "geo": true, "tatort": "Örebro", "stadsdel": "Mellringe", "distrikt": "Längbro", "plats": "Mellringe, Örebro" }, "geometry": { "type": "Point", "coordinates": [ 15.164640291216601, 59.293414953233587 ] } },
{ "type": "Feature", "properties": { "index": 370, "handelsekod": "5000-K945542-25", "kommunnamn": "Östra Göinge", "datum": "2025-08-25", "region": "Syd", "polisomrade": "Blekinge Nordöstra Skåne", "deso": "1256B3010", "regso": "Glimåkra", "antal": "1", "regsokod": "1256R003", "ts": 1756080000000, "uid": "b9f643ca5b", "month": "08", "year": "2025", "link": null, "source": "polis", "geo": true, "tatort": "Glimåkra", "stadsdel": null, "distrikt": "Glimåkra", "plats": "Glimåkra, Östra Göinge" }, "geometry": { "type": "Point", "coordinates": [ 14.13952574377765, 56.306446068901401 ] } },
{ "type": "Feature", "properties": { "index": 371, "handelsekod": "5000-K960960-25", "kommunnamn": "Södertälje", "datum": "2025-08-27", "region": "Stockholm", "polisomrade": "Stockholm Syd", "deso": "0181C1370", "regso": "Lina-Vattubrinken-Dammkärr", "antal": "1", "regsokod": "0181R016", "ts": 1756252800000, "uid": "cc027a6e18", "month": "08", "year": "2025", "link": "https://www.svt.se/nyheter/lokalt/sodertalje/explosion-i-villaomrade-i-sodertalje", "source": "polis", "geo": true, "tatort": "Södertälje", "stadsdel": "Lina", "distrikt": "Västertälje", "plats": "Lina, Södertälje" }, "geometry": { "type": "Point", "coordinates": [ 17.603142802107808, 59.21076979434536 ] } },
{ "type": "Feature", "properties": { "index": 11, "handelsekod": "svt_a032102d7d", "kommunnamn": "Malmö", "datum": "2025-09-01", "region": null, "polisomrade": null, "deso": "1280C2920", "regso": "RegSO-Hamnen-Stortorget", "antal": "1", "regsokod": "1280R025", "ts": 1756684800000, "uid": "25144ee8cc", "month": "09", "year": "2025", "link": "https://www.svt.se/nyheter/lokalt/skane/detonation-i-centrala-malmo-hlh2xx", "source": "svt", "geo": true, "tatort": "Malmö", "stadsdel": "Gamla Staden", "distrikt": "Malmö Sankt Petri", "plats": "Gamla Väster, Malmö" }, "geometry": { "type": "Point", "coordinates": [ 12.996021514743534, 55.603853654517287 ] } },
{ "type": "Feature", "properties": { "index": 372, "handelsekod": "5000-K977647-25", "kommunnamn": "Stockholm", "datum": "2025-09-01", "region": "Stockholm", "polisomrade": "Stockholm City", "deso": "0180C3300", "regso": "Södra Hammarbyhamnen", "antal": "1", "regsokod": "0180R094", "ts": 1756684800000, "uid": "0161f76af8", "month": "09", "year": "2025", "link": "https://www.svt.se/nyheter/lokalt/stockholm/explosion-vid-flerfamiljshus-i-stockholm-aecr8i", "source": "polis", "geo": true, "tatort": "Stockholm", "stadsdel": "Södra Hammarbyhamnen ", "distrikt": "Stockholms Sofia", "plats": "Södra Hammarbyhamnen, Stockholm" }, "geometry": { "type": "Point", "coordinates": [ 18.103672383000127, 59.310649031034053 ] } },
{ "type": "Feature", "properties": { "index": 373, "handelsekod": "5000-K984802-25", "kommunnamn": "Burlöv", "datum": "2025-09-02", "region": "Syd", "polisomrade": "Södra Skåne", "deso": "1231C1060", "regso": "Tågarp", "antal": "1", "regsokod": "1231R006", "ts": 1756771200000, "uid": "fb0fd54674", "month": "09", "year": "2025", "link": "https://www.svt.se/nyheter/lokalt/skane/larm-om-explosion-i-burlov", "source": "polis", "geo": true, "tatort": "Malmö", "stadsdel": null, "distrikt": "Burlöv", "plats": "Burlöv, Malmö" }, "geometry": { "type": "Point", "coordinates": [ 13.06090430347172, 55.638492931500352 ] } },
{ "type": "Feature", "properties": { "index": 374, "handelsekod": "5000-K987995-25", "kommunnamn": "Malmö", "datum": "2025-09-03", "region": "Syd", "polisomrade": "Malmö", "deso": "1280C2460", "regso": "RegSO-Rönneholm", "antal": "1", "regsokod": "1280R060", "ts": 1756857600000, "uid": "feca59831a", "month": "09", "year": "2025", "link": "https://www.svt.se/nyheter/lokalt/skane/explosion-i-malmo-30l1vg", "source": "polis", "geo": true, "tatort": "Malmö", "stadsdel": "Rönneholm", "distrikt": "Slottsstaden", "plats": "Rönneholm, Malmö" }, "geometry": { "type": "Point", "coordinates": [ 12.982792209662819, 55.598080069503865 ] } },
{ "type": "Feature", "properties": { "index": 375, "handelsekod": "5000-K993212-25", "kommunnamn": "Linköping", "datum": "2025-09-03", "region": "Öst", "polisomrade": "Östergötland", "deso": "0580C1610", "regso": "Skäggetorp-Tornby", "antal": "1", "regsokod": "0580R018", "ts": 1756857600000, "uid": "eda67b60a8", "month": "09", "year": "2025", "link": "https://www.svt.se/nyheter/lokalt/ost/explosion-vid-port-i-linkoping", "source": "polis", "geo": true, "tatort": "Linköping", "stadsdel": "Skäggetorp", "distrikt": "Skäggetorp", "plats": "Skäggetorp, Linköping" }, "geometry": { "type": "Point", "coordinates": [ 15.575859798730113, 58.423999787094516 ] } },
{ "type": "Feature", "properties": { "index": 376, "handelsekod": "5000-K993352-25", "kommunnamn": "Norrköping", "datum": "2025-09-04", "region": "Öst", "polisomrade": "Östergötland", "deso": "0581C1010", "regso": "Eksund-Öbonäs", "antal": "1", "regsokod": "0581R004", "ts": 1756944000000, "uid": "d67bfff886", "month": "09", "year": "2025", "link": "https://www.svt.se/nyheter/lokalt/ost/explosion-vid-villa-i-norrkoping", "source": "polis", "geo": true, "tatort": "Norrköping", "stadsdel": "Björkalund", "distrikt": "Vrinnevi", "plats": "Björkalund, Norrköping" }, "geometry": { "type": "Point", "coordinates": [ 16.177922198257917, 58.553846369503638 ] } },
{ "type": "Feature", "properties": { "index": 377, "handelsekod": "5000-K1002690-25", "kommunnamn": "Södertälje", "datum": "2025-09-05", "region": "Stockholm", "polisomrade": "Stockholm Syd", "deso": "0181C1390", "regso": "Ragnhildsborg-Ritorp-Viksberg", "antal": "1", "regsokod": "0181R020", "ts": 1757030400000, "uid": "74f99f2ab0", "month": "09", "year": "2025", "link": "https://www.svt.se/nyheter/lokalt/sodertalje/kalla-explosion-i-sodertalje", "source": "polis", "geo": true, "tatort": "Södertälje", "stadsdel": "Brunnsäng", "distrikt": "Östertälje", "plats": "Brunnsäng, Södertälje" }, "geometry": { "type": "Point", "coordinates": [ 17.645666148307956, 59.220051979210325 ] } },
{ "type": "Feature", "properties": { "index": 378, "handelsekod": "5000-K1002945-25", "kommunnamn": "Järfälla", "datum": "2025-09-06", "region": "Stockholm", "polisomrade": "Stockholm Nord", "deso": "0123C1092", "regso": "Barkarby östra-Veddesta", "antal": "1", "regsokod": "0123R002", "ts": 1757116800000, "uid": "d2d5c00f21", "month": "09", "year": "2025", "link": "https://www.svt.se/nyheter/lokalt/stockholm/explosion-vid-flerfamiljshus-i-jarfalla", "source": "polis", "geo": true, "tatort": "Stockholm", "stadsdel": "Barkarby", "distrikt": "Barkarby", "plats": "Barkarby, Järfälla" }, "geometry": { "type": "Point", "coordinates": [ 17.863676211761483, 59.40804534744845 ] } },
{ "type": "Feature", "properties": { "index": 379, "handelsekod": "5000-K1005656-25", "kommunnamn": "Ale", "datum": "2025-09-06", "region": "Väst", "polisomrade": "Storgöteborg", "deso": "1440C1030", "regso": "Centrala Nödinge", "antal": "1", "regsokod": "1440R004", "ts": 1757116800000, "uid": "121f24642c", "month": "09", "year": "2025", "link": "https://www.svt.se/nyheter/lokalt/vast/explosionslarm-i-nodinge-boende-inrymda", "source": "polis", "geo": true, "tatort": "Nödinge-Nol", "stadsdel": null, "distrikt": "Nödinge", "plats": "Nödinge-Nol, Ale" }, "geometry": { "type": "Point", "coordinates": [ 12.048890737560093, 57.895474377812533 ] } },
{ "type": "Feature", "properties": { "index": 380, "handelsekod": "5000-K1019368-25", "kommunnamn": "Katrineholm", "datum": "2025-09-09", "region": "Öst", "polisomrade": "Södermanland", "deso": "0483C1050", "regso": "Nyhem-Nävertorp", "antal": "1", "regsokod": "0483R007", "ts": 1757376000000, "uid": "b3c1d91572", "month": "09", "year": "2025", "link": null, "source": "polis", "geo": true, "tatort": "Katrineholm", "stadsdel": null, "distrikt": "Nävertorp", "plats": "Katrineholm" }, "geometry": { "type": "Point", "coordinates": [ 16.186069670697869, 58.988329358205064 ] } },
{ "type": "Feature", "properties": { "index": 381, "handelsekod": "5000-K1024191-25", "kommunnamn": "Linköping", "datum": "2025-09-11", "region": "Öst", "polisomrade": "Östergötland", "deso": "0580C1602", "regso": "Vasastaden-Hunneberg", "antal": "1", "regsokod": "0580R026", "ts": 1757548800000, "uid": "1242d24918", "month": "09", "year": "2025", "link": "https://www.svt.se/nyheter/lokalt/ost/explosion-vid-lagenhetshus-i-linkoping", "source": "polis", "geo": true, "tatort": "Linköping", "stadsdel": "Vasastaden", "distrikt": "Linköpings domkyrkodistrikt", "plats": "Vasastaden, Linköping" }, "geometry": { "type": "Point", "coordinates": [ 15.603277761851919, 58.417761648430414 ] } },
{ "type": "Feature", "properties": { "index": 382, "handelsekod": "5000-K1024215-25", "kommunnamn": "Södertälje", "datum": "2025-09-11", "region": "Stockholm", "polisomrade": "Stockholm Syd", "deso": "0181C1302", "regso": "Glasberga", "antal": "1", "regsokod": "0181R009", "ts": 1757548800000, "uid": "d92ff706e5", "month": "09", "year": "2025", "link": null, "source": "polis", "geo": true, "tatort": "Södertälje", "stadsdel": "Glasberga", "distrikt": "Östertälje", "plats": "Glasberga, Södertälje" }, "geometry": { "type": "Point", "coordinates": [ 17.688869273002314, 59.190148617283995 ] } },
{ "type": "Feature", "properties": { "index": 383, "handelsekod": "5000-K1033707-25", "kommunnamn": "Stockholm", "datum": "2025-09-13", "region": "Stockholm", "polisomrade": "Stockholm City", "deso": "0180C3240", "regso": "Södra Sofia", "antal": "1", "regsokod": "0180R097", "ts": 1757721600000, "uid": "15ee02f9ae", "month": "09", "year": "2025", "link": null, "source": "polis", "geo": true, "tatort": "Stockholm", "stadsdel": "Södermalm ", "distrikt": "Stockholms Sofia", "plats": "Södermalm, Stockholm" }, "geometry": { "type": "Point", "coordinates": [ 18.098349094545682, 59.309844818358606 ] } },
{ "type": "Feature", "properties": { "index": 384, "handelsekod": "5000-K1067637-25", "kommunnamn": "Stockholm", "datum": "2025-09-20", "region": "Stockholm", "polisomrade": "Stockholm Nord", "deso": "0180C5960", "regso": "Solhem-Lunda", "antal": "1", "regsokod": "0180R083", "ts": 1758326400000, "uid": "82b9405725", "month": "09", "year": "2025", "link": null, "source": "polis", "geo": true, "tatort": "Stockholm", "stadsdel": "Solhem ", "distrikt": "Spånga", "plats": "Solhem, Stockholm" }, "geometry": { "type": "Point", "coordinates": [ 17.900614626369556, 59.378723878112112 ] } },
{ "type": "Feature", "properties": { "index": 385, "handelsekod": "5000-K1080696-25", "kommunnamn": "Malmö", "datum": "2025-09-23", "region": "Syd", "polisomrade": "Malmö", "deso": "1280C2280", "regso": "RegSO-Emilstorp-Östra kyrkogården-Apelgården", "antal": "1", "regsokod": "1280R016", "ts": 1758585600000, "uid": "bb647ce677", "month": "09", "year": "2025", "link": "https://www.svt.se/nyheter/lokalt/skane/explosion-vid-flerfamiljshus-i-rosengard", "source": "polis", "geo": true, "tatort": "Malmö", "stadsdel": "Apelgården", "distrikt": "Västra Skrävlinge", "plats": "Apelgården, Malmö" }, "geometry": { "type": "Point", "coordinates": [ 13.043758638211388, 55.588686764989305 ] } },
{ "type": "Feature", "properties": { "index": 386, "handelsekod": "5000-K1085578-25", "kommunnamn": "Malmö", "datum": "2025-09-25", "region": "Syd", "polisomrade": "Malmö", "deso": "1280C2310", "regso": "RegSO-Östra Sorgenfri norr", "antal": "1", "regsokod": "1280R090", "ts": 1758758400000, "uid": "b60fd7718b", "month": "09", "year": "2025", "link": "https://www.svt.se/nyheter/lokalt/skane/explosion-vid-port-i-malmo-nnei2o", "source": "polis", "geo": true, "tatort": "Malmö", "stadsdel": "Östra Sorgenfri", "distrikt": "Sofielund", "plats": "Östra Sorgenfri, Malmö" }, "geometry": { "type": "Point", "coordinates": [ 13.026016485612235, 55.592778338930337 ] } },
{ "type": "Feature", "properties": { "index": 387, "handelsekod": "5000-K1090650-25", "kommunnamn": "Göteborg", "datum": "2025-09-26", "region": "Väst", "polisomrade": "Storgöteborg", "deso": "1480C2320", "regso": "Olivedal Järntorget", "antal": "1", "regsokod": "1480R109", "ts": 1758844800000, "uid": "3fa56515c5", "month": "09", "year": "2025", "link": "https://www.svt.se/nyheter/lokalt/vast/explosion-i-centrala-goteborg-h4mc27", "source": "polis", "geo": true, "tatort": "Göteborg", "stadsdel": "Olivedal", "distrikt": "Göteborgs Oscar Fredrik", "plats": "Olivedal, Göteborg" }, "geometry": { "type": "Point", "coordinates": [ 11.950261893507053, 57.697485453611286 ] } },
{ "type": "Feature", "properties": { "index": 388, "handelsekod": "5000-K1095058-25", "kommunnamn": "Malmö", "datum": "2025-09-26", "region": "Syd", "polisomrade": "Malmö", "deso": "1280C1890", "regso": "RegSO-Persborg-Törnrosen", "antal": "1", "regsokod": "1280R056", "ts": 1758844800000, "uid": "05b93145cb", "month": "09", "year": "2025", "link": "https://www.svt.se/nyheter/lokalt/skane/hog-explosion-i-malmo", "source": "polis", "geo": true, "tatort": "Malmö", "stadsdel": "Törnrosen", "distrikt": "Västra Skrävlinge", "plats": "Törnrosen, Malmö" }, "geometry": { "type": "Point", "coordinates": [ 13.031212684569796, 55.586606126948631 ] } },
{ "type": "Feature", "properties": { "index": 389, "handelsekod": "5000-K1101588-25", "kommunnamn": "Enköping", "datum": "2025-09-28", "region": "Mitt", "polisomrade": "Uppsala", "deso": "0381C1060", "regso": "Enköping centrum-Sankt Ilian", "antal": "1", "regsokod": "0381R003", "ts": 1759017600000, "uid": "da88379fee", "month": "09", "year": "2025", "link": null, "source": "polis", "geo": true, "tatort": "Enköping", "stadsdel": null, "distrikt": "Enköping", "plats": "Enköping" }, "geometry": { "type": "Point", "coordinates": [ 17.069151569454689, 59.637196935694682 ] } },
{ "type": "Feature", "properties": { "index": 390, "handelsekod": "5000-K1112527-25", "kommunnamn": "Bjuv", "datum": "2025-10-01", "region": "Syd", "polisomrade": "Nordvästra Skåne", "deso": "1260B2010", "regso": "Ekeby västra", "antal": "1", "regsokod": "1260R007", "ts": 1759276800000, "uid": "2405d96e6e", "month": "10", "year": "2025", "link": "https://www.svt.se/nyheter/lokalt/helsingborg/explosion-i-ekeby-nationella-bombskyddet-pa-plats", "source": "polis", "geo": true, "tatort": "Ekeby", "stadsdel": null, "distrikt": "Ekeby", "plats": "Ekeby, Bjuv" }, "geometry": { "type": "Point", "coordinates": [ 12.963380516940434, 56.000334737600006 ] } },
{ "type": "Feature", "properties": { "index": 12, "handelsekod": "svt_98460a1e43", "kommunnamn": "Västerås", "datum": "2025-10-03", "region": null, "polisomrade": null, "deso": "1980C1200", "regso": "Västra Råby", "antal": "1", "regsokod": "1980R042", "ts": 1759449600000, "uid": "1085ecb2a4", "month": "10", "year": "2025", "link": "https://www.svt.se/nyheter/lokalt/vastmanland/larm-om-explosion-i-vasteras-cql3sd", "source": "svt", "geo": true, "tatort": "Västerås", "stadsdel": "Råby", "distrikt": "Lundby", "plats": "Råby, Västerås" }, "geometry": { "type": "Point", "coordinates": [ 16.492648482338698, 59.605358454776038 ] } },
{ "type": "Feature", "properties": { "index": 14, "handelsekod": "svt_39623e7c3d", "kommunnamn": "Malmö", "datum": "2025-10-08", "region": null, "polisomrade": null, "deso": "1280C1350", "regso": "RegSO-Gullviksborg-Hermodsdal syd", "antal": "1", "regsokod": "1280R024", "ts": 1759881600000, "uid": "39eaaabaa4", "month": "10", "year": "2025", "link": "https://www.svt.se/nyheter/lokalt/skane/larm-om-hog-small-i-malmo-if20ii", "source": "svt", "geo": true, "tatort": "Malmö", "stadsdel": "Gullviksborg", "distrikt": "Fosie", "plats": "Gullviksborg, Malmö" }, "geometry": { "type": "Point", "coordinates": [ 13.022239814006786, 55.566098627569026 ] } },
{ "type": "Feature", "properties": { "index": 13, "handelsekod": "svt_62c32f33a8", "kommunnamn": "Landskrona", "datum": "2025-10-11", "region": null, "polisomrade": null, "deso": "1282C1060", "regso": "Landskrona centrum-Öster", "antal": "1", "regsokod": "1282R010", "ts": 1760140800000, "uid": "ae39610438", "month": "10", "year": "2025", "link": "https://www.svt.se/nyheter/lokalt/helsingborg/explosion-vid-port-i-landskrona-2q5z19", "source": "svt", "geo": true, "tatort": "Landskrona", "stadsdel": "Öster", "distrikt": "Landskrona", "plats": "Centrala Landskrona" }, "geometry": { "type": "Point", "coordinates": [ 12.842941082244167, 55.87225312204 ] } },
{ "type": "Feature", "properties": { "index": 15, "handelsekod": "svt_b15deed70b", "kommunnamn": "Södertälje", "datum": "2025-11-01", "region": null, "polisomrade": null, "deso": "0181C1370", "regso": "Lina-Vattubrinken-Dammkärr", "antal": "1", "regsokod": "0181R016", "ts": 1761955200000, "uid": "4702ae870f", "month": "11", "year": "2025", "link": "https://www.svt.se/nyheter/lokalt/sodertalje/explosion-vid-bostad-i-sodertalje-83q1qf", "source": "svt", "geo": true, "tatort": "Södertälje", "stadsdel": "Lina", "distrikt": "Västertälje", "plats": "Lina Hage, Södertälje" }, "geometry": { "type": "Point", "coordinates": [ 17.585995458305028, 59.215138694052591 ] } },
{ "type": "Feature", "properties": { "index": 16, "handelsekod": "svt_d0a4c4c641", "kommunnamn": "Luleå", "datum": "2025-11-10", "region": null, "polisomrade": null, "deso": "2580C1160", "regso": "Hertsön", "antal": "1", "regsokod": "2580R009", "ts": 1762732800000, "uid": "c7f7b3d445", "month": "11", "year": "2025", "link": "https://www.svt.se/nyheter/lokalt/norrbotten/explosion-vid-bil-pa-hertson", "source": "svt", "geo": true, "tatort": "Luleå", "stadsdel": "Hertsön", "distrikt": "Örnäset", "plats": "Hertsön, Luleå" }, "geometry": { "type": "Point", "coordinates": [ 22.243567686209975, 65.589829351568412 ] } },
{ "type": "Feature", "properties": { "index": 17, "handelsekod": "svt_f363fcd9a7", "kommunnamn": "Upplands Väsby", "datum": "2025-11-10", "region": null, "polisomrade": null, "deso": "0114C1050", "regso": "Bollstanäs", "antal": "1", "regsokod": "0114R001", "ts": 1762732800000, "uid": "bb509e0a99", "month": "11", "year": "2025", "link": "https://www.svt.se/nyheter/inrikes/explosion-i-upplands-vasby", "source": "svt", "geo": true, "tatort": "Upplands Väsby och Sollentuna", "stadsdel": null, "distrikt": "Fresta", "plats": "Upplands Väsby, Stockholm" }, "geometry": { "type": "Point", "coordinates": [ 17.951139777607999, 59.507401078083639 ] } },
{ "type": "Feature", "properties": { "index": 18, "handelsekod": "svt_3eb9579843", "kommunnamn": "Borås", "datum": "2025-11-17", "region": null, "polisomrade": null, "deso": "1490C1100", "regso": "Borås centrum sydöst", "antal": "1", "regsokod": "1490R003", "ts": 1763337600000, "uid": "2e00c9eaed", "month": "11", "year": "2025", "link": "https://www.svt.se/nyheter/lokalt/vast/explosion-i-boras", "source": "svt", "geo": true, "tatort": "Borås", "stadsdel": "Trandared", "distrikt": "Borås Gustav Adolf", "plats": "Trandared, Borås" }, "geometry": { "type": "Point", "coordinates": [ 12.955767706207423, 57.709589423262152 ] } },
{ "type": "Feature", "properties": { "index": 23, "handelsekod": "svt_23178fa65c", "kommunnamn": "Värnamo", "datum": "2025-11-18", "region": null, "polisomrade": null, "deso": "0683C1020", "regso": "Centrum-Apladalen", "antal": "1", "regsokod": "0683R003", "ts": 1763424000000, "uid": "9a605f977f", "month": "11", "year": "2025", "link": "https://www.svt.se/nyheter/lokalt/jonkoping/explosion-i-flerfamiljshus-i-varnamo", "source": "svt", "geo": true, "tatort": "Värnamo", "stadsdel": null, "distrikt": "Värnamo", "plats": "Värnamo" }, "geometry": { "type": "Point", "coordinates": [ 14.06489529906586, 57.178410381015134 ] } },
{ "type": "Feature", "properties": { "index": 22, "handelsekod": "svt_42f07fca93", "kommunnamn": "Malmö", "datum": "2025-11-21", "region": null, "polisomrade": null, "deso": "1280C1960", "regso": "RegSO-Annelund-Lönngården", "antal": "1", "regsokod": "1280R003", "ts": 1763683200000, "uid": "1fe1e1be5d", "month": "11", "year": "2025", "link": "https://www.svt.se/nyheter/lokalt/skane/explosion-vid-port-i-malmo-6alc2z", "source": "svt", "geo": true, "tatort": "Malmö", "stadsdel": "Annelund", "distrikt": "Sofielund", "plats": "Annelund, Malmö" }, "geometry": { "type": "Point", "coordinates": [ 13.027814146920536, 55.589850320724864 ] } },
{ "type": "Feature", "properties": { "index": 21, "handelsekod": "svt_6e0e620b0d", "kommunnamn": "Jönköping", "datum": "2025-11-22", "region": null, "polisomrade": null, "deso": "0680C1270", "regso": "Liljeholmen-Västra Rosenlund", "antal": "1", "regsokod": "0680R019", "ts": 1763769600000, "uid": "a1f3f99a88", "month": "11", "year": "2025", "link": "https://www.svt.se/nyheter/lokalt/jonkoping/explosion-vid-port-i-jonkoping", "source": "svt", "geo": true, "tatort": "Jönköping", "stadsdel": "Jönköping", "distrikt": "Jönköpings Kristina", "plats": "Liljeholmen, Jönköping" }, "geometry": { "type": "Point", "coordinates": [ 14.197868322010731, 57.780850861455015 ] } },
{ "type": "Feature", "properties": { "index": 19, "handelsekod": "svt_f9cc9f490a", "kommunnamn": "Norrköping", "datum": "2025-11-23", "region": null, "polisomrade": null, "deso": "0581C1260", "regso": "Norra Ljura", "antal": "1", "regsokod": "0581R021", "ts": 1763856000000, "uid": "f674e77688", "month": "11", "year": "2025", "link": "https://www.svt.se/nyheter/lokalt/ost/explosion-i-trapphus-i-norrkoping", "source": "svt", "geo": true, "tatort": "Norrköping", "stadsdel": "Ljura", "distrikt": "Norrköpings Sankt Johannes", "plats": "Ljura, Norrköping" }, "geometry": { "type": "Point", "coordinates": [ 16.207152192078645, 58.580607509325482 ] } },
{ "type": "Feature", "properties": { "index": 20, "handelsekod": "svt_33d50dfecd", "kommunnamn": "Norrköping", "datum": "2025-11-23", "region": null, "polisomrade": null, "deso": "0581C1520", "regso": "Eneby centrum-Vidablick-Sandbyhov", "antal": "1", "regsokod": "0581R005", "ts": 1763856000000, "uid": "b7df1de45a", "month": "11", "year": "2025", "link": "https://www.svt.se/nyheter/lokalt/ost/ny-explosion-i-norrkoping", "source": "svt", "geo": true, "tatort": "Norrköping", "stadsdel": "Haga", "distrikt": "Östra Eneby", "plats": "Sandbyhov, Norrköping" }, "geometry": { "type": "Point", "coordinates": [ 16.163074776279526, 58.60558626985781 ] } },
{ "type": "Feature", "properties": { "index": 24, "handelsekod": "svt_f5e211e4f1", "kommunnamn": "Örebro", "datum": "2025-11-27", "region": null, "polisomrade": null, "deso": "1880C1620", "regso": "Mellringe-Björkhaga", "antal": "1", "regsokod": "1880R021", "ts": 1764201600000, "uid": "8ca3349fbd", "month": "11", "year": "2025", "link": "https://www.svt.se/nyheter/lokalt/orebro/explosion-vid-villa-i-orebro", "source": "svt", "geo": true, "tatort": "Örebro", "stadsdel": "Mellringe", "distrikt": "Längbro", "plats": "Mellringe, Örebro" }, "geometry": { "type": "Point", "coordinates": [ 15.156509596408188, 59.294141937780367 ] } }
]
}